Tanggal,Tahun,Bulan,IdBahan,Jumlah_SPK,Total_Jumlah_Item,Total_Permintaan,Total_Aktual
1/1/2021,2021,1,B002,1,138,133,147
1/1/2021,2021,1,B009,1,1,88,74
1/1/2021,2021,1,B010,8,307,19.22,20.27
1/1/2021,2021,1,B011,2,6,0.94,0.84
1/1/2021,2021,1,B012,5,661,146.02,153.72
1/1/2021,2021,1,B013,3,628,85.35,76.97
1/1/2021,2021,1,B014,2,6,0.92,0.98
1/1/2021,2021,1,B015,2,32,10.23,9.08
1/1/2021,2021,1,B016,7,665,60.38,64.31
1/1/2021,2021,1,B017,1,35,4.17,4.88
1/1/2021,2021,1,B018,1,35,44.9,52.13
1/1/2021,2021,1,B019,3,18,18,15
1/1/2021,2021,1,B020,3,18,19,21
1/1/2021,2021,1,B021,1,81,321,377
1/1/2021,2021,1,B023,15,846,1303.68,1379.65
1/1/2021,2021,1,B029,1,138,134,117
1/1/2021,2021,1,B031,1,52,34.26,36.51
1/1/2021,2021,1,B032,1,96,20.61,22.82
1/1/2021,2021,1,B036,1,1,0.05,0.05
1/1/2021,2021,1,B040,1,152,39.47,43.49
1/1/2021,2021,1,B043,2,63,10.28,8.54
1/1/2021,2021,1,B049,2,279,70.99,74.94
1/1/2021,2021,1,B052,8,307,25.98,30.34
1/1/2021,2021,1,B053,2,6,2.71,2.36
1/1/2021,2021,1,B055,1,5,0.79,0.9
1/1/2021,2021,1,B057,7,40,6.42,6.03
1/1/2021,2021,1,B062,3,155,34.58,29.7
1/1/2021,2021,1,B063,1,14,2.67,2.94
1/1/2021,2021,1,B065,1,213,40.31,47.53
1/1/2021,2021,1,B066,1,15,0.79,0.91
1/1/2021,2021,1,B069,9,308,303,340
1/1/2021,2021,1,B071,15,888,214.31,183.81
1/1/2021,2021,1,B072,1,1,2,3
1/1/2021,2021,1,B074,1,1,9.89,10.8
1/1/2021,2021,1,B076,3,18,71,83
1/1/2021,2021,1,B077,9,309,417,479
1/1/2021,2021,1,B078,3,5,3.42,3.72
1/1/2021,2021,1,B079,6,254,21832,18028
1/1/2021,2021,1,B081,6,335,454.23,426.55
1/1/2021,2021,1,B082,5,160,860.7,962.35
1/1/2021,2021,1,B088,2,12,213.08,248.77
1/1/2021,2021,1,B089,1,208,4358.06,4897.05
1/1/2021,2021,1,B092,2,9,77.98,71.47
1/1/2021,2021,1,B093,1,1,30.22,35.1
1/1/2021,2021,1,B096,4,28,567.96,646.23
1/1/2021,2021,1,B102,6,289,2358.84,2731.52
1/1/2021,2021,1,B103,1,35,151.07,169.27
1/1/2021,2021,1,B106,4,14,124.84,111.37
1/1/2021,2021,1,B108,8,300,613,708
1/1/2021,2021,1,B110,2,54,152,176
1/1/2021,2021,1,B114,3,6,10,11
1/1/2021,2021,1,B115,3,9,15,17
1/1/2021,2021,1,B116,5,82,233,216
1/1/2021,2021,1,B117,1,213,40.24,35.46
1/1/2021,2021,1,B118,9,309,4296,4696
1/1/2021,2021,1,B119,7,119,117,106
1/1/2021,2021,1,B120,3,130,292,341
1/1/2021,2021,1,B123,8,300,300,339
1/1/2021,2021,1,B127,4,8,16,18
1/1/2021,2021,1,B131,1,35,35,38
1/1/2021,2021,1,B132,8,306,712.02,609.62
1/1/2021,2021,1,B136,1,1,4.88,5.54
1/1/2021,2021,1,B138,2,7,3.59,4.19
1/1/2021,2021,1,B143,2,4,8.12,8.68
1/1/2021,2021,1,B144,1,34,24.38,27.27
1/1/2021,2021,1,B145,1,9,9.24,9.72
1/1/2021,2021,1,B146,1,1,2.15,2.03
1/1/2021,2021,1,B147,1,278,842.78,738.18
1/1/2021,2021,1,B151,1,1,4.08,4.58
1/1/2021,2021,1,B152,1,12,8.42,7.57
1/1/2021,2021,1,B154,1,14,12.54,13.53
1/1/2021,2021,1,B156,1,1,0.97,0.9
1/1/2021,2021,1,B158,3,27,45.07,49.52
1/1/2021,2021,1,B161,8,54,136.2,152.65
1/1/2021,2021,1,B165,1,3,1.84,1.97
1/1/2021,2021,1,B168,1,3,3,2
1/1/2021,2021,1,B169,1,74,75,84
1/1/2021,2021,1,B170,1,2,6.3,6.86
1/1/2021,2021,1,B171,2,110,183,193
1/1/2021,2021,1,B173,1,1,2.58,2.82
1/1/2021,2021,1,B175,9,170,160.6,139
1/1/2021,2021,1,B177,2,121,111,128
1/1/2021,2021,1,B181,1,3,3,4
1/1/2021,2021,1,B188,1,5,5,4
1/1/2021,2021,1,B192,15,1113,204.86,174.9
1/1/2021,2021,1,B205,15,1114,6486.9,7405.41
1/1/2021,2021,1,B207,1,138,146,169
1/1/2021,2021,1,B209,1,2,2,3
1/1/2021,2021,1,B215,4,24,25,23
1/1/2021,2021,1,B225,1,2,2,3
1/1/2021,2021,1,B229,2,110,518.2,463.57
1/1/2021,2021,1,B237,15,740,123.16,137.18
1/1/2021,2021,1,B238,1,15,1.49,1.69
1/1/2021,2021,1,B239,14,952,741.87,868.89
1/1/2021,2021,1,B241,15,623,751.68,688.3
1/1/2021,2021,1,B242,6,337,110.48,129.64
1/1/2021,2021,1,B255,8,75,67.6,71.57
1/1/2021,2021,1,B259,6,254,11011,12216
1/1/2021,2021,1,B260,8,300,292,311
1/1/2021,2021,1,B261,4,8,8,9
1/1/2021,2021,1,B262,3,209,178.04,191.68
1/1/2021,2021,1,B263,8,277,136.97,155.57
1/1/2021,2021,1,B264,7,269,132.66,153.42
1/1/2021,2021,1,B265,14,378,276.74,306.35
1/1/2021,2021,1,B266,6,32,460,536
1/1/2021,2021,1,B269,7,817,536,494
1/1/2021,2021,1,B284,1,3,3,4
1/1/2021,2021,1,B301,1,74,226,238
1/1/2021,2021,1,B303,1,1,2,1
1/1/2021,2021,1,B304,1,20,19,22
1/1/2021,2021,1,B305,2,16,17,19
1/1/2021,2021,1,B309,4,8,8,9
1/1/2021,2021,1,B310,1,6,38,33
1/1/2021,2021,1,B312,2,7,33,38
1/1/2021,2021,1,B314,2,76,115,103
1/1/2021,2021,1,B315,1,15,0.75,0.81
1/1/2021,2021,1,B319,15,1054,357.84,384.7
1/1/2021,2021,1,B320,9,309,149.88,124.47
1/1/2021,2021,1,B321,9,309,4128,4715
1/1/2021,2021,1,B322,8,300,10607,9604
1/1/2021,2021,1,B323,1,138,138,125
1/1/2021,2021,1,B325,1,74,112,122
1/1/2021,2021,1,B326,1,1,2,3
1/1/2021,2021,1,B327,1,1,9,8
1/1/2021,2021,1,B331,1,8,34,31
1/1/2021,2021,1,B333,1,8,43,49
1/1/2021,2021,1,B339,1,7,28,25
1/1/2021,2021,1,B344,1,7,27,29
1/1/2021,2021,1,B352,3,77,72.43,62.37
1/1/2021,2021,1,B354,1,1,0.42,0.35
1/1/2021,2021,1,B360,1,35,294,323
1/1/2021,2021,1,B372,7,263,783.19,891.84
1/1/2021,2021,1,B373,1,1,0.96,1.07
1/1/2021,2021,1,B375,3,30,74.46,82.08
1/1/2021,2021,1,B376,1,234,572.58,638.88
1/1/2021,2021,1,B377,15,1114,246.86,276.33
1/1/2021,2021,1,B380,1,213,124.68,103.82
1/1/2021,2021,1,B381,13,1020,474.42,517.45
1/1/2021,2021,1,B382,2,6,2.2,2.44
1/1/2021,2021,1,B383,1,87,72,76
1/1/2021,2021,1,B387,1,90,91,75
1/1/2021,2021,1,B492,1,15,0.6,0.55
1/1/2021,2021,1,B493,1,1,2,1.67
1/1/2021,2021,1,B494,1,138,134,150
1/1/2021,2021,1,B497,1,15,1.6,1.85
1/1/2021,2021,1,B508,1,10,8.99,10.27
2/1/2021,2021,2,B010,8,349,20.72,23.35
2/1/2021,2021,2,B011,2,7,1.18,1.39
2/1/2021,2021,2,B012,5,623,125.2,139.2
2/1/2021,2021,2,B013,4,603,76.52,80.98
2/1/2021,2021,2,B014,2,7,1.09,0.93
2/1/2021,2021,2,B015,1,21,4.04,4.26
2/1/2021,2021,2,B016,7,630,51.83,59.53
2/1/2021,2021,2,B017,1,91,10.98,12.7
2/1/2021,2021,2,B018,3,95,158.16,171.17
2/1/2021,2021,2,B019,3,18,17,15
2/1/2021,2021,2,B020,3,18,19,22
2/1/2021,2021,2,B023,15,974,1607.33,1829.79
2/1/2021,2021,2,B025,1,1,1,1
2/1/2021,2021,2,B029,1,74,69,74
2/1/2021,2021,2,B031,1,9,6.55,7.21
2/1/2021,2021,2,B032,1,58,9.27,9.94
2/1/2021,2021,2,B033,1,183,35.69,29.67
2/1/2021,2021,2,B042,2,232,80.37,93.87
2/1/2021,2021,2,B043,2,71,9.3,8.11
2/1/2021,2021,2,B049,2,161,41.52,47.34
2/1/2021,2021,2,B052,8,367,27.36,23.5
2/1/2021,2021,2,B053,2,2,1.33,1.47
2/1/2021,2021,2,B055,1,1,0.22,0.26
2/1/2021,2021,2,B057,6,40,7.07,6.38
2/1/2021,2021,2,B062,3,55,7.34,8.42
2/1/2021,2021,2,B063,1,8,1.69,1.42
2/1/2021,2021,2,B065,2,199,39.35,34.08
2/1/2021,2021,2,B066,1,11,0.53,0.62
2/1/2021,2021,2,B069,8,349,350,289
2/1/2021,2021,2,B071,15,883,228.24,214.33
2/1/2021,2021,2,B076,3,18,71,78
2/1/2021,2021,2,B077,8,349,463,504
2/1/2021,2021,2,B078,3,6,3.49,4.07
2/1/2021,2021,2,B079,7,315,29001,32588
2/1/2021,2021,2,B080,1,51,47,55
2/1/2021,2021,2,B081,7,197,404.25,433.74
2/1/2021,2021,2,B082,4,53,896.54,821.72
2/1/2021,2021,2,B086,1,2,42.44,48.29
2/1/2021,2021,2,B088,3,28,845.29,980.21
2/1/2021,2021,2,B089,1,248,5241.46,6014.87
2/1/2021,2021,2,B093,1,1,27.8,31.15
2/1/2021,2021,2,B095,1,40,172.96,189.94
2/1/2021,2021,2,B096,4,31,619.49,552.64
2/1/2021,2021,2,B102,5,333,2668.07,2464.76
2/1/2021,2021,2,B104,1,1,8.83,9.55
2/1/2021,2021,2,B106,4,20,138.13,128.15
2/1/2021,2021,2,B108,8,344,697,762
2/1/2021,2021,2,B111,6,178,564,519
2/1/2021,2021,2,B112,3,14,28,23
2/1/2021,2021,2,B114,3,5,9,10
2/1/2021,2021,2,B117,2,199,38.43,42.64
2/1/2021,2021,2,B118,8,349,4851,5325
2/1/2021,2021,2,B119,6,107,106,99
2/1/2021,2021,2,B120,2,10,46,52
2/1/2021,2021,2,B123,8,344,349,298
2/1/2021,2021,2,B127,4,5,10,11
2/1/2021,2021,2,B131,1,40,41,36
2/1/2021,2021,2,B132,8,362,787.7,855.18
2/1/2021,2021,2,B134,1,1,0.39,0.44
2/1/2021,2021,2,B137,1,44,30.45,26.67
2/1/2021,2021,2,B138,2,18,11.61,12.56
2/1/2021,2021,2,B143,1,1,0.93,0.85
2/1/2021,2021,2,B145,2,19,19.96,21.15
2/1/2021,2021,2,B146,1,2,2.32,2.15
2/1/2021,2021,2,B147,1,342,1071.05,973.09
2/1/2021,2021,2,B151,1,1,4.09,4.58
2/1/2021,2021,2,B152,1,8,5.77,5.14
2/1/2021,2021,2,B153,1,1,2.11,2.28
2/1/2021,2021,2,B154,1,9,3.27,3.04
2/1/2021,2021,2,B156,1,1,1.05,1.19
2/1/2021,2021,2,B158,4,37,82.68,92.39
2/1/2021,2021,2,B161,7,55,136.45,143.95
2/1/2021,2021,2,B164,1,2,12.63,13.35
2/1/2021,2021,2,B165,1,1,2.91,2.52
2/1/2021,2021,2,B166,1,91,637,731
2/1/2021,2021,2,B168,1,4,4,5
2/1/2021,2021,2,B169,1,101,100,82
2/1/2021,2021,2,B170,1,2,5.77,4.93
2/1/2021,2021,2,B171,3,194,342,375
2/1/2021,2021,2,B172,1,1,0.98,1.05
2/1/2021,2021,2,B175,7,163,158.91,139.72
2/1/2021,2021,2,B183,1,1,32,36
2/1/2021,2021,2,B185,2,2,1,2
2/1/2021,2021,2,B188,1,9,9,10
2/1/2021,2021,2,B192,15,1054,179.19,202.28
2/1/2021,2021,2,B205,15,1056,6735.08,6233.71
2/1/2021,2021,2,B207,1,74,77,83
2/1/2021,2021,2,B208,1,74,61,69
2/1/2021,2021,2,B209,1,2,2,1
2/1/2021,2021,2,B215,4,37,38,42
2/1/2021,2021,2,B225,1,2,2,3
2/1/2021,2021,2,B227,1,1,6,7
2/1/2021,2021,2,B229,2,193,1067.7,1250.5
2/1/2021,2021,2,B237,15,724,138.42,122.76
2/1/2021,2021,2,B238,1,11,1.04,1.12
2/1/2021,2021,2,B239,14,950,855.8,1001.24
2/1/2021,2021,2,B241,15,729,897.96,1053.56
2/1/2021,2021,2,B242,7,345,140.21,163.59
2/1/2021,2021,2,B255,6,126,35.68,39.5
2/1/2021,2021,2,B259,7,315,15312,14121
2/1/2021,2021,2,B260,8,344,345,378
2/1/2021,2021,2,B261,4,5,5,6
2/1/2021,2021,2,B262,4,111,200.73,223.69
2/1/2021,2021,2,B263,7,311,146.69,134.25
2/1/2021,2021,2,B264,7,306,144.57,158.55
2/1/2021,2021,2,B265,13,414,298.78,335.18
2/1/2021,2021,2,B266,5,38,521,451
2/1/2021,2021,2,B270,7,715,319,375
2/1/2021,2021,2,B284,1,4,4,5
2/1/2021,2021,2,B300,1,11,101,87
2/1/2021,2021,2,B301,1,101,310,349
2/1/2021,2021,2,B303,2,2,5,6
2/1/2021,2021,2,B304,1,27,27,24
2/1/2021,2021,2,B305,3,13,19,21
2/1/2021,2021,2,B306,1,6,55,63
2/1/2021,2021,2,B309,4,5,5,6
2/1/2021,2021,2,B312,3,19,86,78
2/1/2021,2021,2,B314,2,103,155,175
2/1/2021,2021,2,B315,1,11,0.56,0.61
2/1/2021,2021,2,B317,1,1,0.08,0.07
2/1/2021,2021,2,B319,15,981,321.08,285.72
2/1/2021,2021,2,B320,8,349,164.32,174.79
2/1/2021,2021,2,B321,8,349,4840,4349
2/1/2021,2021,2,B322,8,344,11178,12795
2/1/2021,2021,2,B323,1,74,80,91
2/1/2021,2021,2,B324,1,42,179,203
2/1/2021,2021,2,B325,1,101,161,183
2/1/2021,2021,2,B327,1,2,21,23
2/1/2021,2021,2,B331,1,6,26,28
2/1/2021,2021,2,B333,1,6,32,34
2/1/2021,2021,2,B339,1,5,19,20
2/1/2021,2021,2,B344,1,5,19,16
2/1/2021,2021,2,B356,1,2,1,2
2/1/2021,2021,2,B372,6,302,857.98,953.11
2/1/2021,2021,2,B375,3,21,47.84,39.34
2/1/2021,2021,2,B376,1,283,675.83,790.58
2/1/2021,2021,2,B377,15,1056,238.5,196.68
2/1/2021,2021,2,B380,1,196,124.32,146.1
2/1/2021,2021,2,B381,13,950,501.07,527.08
2/1/2021,2021,2,B382,2,7,2.65,3.12
2/1/2021,2021,2,B387,1,59,62,66
2/1/2021,2021,2,B434,1,46,36,40
2/1/2021,2021,2,B490,1,1,2.12,2.28
2/1/2021,2021,2,B492,1,11,0.42,0.47
2/1/2021,2021,2,B494,1,74,69,81
2/1/2021,2021,2,B497,1,11,1.08,1.19
2/1/2021,2021,2,B507,1,1,0.39,0.41
2/1/2021,2021,2,B508,1,9,8.69,9.57
3/1/2021,2021,3,B002,1,79,80,89
3/1/2021,2021,3,B010,8,245,15.93,18.58
3/1/2021,2021,3,B011,1,4,0.6,0.64
3/1/2021,2021,3,B012,6,549,107.79,119.37
3/1/2021,2021,3,B013,4,519,61.36,69.85
3/1/2021,2021,3,B014,1,4,0.64,0.7
3/1/2021,2021,3,B015,2,29,8.87,7.54
3/1/2021,2021,3,B016,7,551,45.13,40.95
3/1/2021,2021,3,B017,1,49,6.58,7.03
3/1/2021,2021,3,B018,3,54,111.71,102.74
3/1/2021,2021,3,B020,2,16,15,17
3/1/2021,2021,3,B023,15,709,1145.69,952.31
3/1/2021,2021,3,B029,1,50,50,53
3/1/2021,2021,3,B030,3,86,52.76,61.13
3/1/2021,2021,3,B032,1,45,7.2,8.41
3/1/2021,2021,3,B034,2,202,43.83,46.62
3/1/2021,2021,3,B040,2,139,47.74,51.09
3/1/2021,2021,3,B043,2,45,6.38,7.03
3/1/2021,2021,3,B044,1,46,6.64,7.42
3/1/2021,2021,3,B048,1,1,0.16,0.14
3/1/2021,2021,3,B052,9,257,26.44,30.33
3/1/2021,2021,3,B053,2,4,1.55,1.3
3/1/2021,2021,3,B055,1,4,0.69,0.6
3/1/2021,2021,3,B057,6,31,4.55,5.23
3/1/2021,2021,3,B062,4,138,29.23,32.68
3/1/2021,2021,3,B063,1,18,3.83,4.05
3/1/2021,2021,3,B065,2,135,27.88,31.72
3/1/2021,2021,3,B066,1,17,0.84,0.92
3/1/2021,2021,3,B071,15,735,179.94,193.07
3/1/2021,2021,3,B072,1,1,2,1
3/1/2021,2021,3,B075,1,1,9.72,10.23
3/1/2021,2021,3,B076,2,16,69,79
3/1/2021,2021,3,B077,9,247,370,410
3/1/2021,2021,3,B078,3,5,3.42,3.97
3/1/2021,2021,3,B079,6,229,23178,26598
3/1/2021,2021,3,B080,1,30,31,36
3/1/2021,2021,3,B081,6,224,406.99,351.43
3/1/2021,2021,3,B082,6,127,1177.6,1363.65
3/1/2021,2021,3,B086,1,1,24.97,22.28
3/1/2021,2021,3,B088,2,15,717.3,828.05
3/1/2021,2021,3,B089,1,167,3949.61,4620.8
3/1/2021,2021,3,B093,1,1,29.69,32.48
3/1/2021,2021,3,B096,3,41,653.38,606.17
3/1/2021,2021,3,B100,1,33,136.45,159.33
3/1/2021,2021,3,B102,7,234,2146.09,2531.53
3/1/2021,2021,3,B104,1,1,9.03,10.02
3/1/2021,2021,3,B106,4,17,135.87,117.36
3/1/2021,2021,3,B108,8,236,542,595
3/1/2021,2021,3,B113,9,246,255,217
3/1/2021,2021,3,B114,2,4,8,9
3/1/2021,2021,3,B115,2,7,15,16
3/1/2021,2021,3,B116,5,155,417,473
3/1/2021,2021,3,B117,2,135,28.08,31.86
3/1/2021,2021,3,B118,10,248,3383,3948
3/1/2021,2021,3,B119,7,123,120,132
3/1/2021,2021,3,B120,3,87,203,234
3/1/2021,2021,3,B123,8,236,230,246
3/1/2021,2021,3,B127,5,10,19,17
3/1/2021,2021,3,B131,1,33,35,39
3/1/2021,2021,3,B132,9,254,639.96,575.42
3/1/2021,2021,3,B138,3,12,11.55,12.69
3/1/2021,2021,3,B140,1,56,39,44.6
3/1/2021,2021,3,B143,2,3,6,6.49
3/1/2021,2021,3,B145,2,16,17.21,18.44
3/1/2021,2021,3,B146,1,2,2.24,2.54
3/1/2021,2021,3,B147,1,200,701.76,611.64
3/1/2021,2021,3,B150,1,1,0.94,1.02
3/1/2021,2021,3,B151,1,1,4.04,4.26
3/1/2021,2021,3,B152,1,14,8.9,8.23
3/1/2021,2021,3,B153,1,1,2.16,2.36
3/1/2021,2021,3,B156,1,1,0.99,1.14
3/1/2021,2021,3,B158,4,36,81.13,86.85
3/1/2021,2021,3,B161,7,61,136.77,149.9
3/1/2021,2021,3,B164,1,1,8.14,7.69
3/1/2021,2021,3,B165,2,7,8.25,7.25
3/1/2021,2021,3,B166,1,30,144,165
3/1/2021,2021,3,B168,1,3,3,2
3/1/2021,2021,3,B169,1,68,69,63
3/1/2021,2021,3,B170,1,2,5.58,6.46
3/1/2021,2021,3,B171,2,118,234,197
3/1/2021,2021,3,B175,9,158,147.48,163.22
3/1/2021,2021,3,B188,1,6,6,7
3/1/2021,2021,3,B189,2,80,77,85
3/1/2021,2021,3,B192,15,878,146.51,167.88
3/1/2021,2021,3,B197,2,16,14,15
3/1/2021,2021,3,B205,15,880,5260.42,5838.34
3/1/2021,2021,3,B207,1,79,78,83
3/1/2021,2021,3,B209,1,2,2,1
3/1/2021,2021,3,B211,1,1,2,1
3/1/2021,2021,3,B215,2,11,12,14
3/1/2021,2021,3,B225,1,1,1,1
3/1/2021,2021,3,B227,1,1,6,5
3/1/2021,2021,3,B229,1,117,648.61,758.84
3/1/2021,2021,3,B237,15,614,119.55,100.87
3/1/2021,2021,3,B238,1,17,1.75,2.06
3/1/2021,2021,3,B239,14,785,626.46,695.04
3/1/2021,2021,3,B241,15,509,682.71,795.61
3/1/2021,2021,3,B242,6,252,110.2,118.64
3/1/2021,2021,3,B255,8,83,62.12,69.69
3/1/2021,2021,3,B259,6,229,12626,14425
3/1/2021,2021,3,B260,8,236,238,280
3/1/2021,2021,3,B261,5,10,10,11
3/1/2021,2021,3,B262,4,134,117.49,124.19
3/1/2021,2021,3,B263,9,229,118.44,131.99
3/1/2021,2021,3,B264,7,218,111.62,117.24
3/1/2021,2021,3,B265,14,330,283.94,318.78
3/1/2021,2021,3,B266,4,19,265,308
3/1/2021,2021,3,B269,7,639,415,476
3/1/2021,2021,3,B283,1,1,1,1
3/1/2021,2021,3,B284,1,3,3,4
3/1/2021,2021,3,B286,1,1,1,2
3/1/2021,2021,3,B292,1,29,27,31
3/1/2021,2021,3,B301,1,68,275,314
3/1/2021,2021,3,B303,1,1,3,2
3/1/2021,2021,3,B304,1,24,24,27
3/1/2021,2021,3,B305,2,19,20,22
3/1/2021,2021,3,B306,1,10,120,137
3/1/2021,2021,3,B311,5,10,10,9
3/1/2021,2021,3,B312,2,11,54,62
3/1/2021,2021,3,B314,2,70,136,154
3/1/2021,2021,3,B315,1,17,0.86,0.98
3/1/2021,2021,3,B319,15,823,279.55,246.62
3/1/2021,2021,3,B320,10,248,117.8,127.38
3/1/2021,2021,3,B321,10,248,3420,3627
3/1/2021,2021,3,B322,9,237,8869,10353
3/1/2021,2021,3,B323,1,79,84,89
3/1/2021,2021,3,B324,1,33,136,146
3/1/2021,2021,3,B325,1,68,144,169
3/1/2021,2021,3,B327,1,1,10,11
3/1/2021,2021,3,B331,1,7,26,28
3/1/2021,2021,3,B333,1,7,37,43
3/1/2021,2021,3,B339,1,10,38,43
3/1/2021,2021,3,B343,1,5,18,15
3/1/2021,2021,3,B344,1,5,19,21
3/1/2021,2021,3,B354,1,1,0.38,0.45
3/1/2021,2021,3,B356,1,1,1,2
3/1/2021,2021,3,B360,1,19,96,80
3/1/2021,2021,3,B372,8,221,702.76,826.49
3/1/2021,2021,3,B375,3,29,62.05,55.41
3/1/2021,2021,3,B376,1,188,469.23,543.37
3/1/2021,2021,3,B377,15,880,193.01,206
3/1/2021,2021,3,B380,1,132,87.91,101.26
3/1/2021,2021,3,B381,14,810,394.55,350.26
3/1/2021,2021,3,B382,1,4,1.41,1.24
3/1/2021,2021,3,B387,1,47,46,39
3/1/2021,2021,3,B434,1,34,30,32
3/1/2021,2021,3,B490,1,1,1.89,2.05
3/1/2021,2021,3,B492,1,17,0.68,0.76
3/1/2021,2021,3,B494,1,79,73,85
3/1/2021,2021,3,B497,1,17,1.58,1.67
3/1/2021,2021,3,B507,2,13,11.22,12.7
3/1/2021,2021,3,B508,1,5,4.79,5.49
4/1/2021,2021,4,B002,1,70,65,72
4/1/2021,2021,4,B009,1,1,88,95
4/1/2021,2021,4,B010,9,583,33.8,37.25
4/1/2021,2021,4,B011,2,9,1.65,1.82
4/1/2021,2021,4,B012,6,686,171.12,183.53
4/1/2021,2021,4,B013,4,649,108,89.77
4/1/2021,2021,4,B014,2,9,1.6,1.72
4/1/2021,2021,4,B015,2,35,9.98,9.36
4/1/2021,2021,4,B016,8,692,79.11,74.79
4/1/2021,2021,4,B017,1,59,7.01,6.23
4/1/2021,2021,4,B019,3,18,17,18
4/1/2021,2021,4,B020,3,12,12,14
4/1/2021,2021,4,B023,17,1152,1990.17,1736.57
4/1/2021,2021,4,B029,1,70,73,83
4/1/2021,2021,4,B032,1,136,27.5,23.62
4/1/2021,2021,4,B040,2,93,29.66,32.51
4/1/2021,2021,4,B042,1,98,32.44,37.21
4/1/2021,2021,4,B043,1,22,5.02,4.21
4/1/2021,2021,4,B049,2,309,71.75,59.25
4/1/2021,2021,4,B050,1,1,0.15,0.17
4/1/2021,2021,4,B052,10,617,48.14,53.83
4/1/2021,2021,4,B053,2,7,2.84,3
4/1/2021,2021,4,B055,1,6,0.88,1
4/1/2021,2021,4,B057,7,32,5.23,5.69
4/1/2021,2021,4,B062,4,190,37.19,34.09
4/1/2021,2021,4,B063,1,18,3.41,3.96
4/1/2021,2021,4,B065,2,268,53.44,56.23
4/1/2021,2021,4,B066,1,17,0.85,0.97
4/1/2021,2021,4,B069,10,584,576,661
4/1/2021,2021,4,B071,17,1279,272.11,234.96
4/1/2021,2021,4,B072,2,2,4,5
4/1/2021,2021,4,B073,1,1,9.65,10.81
4/1/2021,2021,4,B075,2,2,9.09,9.98
4/1/2021,2021,4,B076,3,18,72,64
4/1/2021,2021,4,B077,10,586,754,843
4/1/2021,2021,4,B078,3,3,2.06,2.38
4/1/2021,2021,4,B079,7,300,25784,30166
4/1/2021,2021,4,B081,7,312,451.93,477.49
4/1/2021,2021,4,B082,6,180,1626.41,1502.47
4/1/2021,2021,4,B086,1,2,39.18,36.35
4/1/2021,2021,4,B088,3,34,1230.51,1345.18
4/1/2021,2021,4,B089,1,206,3780.02,3433.13
4/1/2021,2021,4,B093,1,1,30.48,34.41
4/1/2021,2021,4,B096,4,47,769.12,664.33
4/1/2021,2021,4,B099,4,16,130.85,122.03
4/1/2021,2021,4,B102,8,572,4495.13,3848.68
4/1/2021,2021,4,B103,1,42,175.23,149.38
4/1/2021,2021,4,B104,1,1,8.78,9.54
4/1/2021,2021,4,B108,9,572,1122,1309
4/1/2021,2021,4,B114,3,5,9,10
4/1/2021,2021,4,B115,3,17,33,35
4/1/2021,2021,4,B116,6,180,447,422
4/1/2021,2021,4,B117,2,268,50.57,44.29
4/1/2021,2021,4,B118,11,587,8061,8717
4/1/2021,2021,4,B119,7,179,182,192
4/1/2021,2021,4,B120,3,129,279,324
4/1/2021,2021,4,B121,1,6,7,8
4/1/2021,2021,4,B123,9,572,577,527
4/1/2021,2021,4,B127,5,12,24,22
4/1/2021,2021,4,B130,1,42,32,37
4/1/2021,2021,4,B132,10,612,1380.65,1230.8
4/1/2021,2021,4,B136,1,1,4.76,5.39
4/1/2021,2021,4,B138,3,24,20.14,22.51
4/1/2021,2021,4,B143,2,5,10.07,11.01
4/1/2021,2021,4,B145,2,14,15.4,13.33
4/1/2021,2021,4,B146,1,2,2.38,2.73
4/1/2021,2021,4,B147,1,196,522.59,604.95
4/1/2021,2021,4,B150,1,1,1.03,0.88
4/1/2021,2021,4,B151,1,1,3.93,4.31
4/1/2021,2021,4,B152,1,14,8.36,8.93
4/1/2021,2021,4,B153,1,1,1.97,2.16
4/1/2021,2021,4,B154,1,6,5.08,4.8
4/1/2021,2021,4,B157,1,1,1.05,1.15
4/1/2021,2021,4,B158,4,41,109.24,102.4
4/1/2021,2021,4,B159,1,111,307.12,279.56
4/1/2021,2021,4,B161,8,64,166.82,140.68
4/1/2021,2021,4,B164,1,2,11.96,13.86
4/1/2021,2021,4,B165,2,9,9.56,10.58
4/1/2021,2021,4,B166,1,59,474,507
4/1/2021,2021,4,B168,1,6,6,7
4/1/2021,2021,4,B169,1,64,63,67
4/1/2021,2021,4,B170,1,1,2.98,3.45
4/1/2021,2021,4,B171,2,124,188,213
4/1/2021,2021,4,B175,9,251,244.58,279.21
4/1/2021,2021,4,B185,2,2,2,1
4/1/2021,2021,4,B188,1,13,14,16
4/1/2021,2021,4,B189,2,115,114,102
4/1/2021,2021,4,B192,17,1349,233.1,253.4
4/1/2021,2021,4,B205,17,1351,7535.39,8518.3
4/1/2021,2021,4,B207,1,70,71,79
4/1/2021,2021,4,B209,1,1,1,2
4/1/2021,2021,4,B216,5,51,40,46
4/1/2021,2021,4,B227,1,1,6,5
4/1/2021,2021,4,B229,1,123,627.13,695.78
4/1/2021,2021,4,B237,17,1059,180.74,154.93
4/1/2021,2021,4,B238,1,17,1.67,1.47
4/1/2021,2021,4,B239,16,1225,940.35,867.21
4/1/2021,2021,4,B241,17,970,1077.2,1133.26
4/1/2021,2021,4,B242,7,417,150.76,133.52
4/1/2021,2021,4,B255,9,116,86.11,96.68
4/1/2021,2021,4,B259,7,300,13375,15329
4/1/2021,2021,4,B260,9,572,568,605
4/1/2021,2021,4,B261,5,12,12,13
4/1/2021,2021,4,B262,4,238,245.63,276.97
4/1/2021,2021,4,B263,10,527,247.93,270.67
4/1/2021,2021,4,B264,8,514,239.83,281.99
4/1/2021,2021,4,B265,15,466,298.2,332.65
4/1/2021,2021,4,B266,7,60,856,918
4/1/2021,2021,4,B269,8,383,219,247
4/1/2021,2021,4,B270,4,391,138,151
4/1/2021,2021,4,B283,1,1,1,2
4/1/2021,2021,4,B293,1,1,1,1
4/1/2021,2021,4,B300,1,22,225,239
4/1/2021,2021,4,B301,1,64,120,108
4/1/2021,2021,4,B303,1,1,3,4
4/1/2021,2021,4,B304,1,34,34,39
4/1/2021,2021,4,B305,3,22,26,30
4/1/2021,2021,4,B309,5,12,12,11
4/1/2021,2021,4,B312,2,23,100,117
4/1/2021,2021,4,B314,2,65,69,74
4/1/2021,2021,4,B315,1,17,0.8,0.94
4/1/2021,2021,4,B319,17,1259,392.39,417.78
4/1/2021,2021,4,B320,11,587,287.62,304.25
4/1/2021,2021,4,B321,11,587,8050,8527
4/1/2021,2021,4,B322,10,573,19174,16510
4/1/2021,2021,4,B323,1,70,69,81
4/1/2021,2021,4,B324,1,124,497,419
4/1/2021,2021,4,B325,1,64,64,74
4/1/2021,2021,4,B326,2,2,4,3
4/1/2021,2021,4,B331,1,6,24,27
4/1/2021,2021,4,B333,1,6,28,23
4/1/2021,2021,4,B339,1,11,44,51
4/1/2021,2021,4,B343,1,11,46,51
4/1/2021,2021,4,B352,3,128,136.94,152.12
4/1/2021,2021,4,B354,2,2,0.77,0.67
4/1/2021,2021,4,B356,1,2,1,2
4/1/2021,2021,4,B357,1,6,6,5
4/1/2021,2021,4,B372,9,521,1475.42,1298.83
4/1/2021,2021,4,B374,3,62,103.04,110.28
4/1/2021,2021,4,B375,3,30,63.74,75.03
4/1/2021,2021,4,B376,1,248,564.33,630.44
4/1/2021,2021,4,B377,17,1351,261.1,218.69
4/1/2021,2021,4,B380,1,266,153.48,174.16
4/1/2021,2021,4,B381,15,1340,570.87,657.1
4/1/2021,2021,4,B382,2,9,3.6,4.19
4/1/2021,2021,4,B387,1,137,135,127
4/1/2021,2021,4,B490,1,1,1.86,1.98
4/1/2021,2021,4,B492,1,17,0.66,0.72
4/1/2021,2021,4,B494,1,70,73,78
4/1/2021,2021,4,B497,1,17,1.72,1.95
4/1/2021,2021,4,B507,2,5,3.72,3.14
4/1/2021,2021,4,B508,1,7,6.3,6.87
5/1/2021,2021,5,B002,1,73,77,83
5/1/2021,2021,5,B010,7,305,18.75,21.72
5/1/2021,2021,5,B011,2,6,0.95,0.88
5/1/2021,2021,5,B012,5,782,180.35,210.64
5/1/2021,2021,5,B013,3,741,104.26,90.97
5/1/2021,2021,5,B014,2,6,0.9,0.96
5/1/2021,2021,5,B015,2,39,9.24,10.57
5/1/2021,2021,5,B016,7,786,73.49,80.54
5/1/2021,2021,5,B018,3,98,153.34,180.1
5/1/2021,2021,5,B020,3,13,12,13
5/1/2021,2021,5,B023,14,971,1628.16,1793.74
5/1/2021,2021,5,B025,1,1,1,2
5/1/2021,2021,5,B029,1,73,74,83
5/1/2021,2021,5,B032,1,111,22.34,25.63
5/1/2021,2021,5,B041,1,2,0.9,0.85
5/1/2021,2021,5,B042,2,205,69.71,77.94
5/1/2021,2021,5,B043,2,104,15.16,16.02
5/1/2021,2021,5,B049,2,375,110.51,124.18
5/1/2021,2021,5,B052,9,348,29.18,26.74
5/1/2021,2021,5,B055,1,5,0.8,0.84
5/1/2021,2021,5,B057,5,14,2,2.22
5/1/2021,2021,5,B060,1,5,2.3,2.64
5/1/2021,2021,5,B062,3,167,34.87,40.38
5/1/2021,2021,5,B063,1,17,3.53,3.96
5/1/2021,2021,5,B065,2,223,44.01,48.33
5/1/2021,2021,5,B066,1,22,1.02,0.91
5/1/2021,2021,5,B069,8,166,162,190
5/1/2021,2021,5,B070,3,4,8,9
5/1/2021,2021,5,B071,14,995,283.96,300.02
5/1/2021,2021,5,B072,1,1,2,1
5/1/2021,2021,5,B075,1,1,8.72,9.91
5/1/2021,2021,5,B076,3,13,53,49
5/1/2021,2021,5,B077,8,307,434,382
5/1/2021,2021,5,B078,2,2,1.2,1.31
5/1/2021,2021,5,B079,6,326,32311,29346
5/1/2021,2021,5,B081,6,362,611.17,561.95
5/1/2021,2021,5,B082,5,160,1409.46,1662.6
5/1/2021,2021,5,B086,1,1,14.3,12.35
5/1/2021,2021,5,B088,3,36,1192.36,1308.78
5/1/2021,2021,5,B089,1,255,6156.44,5741.42
5/1/2021,2021,5,B096,3,33,451.36,512.37
5/1/2021,2021,5,B102,7,301,2460.4,2671.17
5/1/2021,2021,5,B103,1,25,105.48,112.74
5/1/2021,2021,5,B104,1,1,8.09,9.05
5/1/2021,2021,5,B106,2,7,60.49,57.1
5/1/2021,2021,5,B108,7,302,612,662
5/1/2021,2021,5,B110,5,205,612,710
5/1/2021,2021,5,B113,4,140,140,128
5/1/2021,2021,5,B114,2,4,4,5
5/1/2021,2021,5,B115,3,14,31,33
5/1/2021,2021,5,B117,2,223,43.12,39.18
5/1/2021,2021,5,B118,9,308,4283,4706
5/1/2021,2021,5,B119,6,113,116,133
5/1/2021,2021,5,B120,2,117,257,294
5/1/2021,2021,5,B123,7,302,298,322
5/1/2021,2021,5,B131,1,25,26,28
5/1/2021,2021,5,B132,9,341,769.91,712.24
5/1/2021,2021,5,B136,1,1,4.77,5.47
5/1/2021,2021,5,B137,1,61,47.43,54.9
5/1/2021,2021,5,B138,2,25,18.1,19.38
5/1/2021,2021,5,B143,1,3,6.92,7.59
5/1/2021,2021,5,B145,2,13,15.13,13.3
5/1/2021,2021,5,B146,1,2,2.42,2.77
5/1/2021,2021,5,B147,1,373,1277.68,1394.21
5/1/2021,2021,5,B150,1,1,0.96,1.11
5/1/2021,2021,5,B151,1,1,3.95,3.33
5/1/2021,2021,5,B152,1,15,10.12,8.64
5/1/2021,2021,5,B156,1,1,0.93,1
5/1/2021,2021,5,B158,3,36,82.29,90.34
5/1/2021,2021,5,B161,6,42,98.9,111.79
5/1/2021,2021,5,B164,1,1,5.03,5.35
5/1/2021,2021,5,B165,1,3,1.86,2.12
5/1/2021,2021,5,B166,1,93,761,866
5/1/2021,2021,5,B168,1,3,3,4
5/1/2021,2021,5,B169,1,118,121,133
5/1/2021,2021,5,B171,1,211,370,412
5/1/2021,2021,5,B174,1,1,0.97,1.11
5/1/2021,2021,5,B175,8,152,147.01,136.07
5/1/2021,2021,5,B177,2,116,115,124
5/1/2021,2021,5,B185,1,1,1,2
5/1/2021,2021,5,B192,14,1166,225.94,257.78
5/1/2021,2021,5,B193,1,1,38,42
5/1/2021,2021,5,B205,14,1167,7685.23,6364.42
5/1/2021,2021,5,B206,1,11,8.64,9.95
5/1/2021,2021,5,B207,1,73,75,67
5/1/2021,2021,5,B210,3,13,13,15
5/1/2021,2021,5,B215,3,18,18,19
5/1/2021,2021,5,B229,1,211,1094.86,1009.71
5/1/2021,2021,5,B237,14,783,150.1,164.12
5/1/2021,2021,5,B238,1,22,2.29,2.62
5/1/2021,2021,5,B239,13,1070,983.44,1123.58
5/1/2021,2021,5,B241,14,754,1007.93,1188.11
5/1/2021,2021,5,B242,6,411,168.34,177.94
5/1/2021,2021,5,B255,7,120,56.85,63.42
5/1/2021,2021,5,B259,6,326,17142,19341
5/1/2021,2021,5,B260,7,302,299,328
5/1/2021,2021,5,B261,3,4,4,5
5/1/2021,2021,5,B262,3,251,259.34,235.23
5/1/2021,2021,5,B263,8,278,134.32,154.29
5/1/2021,2021,5,B264,6,273,131.58,153.12
5/1/2021,2021,5,B265,13,410,351.61,387.25
5/1/2021,2021,5,B266,4,30,421,481
5/1/2021,2021,5,B269,7,870,627,723
5/1/2021,2021,5,B284,1,3,3,4
5/1/2021,2021,5,B300,1,24,236,255
5/1/2021,2021,5,B301,1,118,395,419
5/1/2021,2021,5,B304,1,28,30,32
5/1/2021,2021,5,B305,2,18,20,23
5/1/2021,2021,5,B309,3,4,4,5
5/1/2021,2021,5,B312,1,24,99,85
5/1/2021,2021,5,B314,1,118,198,167
5/1/2021,2021,5,B315,1,22,1.07,1.24
5/1/2021,2021,5,B319,14,1106,368.67,421.09
5/1/2021,2021,5,B320,9,308,145.74,160.08
5/1/2021,2021,5,B321,9,308,4257,4835
5/1/2021,2021,5,B322,8,303,10701,12400
5/1/2021,2021,5,B323,1,73,72,60
5/1/2021,2021,5,B324,1,79,320,353
5/1/2021,2021,5,B325,1,118,201,233
5/1/2021,2021,5,B326,1,1,2,3
5/1/2021,2021,5,B331,1,12,49,44
5/1/2021,2021,5,B333,1,12,63,70
5/1/2021,2021,5,B339,1,10,43,46
5/1/2021,2021,5,B343,1,10,39,41
5/1/2021,2021,5,B352,2,116,122.71,101.11
5/1/2021,2021,5,B355,1,1,0.38,0.34
5/1/2021,2021,5,B356,1,1,1,1
5/1/2021,2021,5,B372,8,279,809.85,942.3
5/1/2021,2021,5,B375,2,23,42.65,46.31
5/1/2021,2021,5,B376,1,271,642.47,603.99
5/1/2021,2021,5,B377,14,1167,282.6,266.58
5/1/2021,2021,5,B380,1,221,136.24,153.5
5/1/2021,2021,5,B381,12,1062,592.19,671.3
5/1/2021,2021,5,B382,2,4,1.31,1.46
5/1/2021,2021,5,B387,1,90,86,93
5/1/2021,2021,5,B433,1,98,84,71
5/1/2021,2021,5,B492,1,22,0.86,0.93
5/1/2021,2021,5,B494,1,73,76,88
5/1/2021,2021,5,B497,1,22,2.3,1.94
5/1/2021,2021,5,B508,2,101,19.27,21.86
5/1/2021,2021,5,B509,1,18,13.37,11.65
6/1/2021,2021,6,B010,8,340,21.54,23.05
6/1/2021,2021,6,B011,2,6,1.01,1.12
6/1/2021,2021,6,B012,4,79,21.76,18.69
6/1/2021,2021,6,B013,2,39,5.52,6.08
6/1/2021,2021,6,B014,2,6,0.93,1.04
6/1/2021,2021,6,B015,2,37,9.55,11.26
6/1/2021,2021,6,B016,6,82,9.02,10.35
6/1/2021,2021,6,B018,2,5,45.98,40.31
6/1/2021,2021,6,B019,3,27,27,30
6/1/2021,2021,6,B020,3,27,28,31
6/1/2021,2021,6,B023,14,409,859.19,719.76
6/1/2021,2021,6,B025,1,1,1,1
6/1/2021,2021,6,B040,1,2,1.61,1.89
6/1/2021,2021,6,B043,1,25,6.09,7.07
6/1/2021,2021,6,B049,1,1,0.21,0.24
6/1/2021,2021,6,B051,2,6,2.29,1.98
6/1/2021,2021,6,B052,8,328,30.08,34.83
6/1/2021,2021,6,B053,1,4,0.63,0.71
6/1/2021,2021,6,B055,1,5,0.69,0.76
6/1/2021,2021,6,B057,7,54,7.51,8.4
6/1/2021,2021,6,B062,2,20,3.53,3.26
6/1/2021,2021,6,B065,1,2,2.06,2.34
6/1/2021,2021,6,B066,1,18,0.92,0.85
6/1/2021,2021,6,B069,9,342,338,307
6/1/2021,2021,6,B070,4,10,21,24
6/1/2021,2021,6,B071,14,425,49.91,45.89
6/1/2021,2021,6,B072,1,1,2,1
6/1/2021,2021,6,B075,1,1,8.44,7.87
6/1/2021,2021,6,B077,9,343,493,547
6/1/2021,2021,6,B078,3,3,1.33,1.46
6/1/2021,2021,6,B079,5,24,1797,1676
6/1/2021,2021,6,B081,5,45,61.68,66.51
6/1/2021,2021,6,B082,4,18,145.73,124.77
6/1/2021,2021,6,B086,1,1,14.64,16.62
6/1/2021,2021,6,B088,1,4,68.56,80
6/1/2021,2021,6,B092,4,33,269.19,292.25
6/1/2021,2021,6,B093,1,1,27.59,29.49
6/1/2021,2021,6,B096,3,15,477.89,451.14
6/1/2021,2021,6,B102,7,312,2697.97,2425.86
6/1/2021,2021,6,B104,1,1,8.77,9.46
6/1/2021,2021,6,B108,8,332,724,796
6/1/2021,2021,6,B114,3,9,13,12
6/1/2021,2021,6,B115,2,7,8,9
6/1/2021,2021,6,B116,4,15,35,40
6/1/2021,2021,6,B117,1,2,2.08,1.81
6/1/2021,2021,6,B118,10,344,4843,4274
6/1/2021,2021,6,B119,7,152,150,167
6/1/2021,2021,6,B120,2,11,49,53
6/1/2021,2021,6,B123,8,332,336,368
6/1/2021,2021,6,B129,1,1,2,1
6/1/2021,2021,6,B132,8,328,799.74,853.82
6/1/2021,2021,6,B138,1,1,0.99,0.93
6/1/2021,2021,6,B143,1,4,10.06,11.38
6/1/2021,2021,6,B145,1,2,4.03,4.46
6/1/2021,2021,6,B146,1,1,0.37,0.4
6/1/2021,2021,6,B152,1,13,11.37,12.84
6/1/2021,2021,6,B153,1,1,1.93,2.18
6/1/2021,2021,6,B154,1,18,8.43,8.97
6/1/2021,2021,6,B158,2,5,19.01,20.25
6/1/2021,2021,6,B161,7,54,133.86,149.09
6/1/2021,2021,6,B164,1,1,5,5.7
6/1/2021,2021,6,B165,2,10,8.99,9.66
6/1/2021,2021,6,B168,1,3,3,4
6/1/2021,2021,6,B171,1,2,2,3
6/1/2021,2021,6,B175,8,180,172.92,191.92
6/1/2021,2021,6,B182,1,1,1,2
6/1/2021,2021,6,B185,2,2,1,2
6/1/2021,2021,6,B186,1,1,1,1
6/1/2021,2021,6,B188,1,9,9,10
6/1/2021,2021,6,B189,1,1,2,3
6/1/2021,2021,6,B192,14,425,58.39,68.52
6/1/2021,2021,6,B193,1,1,43,46
6/1/2021,2021,6,B205,14,427,2032.85,2152.35
6/1/2021,2021,6,B213,3,27,115,131
6/1/2021,2021,6,B215,4,41,41,45
6/1/2021,2021,6,B229,1,2,4.68,5.35
6/1/2021,2021,6,B238,1,18,1.68,1.87
6/1/2021,2021,6,B239,13,379,246.56,282.57
6/1/2021,2021,6,B240,14,378,64.99,69.22
6/1/2021,2021,6,B241,14,401,415.69,458.31
6/1/2021,2021,6,B242,5,39,10.54,11.88
6/1/2021,2021,6,B255,5,27,38.02,41.87
6/1/2021,2021,6,B257,3,16,12.48,14.16
6/1/2021,2021,6,B258,1,9,6.16,6.75
6/1/2021,2021,6,B259,5,24,1154,1331
6/1/2021,2021,6,B260,8,332,327,281
6/1/2021,2021,6,B261,4,10,10,11
6/1/2021,2021,6,B262,2,6,4.26,4.95
6/1/2021,2021,6,B263,9,293,148.92,173.65
6/1/2021,2021,6,B264,7,282,143.96,158.43
6/1/2021,2021,6,B265,13,225,145.57,158.01
6/1/2021,2021,6,B266,6,51,720,831
6/1/2021,2021,6,B269,6,92,41,44
6/1/2021,2021,6,B284,1,3,3,4
6/1/2021,2021,6,B303,1,2,4,5
6/1/2021,2021,6,B305,2,5,10,11
6/1/2021,2021,6,B309,4,10,10,11
6/1/2021,2021,6,B312,1,2,16,18
6/1/2021,2021,6,B315,1,18,0.91,1.06
6/1/2021,2021,6,B318,1,1,0.16,0.18
6/1/2021,2021,6,B319,14,423,135.93,114.13
6/1/2021,2021,6,B320,10,344,158.79,168.37
6/1/2021,2021,6,B321,10,344,4756,4293
6/1/2021,2021,6,B322,9,333,11989,13652
6/1/2021,2021,6,B327,1,1,11,12
6/1/2021,2021,6,B333,1,11,55,58
6/1/2021,2021,6,B339,1,7,26,29
6/1/2021,2021,6,B343,1,7,26,29
6/1/2021,2021,6,B352,2,10,11.19,9.85
6/1/2021,2021,6,B354,1,1,0.38,0.41
6/1/2021,2021,6,B356,1,1,1,2
6/1/2021,2021,6,B372,7,269,820.34,911.25
6/1/2021,2021,6,B375,2,24,83.76,98.39
6/1/2021,2021,6,B377,14,427,60.13,64.92
6/1/2021,2021,6,B381,12,419,117.64,134.76
6/1/2021,2021,6,B490,1,1,2.14,2.42
6/1/2021,2021,6,B492,1,18,0.73,0.77
6/1/2021,2021,6,B497,1,18,1.88,1.71
6/1/2021,2021,6,B508,1,6,5.36,6.28
6/1/2021,2021,6,B5120,1,11,45,49
7/1/2021,2021,7,B002,1,115,116,100
7/1/2021,2021,7,B010,8,376,22.56,24.73
7/1/2021,2021,7,B011,2,6,1,0.86
7/1/2021,2021,7,B012,7,914,238.09,273.12
7/1/2021,2021,7,B013,5,881,143.38,120.11
7/1/2021,2021,7,B014,2,6,0.9,0.98
7/1/2021,2021,7,B015,2,32,10.46,9.06
7/1/2021,2021,7,B016,9,918,106.54,124.68
7/1/2021,2021,7,B017,1,135,16.9,19.43
7/1/2021,2021,7,B018,4,142,234.32,255.01
7/1/2021,2021,7,B019,2,8,8,7
7/1/2021,2021,7,B022,2,14,166,186
7/1/2021,2021,7,B023,17,1161,1817.49,1920.88
7/1/2021,2021,7,B032,1,234,52.79,48.38
7/1/2021,2021,7,B040,3,258,96.02,110.41
7/1/2021,2021,7,B043,2,74,10.43,11.69
7/1/2021,2021,7,B049,2,420,111.23,130.13
7/1/2021,2021,7,B052,10,413,38.81,35.85
7/1/2021,2021,7,B053,2,4,3.15,3.45
7/1/2021,2021,7,B055,1,2,0.51,0.58
7/1/2021,2021,7,B057,7,32,6.64,7.43
7/1/2021,2021,7,B062,5,189,37.85,44.65
7/1/2021,2021,7,B063,1,24,4.94,5.58
7/1/2021,2021,7,B065,3,357,71.7,76.54
7/1/2021,2021,7,B066,1,16,0.78,0.67
7/1/2021,2021,7,B069,9,377,383,357
7/1/2021,2021,7,B071,17,1297,362.62,390.99
7/1/2021,2021,7,B072,1,1,2,1
7/1/2021,2021,7,B075,1,1,8.46,9.08
7/1/2021,2021,7,B076,2,8,33,37
7/1/2021,2021,7,B077,9,378,498,565
7/1/2021,2021,7,B078,3,5,3.3,3.85
7/1/2021,2021,7,B079,8,375,32609,35982
7/1/2021,2021,7,B081,8,368,370.78,323.66
7/1/2021,2021,7,B082,7,181,1418.94,1540.49
7/1/2021,2021,7,B086,2,5,99.48,93.91
7/1/2021,2021,7,B088,4,33,570.27,616.7
7/1/2021,2021,7,B089,1,294,6581.29,6946.49
7/1/2021,2021,7,B093,1,1,27.57,25.19
7/1/2021,2021,7,B096,4,48,823.69,763.3
7/1/2021,2021,7,B097,1,44,175.57,159.51
7/1/2021,2021,7,B102,7,364,2851.21,2541.76
7/1/2021,2021,7,B104,1,1,8.73,8.1
7/1/2021,2021,7,B106,4,18,122.03,138.24
7/1/2021,2021,7,B108,8,371,734,648
7/1/2021,2021,7,B114,3,5,9,10
7/1/2021,2021,7,B115,3,16,32,28
7/1/2021,2021,7,B116,7,225,609,699
7/1/2021,2021,7,B117,3,357,70.3,81.38
7/1/2021,2021,7,B118,10,379,5166,5531
7/1/2021,2021,7,B119,6,118,115,95
7/1/2021,2021,7,B120,3,135,309,264
7/1/2021,2021,7,B121,2,8,8,9
7/1/2021,2021,7,B123,8,371,381,418
7/1/2021,2021,7,B127,4,6,12,13
7/1/2021,2021,7,B131,1,44,46,39
7/1/2021,2021,7,B132,10,406,930.05,794.05
7/1/2021,2021,7,B136,1,2,9.8,10.49
7/1/2021,2021,7,B137,1,22,16.14,18.15
7/1/2021,2021,7,B138,3,20,8.2,9
7/1/2021,2021,7,B143,1,1,0.99,1.12
7/1/2021,2021,7,B144,1,19,13.92,14.82
7/1/2021,2021,7,B145,3,24,26.95,30.77
7/1/2021,2021,7,B146,1,2,2.51,2.86
7/1/2021,2021,7,B147,1,418,1269.5,1472.79
7/1/2021,2021,7,B150,1,1,0.94,1.1
7/1/2021,2021,7,B151,1,1,4.15,4.62
7/1/2021,2021,7,B153,1,1,2.11,1.84
7/1/2021,2021,7,B156,1,1,1.04,0.92
7/1/2021,2021,7,B158,5,38,76.93,87.26
7/1/2021,2021,7,B160,1,13,8.27,8.76
7/1/2021,2021,7,B161,8,69,191.61,222.63
7/1/2021,2021,7,B164,2,5,29.96,33.21
7/1/2021,2021,7,B165,2,2,5.9,6.55
7/1/2021,2021,7,B166,1,135,875,1028
7/1/2021,2021,7,B167,1,10,5,6
7/1/2021,2021,7,B168,1,3,3,2
7/1/2021,2021,7,B169,1,112,104,93
7/1/2021,2021,7,B170,1,2,5.63,6.03
7/1/2021,2021,7,B171,4,251,417,368
7/1/2021,2021,7,B175,8,172,171.35,193.7
7/1/2021,2021,7,B183,1,1,93,98
7/1/2021,2021,7,B185,3,4,4,3
7/1/2021,2021,7,B188,1,8,8,9
7/1/2021,2021,7,B189,2,126,123,144
7/1/2021,2021,7,B192,17,1412,283.6,330.89
7/1/2021,2021,7,B205,17,1414,8947.09,9904.38
7/1/2021,2021,7,B207,1,115,122,105
7/1/2021,2021,7,B209,1,2,2,1
7/1/2021,2021,7,B215,3,35,34,38
7/1/2021,2021,7,B224,1,2,3,4
7/1/2021,2021,7,B227,2,2,12,11
7/1/2021,2021,7,B229,2,249,1392.44,1595.82
7/1/2021,2021,7,B237,17,951,168.05,188.54
7/1/2021,2021,7,B238,1,16,1.53,1.63
7/1/2021,2021,7,B239,16,1262,1127.92,1272.63
7/1/2021,2021,7,B241,17,851,1051.89,1109.21
7/1/2021,2021,7,B242,8,536,166.57,151.08
7/1/2021,2021,7,B255,8,172,92.93,100.87
7/1/2021,2021,7,B259,8,375,17012,18289
7/1/2021,2021,7,B260,8,371,365,303
7/1/2021,2021,7,B261,4,6,6,7
7/1/2021,2021,7,B262,5,285,299.1,270.83
7/1/2021,2021,7,B263,9,338,161.07,146.34
7/1/2021,2021,7,B264,7,331,157.02,177.53
7/1/2021,2021,7,B265,15,442,351.04,383.55
7/1/2021,2021,7,B266,5,27,377,431
7/1/2021,2021,7,B269,9,1044,686,610
7/1/2021,2021,7,B284,1,3,3,4
7/1/2021,2021,7,B286,1,1,1,1
7/1/2021,2021,7,B292,1,115,104,90
7/1/2021,2021,7,B300,1,11,67,74
7/1/2021,2021,7,B301,1,112,345,392
7/1/2021,2021,7,B303,3,4,10,9
7/1/2021,2021,7,B304,1,33,32,35
7/1/2021,2021,7,B305,4,33,45,52
7/1/2021,2021,7,B306,1,7,44,47
7/1/2021,2021,7,B309,4,6,6,5
7/1/2021,2021,7,B312,4,22,116,132
7/1/2021,2021,7,B314,2,114,165,193
7/1/2021,2021,7,B315,1,16,0.82,0.9
7/1/2021,2021,7,B317,1,1,0.14,0.16
7/1/2021,2021,7,B319,17,1313,427.58,456.5
7/1/2021,2021,7,B320,10,379,177.06,147.44
7/1/2021,2021,7,B321,10,379,5110,5573
7/1/2021,2021,7,B322,9,372,12407,13783
7/1/2021,2021,7,B323,1,115,112,118
7/1/2021,2021,7,B324,1,173,653,568
7/1/2021,2021,7,B325,1,112,170,140
7/1/2021,2021,7,B326,1,1,2,3
7/1/2021,2021,7,B327,1,1,9,8
7/1/2021,2021,7,B333,1,6,28,31
7/1/2021,2021,7,B339,1,10,41,45
7/1/2021,2021,7,B343,1,10,38,41
7/1/2021,2021,7,B352,3,134,125.24,145.72
7/1/2021,2021,7,B354,1,1,0.41,0.47
7/1/2021,2021,7,B356,2,5,3,2
7/1/2021,2021,7,B372,8,335,965.55,1134.78
7/1/2021,2021,7,B375,3,34,63.75,53.5
7/1/2021,2021,7,B376,1,322,765.5,826.31
7/1/2021,2021,7,B377,17,1414,335.19,360.84
7/1/2021,2021,7,B380,1,351,206.66,237.8
7/1/2021,2021,7,B381,15,1406,760.71,847.38
7/1/2021,2021,7,B382,2,6,2.16,2.28
7/1/2021,2021,7,B387,1,193,192,221
7/1/2021,2021,7,B490,1,1,2.05,2.18
7/1/2021,2021,7,B492,1,16,0.63,0.73
7/1/2021,2021,7,B494,1,115,108,122
7/1/2021,2021,7,B497,1,16,1.56,1.66
7/1/2021,2021,7,B507,2,2,0.78,0.85
7/1/2021,2021,7,B508,1,7,6.37,7.4
7/1/2021,2021,7,B5120,1,6,23,25
8/1/2021,2021,8,B002,1,84,81,93
8/1/2021,2021,8,B010,8,363,21.65,24.09
8/1/2021,2021,8,B011,1,6,1.06,1
8/1/2021,2021,8,B012,5,736,157.13,175.69
8/1/2021,2021,8,B013,4,734,95.33,100.75
8/1/2021,2021,8,B014,1,6,0.93,0.88
8/1/2021,2021,8,B015,1,1,2.36,2.69
8/1/2021,2021,8,B016,6,741,67.1,73.29
8/1/2021,2021,8,B017,1,117,13.72,14.93
8/1/2021,2021,8,B018,2,122,167.48,195.53
8/1/2021,2021,8,B020,2,8,8,9
8/1/2021,2021,8,B023,14,968,1561.82,1813.78
8/1/2021,2021,8,B029,1,84,84,96
8/1/2021,2021,8,B032,1,119,24.65,28.54
8/1/2021,2021,8,B040,2,120,62.15,71.91
8/1/2021,2021,8,B043,1,70,7.47,8.17
8/1/2021,2021,8,B047,1,13,2.81,3.14
8/1/2021,2021,8,B049,1,267,81.42,73.95
8/1/2021,2021,8,B052,8,382,31.46,37.11
8/1/2021,2021,8,B057,5,37,5.39,5.98
8/1/2021,2021,8,B058,1,1,0.15,0.16
8/1/2021,2021,8,B062,4,171,38.85,33.26
8/1/2021,2021,8,B065,2,122,25.12,26.97
8/1/2021,2021,8,B069,9,363,366,404
8/1/2021,2021,8,B071,14,965,246.79,215.43
8/1/2021,2021,8,B072,1,1,2,3
8/1/2021,2021,8,B074,1,1,8.86,9.91
8/1/2021,2021,8,B076,2,8,31,29
8/1/2021,2021,8,B077,9,364,471,413
8/1/2021,2021,8,B078,2,2,0.31,0.34
8/1/2021,2021,8,B079,5,204,24817,26194
8/1/2021,2021,8,B080,1,42,39,45
8/1/2021,2021,8,B081,5,372,633.93,711.95
8/1/2021,2021,8,B082,5,164,1261.01,1133.83
8/1/2021,2021,8,B085,1,155,3951.42,4187.03
8/1/2021,2021,8,B086,1,1,14.19,13.15
8/1/2021,2021,8,B088,2,26,803.24,882.58
8/1/2021,2021,8,B093,1,1,29.04,31.39
8/1/2021,2021,8,B096,3,36,774.17,877
8/1/2021,2021,8,B102,7,348,2776.49,2568.5
8/1/2021,2021,8,B103,1,55,241.38,264.02
8/1/2021,2021,8,B106,4,18,159.97,183.59
8/1/2021,2021,8,B108,8,357,702,752
8/1/2021,2021,8,B114,1,2,6,5
8/1/2021,2021,8,B115,2,9,17,15
8/1/2021,2021,8,B116,4,170,512,586
8/1/2021,2021,8,B117,2,122,24.47,26.7
8/1/2021,2021,8,B118,10,365,4952,4642
8/1/2021,2021,8,B119,7,112,111,101
8/1/2021,2021,8,B120,1,129,247,286
8/1/2021,2021,8,B123,8,357,354,400
8/1/2021,2021,8,B124,1,1,1,2
8/1/2021,2021,8,B126,2,8,8,9
8/1/2021,2021,8,B127,4,6,12,13
8/1/2021,2021,8,B131,1,55,56,63
8/1/2021,2021,8,B132,8,378,849.11,958.52
8/1/2021,2021,8,B138,3,23,14.13,15.05
8/1/2021,2021,8,B144,1,57,43.55,49.65
8/1/2021,2021,8,B145,2,13,16.02,17.21
8/1/2021,2021,8,B147,1,267,985.83,1059.53
8/1/2021,2021,8,B153,1,1,1.97,2.24
8/1/2021,2021,8,B158,3,28,77.81,66.63
8/1/2021,2021,8,B161,6,58,146.75,163.84
8/1/2021,2021,8,B164,1,1,4.88,5.4
8/1/2021,2021,8,B165,1,4,3.98,4.5
8/1/2021,2021,8,B166,1,73,472,396
8/1/2021,2021,8,B168,1,5,5,6
8/1/2021,2021,8,B169,1,99,105,123
8/1/2021,2021,8,B171,2,217,400,366
8/1/2021,2021,8,B175,9,162,152.74,126.49
8/1/2021,2021,8,B185,2,2,1,2
8/1/2021,2021,8,B189,1,129,136,151
8/1/2021,2021,8,B190,1,1,1,2
8/1/2021,2021,8,B192,14,1189,199.9,215.21
8/1/2021,2021,8,B205,14,1190,7380.48,8279.61
8/1/2021,2021,8,B207,1,84,84,92
8/1/2021,2021,8,B215,4,36,37,42
8/1/2021,2021,8,B229,2,217,1286.64,1451.71
8/1/2021,2021,8,B237,14,770,143.23,162.49
8/1/2021,2021,8,B239,13,1061,906.97,1046.46
8/1/2021,2021,8,B241,14,630,873.48,982.92
8/1/2021,2021,8,B242,5,253,103.33,120.03
8/1/2021,2021,8,B255,7,152,61.73,67.45
8/1/2021,2021,8,B259,5,204,12259,10909
8/1/2021,2021,8,B260,8,357,360,383
8/1/2021,2021,8,B261,4,6,6,5
8/1/2021,2021,8,B262,4,260,281.56,322.29
8/1/2021,2021,8,B263,9,321,153.6,174.44
8/1/2021,2021,8,B264,7,314,150.48,170.79
8/1/2021,2021,8,B265,13,317,256.11,291.32
8/1/2021,2021,8,B266,6,44,598,559
8/1/2021,2021,8,B268,6,826,442,406
8/1/2021,2021,8,B284,1,5,5,4
8/1/2021,2021,8,B300,1,13,113,120
8/1/2021,2021,8,B301,1,99,324,292
8/1/2021,2021,8,B302,1,7,26,30
8/1/2021,2021,8,B303,1,1,2,3
8/1/2021,2021,8,B304,1,25,25,29
8/1/2021,2021,8,B305,3,18,22,24
8/1/2021,2021,8,B308,1,8,68,74
8/1/2021,2021,8,B309,4,6,6,7
8/1/2021,2021,8,B312,2,15,66,73
8/1/2021,2021,8,B314,1,99,161,140
8/1/2021,2021,8,B319,14,1098,389.58,427.98
8/1/2021,2021,8,B320,10,365,173.67,204.1
8/1/2021,2021,8,B321,10,365,4950,5207
8/1/2021,2021,8,B322,9,358,11766,9694
8/1/2021,2021,8,B323,1,84,79,89
8/1/2021,2021,8,B324,1,63,266,295
8/1/2021,2021,8,B325,1,99,170,152
8/1/2021,2021,8,B326,1,1,1,1
8/1/2021,2021,8,B327,1,1,9,10
8/1/2021,2021,8,B352,1,129,122.14,108.6
8/1/2021,2021,8,B354,1,1,0.38,0.43
8/1/2021,2021,8,B356,1,1,1,2
8/1/2021,2021,8,B358,1,44,306,357
8/1/2021,2021,8,B372,8,311,886.04,934.84
8/1/2021,2021,8,B375,3,26,67.29,71.48
8/1/2021,2021,8,B376,1,197,516.36,423.56
8/1/2021,2021,8,B377,14,1190,262.94,302.71
8/1/2021,2021,8,B380,1,119,72.78,78.07
8/1/2021,2021,8,B381,13,1043,547.6,587.22
8/1/2021,2021,8,B382,1,6,2.64,2.38
8/1/2021,2021,8,B383,1,69,52,46
8/1/2021,2021,8,B387,1,73,70,62
8/1/2021,2021,8,B407,1,29,27,29
8/1/2021,2021,8,B494,1,84,87,93
9/1/2021,2021,9,B002,1,136,127,142
9/1/2021,2021,9,B009,1,1,81,91
9/1/2021,2021,9,B010,7,347,20.19,23.68
9/1/2021,2021,9,B011,2,6,0.97,1.04
9/1/2021,2021,9,B012,6,815,178,163.15
9/1/2021,2021,9,B013,4,798,106.47,123.65
9/1/2021,2021,9,B014,2,6,0.94,1.07
9/1/2021,2021,9,B015,2,17,4.82,5.07
9/1/2021,2021,9,B016,8,820,73.77,83.94
9/1/2021,2021,9,B017,1,106,13.1,14.52
9/1/2021,2021,9,B018,3,109,165.99,192.48
9/1/2021,2021,9,B019,3,10,10,11
9/1/2021,2021,9,B020,3,10,10,11
9/1/2021,2021,9,B023,15,1044,1727,1935.05
9/1/2021,2021,9,B025,1,1,1,2
9/1/2021,2021,9,B029,1,136,134,157
9/1/2021,2021,9,B032,1,108,21.3,19.68
9/1/2021,2021,9,B038,1,1,0.14,0.15
9/1/2021,2021,9,B040,2,242,84.95,99.2
9/1/2021,2021,9,B041,2,6,2.4,2.21
9/1/2021,2021,9,B043,2,104,13.2,14.9
9/1/2021,2021,9,B049,2,399,112.15,104.59
9/1/2021,2021,9,B052,8,356,27.13,23.23
9/1/2021,2021,9,B053,2,2,1.52,1.3
9/1/2021,2021,9,B055,1,1,0.31,0.33
9/1/2021,2021,9,B057,7,40,6.42,7.28
9/1/2021,2021,9,B062,4,159,35.16,38.17
9/1/2021,2021,9,B063,1,11,2.21,2.36
9/1/2021,2021,9,B065,2,244,48.19,50.69
9/1/2021,2021,9,B066,1,4,0.21,0.2
9/1/2021,2021,9,B069,8,347,349,368
9/1/2021,2021,9,B071,15,1057,294.43,330.67
9/1/2021,2021,9,B072,1,1,2,1
9/1/2021,2021,9,B073,1,1,8.96,8.19
9/1/2021,2021,9,B076,3,15,56,52
9/1/2021,2021,9,B077,8,348,456,414
9/1/2021,2021,9,B078,3,6,4.23,4.65
9/1/2021,2021,9,B079,7,342,33560,38491
9/1/2021,2021,9,B081,7,347,573.96,643.27
9/1/2021,2021,9,B082,6,161,1341.63,1196.02
9/1/2021,2021,9,B086,1,2,40.38,45.74
9/1/2021,2021,9,B088,2,25,824.08,920.86
9/1/2021,2021,9,B089,1,291,6756.36,7539.98
9/1/2021,2021,9,B092,2,13,105.51,97.61
9/1/2021,2021,9,B096,4,23,504.89,579.43
9/1/2021,2021,9,B100,1,13,52.29,44.69
9/1/2021,2021,9,B102,6,325,2534.14,2705.49
9/1/2021,2021,9,B103,1,20,79.32,86.95
9/1/2021,2021,9,B104,1,1,8.3,7.85
9/1/2021,2021,9,B105,1,1,28.68,25.22
9/1/2021,2021,9,B106,4,14,113.28,129.57
9/1/2021,2021,9,B108,7,339,650,609
9/1/2021,2021,9,B114,3,7,11,12
9/1/2021,2021,9,B115,3,11,21,23
9/1/2021,2021,9,B116,6,198,607,650
9/1/2021,2021,9,B117,2,244,46.37,52.14
9/1/2021,2021,9,B118,9,349,4827,5299
9/1/2021,2021,9,B119,6,101,101,107
9/1/2021,2021,9,B120,3,124,283,328
9/1/2021,2021,9,B122,1,5,5,6
9/1/2021,2021,9,B123,7,339,341,386
9/1/2021,2021,9,B127,4,8,16,18
9/1/2021,2021,9,B131,1,33,35,39
9/1/2021,2021,9,B132,8,352,784.42,898.85
9/1/2021,2021,9,B136,1,1,4.78,4.22
9/1/2021,2021,9,B138,2,18,12.35,14.01
9/1/2021,2021,9,B141,1,398,1399.08,1625.6
9/1/2021,2021,9,B143,1,1,1.01,1.15
9/1/2021,2021,9,B144,1,82,64.26,71.22
9/1/2021,2021,9,B145,1,13,12.58,13.96
9/1/2021,2021,9,B146,1,1,0.38,0.45
9/1/2021,2021,9,B152,1,10,9.03,10.3
9/1/2021,2021,9,B154,1,6,6.93,7.67
9/1/2021,2021,9,B158,3,32,77.63,88.28
9/1/2021,2021,9,B161,8,51,133.98,122.68
9/1/2021,2021,9,B164,1,2,12.39,13.05
9/1/2021,2021,9,B165,1,4,6.23,7.3
9/1/2021,2021,9,B166,1,106,715,823
9/1/2021,2021,9,B168,1,3,3,4
9/1/2021,2021,9,B169,1,121,116,136
9/1/2021,2021,9,B170,1,2,6.21,6.99
9/1/2021,2021,9,B171,3,230,417,489
9/1/2021,2021,9,B175,8,153,142.66,151.05
9/1/2021,2021,9,B188,1,6,6,5
9/1/2021,2021,9,B189,2,116,119,110
9/1/2021,2021,9,B190,1,1,1,2
9/1/2021,2021,9,B192,15,1305,239.61,212.2
9/1/2021,2021,9,B205,15,1308,8586.59,9640.14
9/1/2021,2021,9,B207,1,136,126,116
9/1/2021,2021,9,B209,1,2,2,3
9/1/2021,2021,9,B210,1,5,5,6
9/1/2021,2021,9,B215,2,13,14,16
9/1/2021,2021,9,B225,1,2,2,3
9/1/2021,2021,9,B227,1,1,6,7
9/1/2021,2021,9,B229,2,229,1290.69,1489.2
9/1/2021,2021,9,B237,15,860,159.91,175.91
9/1/2021,2021,9,B238,1,4,0.43,0.49
9/1/2021,2021,9,B239,14,1165,1040.47,1118.57
9/1/2021,2021,9,B241,15,774,1059.45,1209.98
9/1/2021,2021,9,B242,7,407,162.97,147.56
9/1/2021,2021,9,B255,9,141,49.52,56.33
9/1/2021,2021,9,B259,7,342,17727,15639
9/1/2021,2021,9,B260,7,339,341,369
9/1/2021,2021,9,B261,4,8,8,9
9/1/2021,2021,9,B262,4,240,248.1,289.61
9/1/2021,2021,9,B263,8,331,155.16,164.31
9/1/2021,2021,9,B264,6,322,146.65,157.05
9/1/2021,2021,9,B265,14,436,378.89,444.58
9/1/2021,2021,9,B266,4,18,268,233
9/1/2021,2021,9,B270,8,975,455,481
9/1/2021,2021,9,B284,1,3,3,4
9/1/2021,2021,9,B300,1,17,151,126
9/1/2021,2021,9,B301,1,121,403,440
9/1/2021,2021,9,B303,2,3,7,8
9/1/2021,2021,9,B304,1,26,25,22
9/1/2021,2021,9,B305,3,15,19,16
9/1/2021,2021,9,B309,4,8,8,9
9/1/2021,2021,9,B312,3,20,97,80
9/1/2021,2021,9,B314,2,123,219,243
9/1/2021,2021,9,B315,1,4,0.2,0.18
9/1/2021,2021,9,B319,15,1231,426.4,465.62
9/1/2021,2021,9,B320,9,349,170.06,195.88
9/1/2021,2021,9,B321,9,349,4739,4207
9/1/2021,2021,9,B322,8,340,11451,10080
9/1/2021,2021,9,B323,1,136,128,138
9/1/2021,2021,9,B324,1,71,278,298
9/1/2021,2021,9,B325,1,121,213,251
9/1/2021,2021,9,B326,1,1,2,3
9/1/2021,2021,9,B327,1,1,10,9
9/1/2021,2021,9,B335,1,4,15,16
9/1/2021,2021,9,B339,1,4,16,17
9/1/2021,2021,9,B352,3,122,118.13,138.83
9/1/2021,2021,9,B354,1,1,0.36,0.3
9/1/2021,2021,9,B356,1,2,1,2
9/1/2021,2021,9,B372,7,315,880.26,792.37
9/1/2021,2021,9,B375,3,31,79.43,89.14
9/1/2021,2021,9,B376,1,314,731.76,799.93
9/1/2021,2021,9,B377,15,1308,324.25,287.91
9/1/2021,2021,9,B380,1,243,150.59,175.36
9/1/2021,2021,9,B381,13,1187,644.41,535.29
9/1/2021,2021,9,B387,1,84,83,72
9/1/2021,2021,9,B434,1,112,101,118
9/1/2021,2021,9,B490,1,1,1.85,1.95
9/1/2021,2021,9,B492,1,4,0.16,0.17
9/1/2021,2021,9,B493,1,1,1.84,1.74
9/1/2021,2021,9,B494,1,136,136,156
9/1/2021,2021,9,B497,1,4,0.41,0.43
9/1/2021,2021,9,B507,1,1,0.37,0.42
9/1/2021,2021,9,B508,1,15,12.67,14.9
10/1/2021,2021,10,B002,1,122,113,104
10/1/2021,2021,10,B009,1,1,87,100
10/1/2021,2021,10,B010,8,353,21.12,24.28
10/1/2021,2021,10,B011,2,9,1.31,1.13
10/1/2021,2021,10,B012,7,697,168.98,195.68
10/1/2021,2021,10,B013,4,624,93.85,105.16
10/1/2021,2021,10,B014,2,9,1.34,1.54
10/1/2021,2021,10,B015,3,74,21.04,23.11
10/1/2021,2021,10,B016,9,706,74.04,66.05
10/1/2021,2021,10,B017,1,91,11.32,12.66
10/1/2021,2021,10,B018,4,97,180.4,208.25
10/1/2021,2021,10,B019,2,11,10,11
10/1/2021,2021,10,B020,2,11,11,12
10/1/2021,2021,10,B023,16,941,1409.29,1541.72
10/1/2021,2021,10,B025,2,2,2,3
10/1/2021,2021,10,B029,1,122,128,116
10/1/2021,2021,10,B032,1,98,19.56,23.07
10/1/2021,2021,10,B038,1,1,0.06,0.07
10/1/2021,2021,10,B040,2,126,45.01,51.01
10/1/2021,2021,10,B042,1,78,28.66,24.54
10/1/2021,2021,10,B043,2,54,12.86,10.96
10/1/2021,2021,10,B052,10,383,39.28,42.64
10/1/2021,2021,10,B053,3,11,5.04,5.39
10/1/2021,2021,10,B054,3,240,58.09,64.98
10/1/2021,2021,10,B055,2,10,1.61,1.69
10/1/2021,2021,10,B057,7,48,8.75,7.66
10/1/2021,2021,10,B062,4,158,32.84,29.53
10/1/2021,2021,10,B065,2,211,42.43,44.96
10/1/2021,2021,10,B066,2,39,2.02,1.87
10/1/2021,2021,10,B069,8,351,343,393
10/1/2021,2021,10,B071,17,971,258.44,289.65
10/1/2021,2021,10,B072,1,2,4,3
10/1/2021,2021,10,B073,1,2,17.86,19.31
10/1/2021,2021,10,B076,2,11,45,51
10/1/2021,2021,10,B077,8,353,471,411
10/1/2021,2021,10,B078,4,8,5.51,4.86
10/1/2021,2021,10,B079,8,237,19246,21478
10/1/2021,2021,10,B080,1,89,94,102
10/1/2021,2021,10,B081,8,393,611.37,644.98
10/1/2021,2021,10,B082,7,156,1381.23,1277.76
10/1/2021,2021,10,B086,1,2,39.56,45.4
10/1/2021,2021,10,B088,3,34,906.62,970.59
10/1/2021,2021,10,B089,1,172,2997.09,2459.37
10/1/2021,2021,10,B092,4,26,223.15,238.24
10/1/2021,2021,10,B093,1,1,28.57,31.32
10/1/2021,2021,10,B096,4,27,449.74,514.41
10/1/2021,2021,10,B102,6,332,2607.65,2226.34
10/1/2021,2021,10,B104,2,2,16.49,19.11
10/1/2021,2021,10,B108,8,343,677,743
10/1/2021,2021,10,B115,3,18,34,39
10/1/2021,2021,10,B116,7,131,318,362
10/1/2021,2021,10,B117,2,211,42.35,49.13
10/1/2021,2021,10,B118,9,354,4845,5161
10/1/2021,2021,10,B119,6,117,118,130
10/1/2021,2021,10,B120,3,107,254,297
10/1/2021,2021,10,B123,8,343,332,290
10/1/2021,2021,10,B127,4,8,16,17
10/1/2021,2021,10,B132,10,377,854.82,929.28
10/1/2021,2021,10,B133,1,1,0.88,1
10/1/2021,2021,10,B136,2,2,9.37,11.01
10/1/2021,2021,10,B138,3,22,13.11,11.23
10/1/2021,2021,10,B143,3,7,15.22,17.02
10/1/2021,2021,10,B145,2,10,11.69,13.21
10/1/2021,2021,10,B146,2,4,4.58,3.85
10/1/2021,2021,10,B150,2,2,2.01,2.21
10/1/2021,2021,10,B151,2,2,4.32,3.96
10/1/2021,2021,10,B152,2,27,19.77,23.2
10/1/2021,2021,10,B153,1,1,2.11,2.22
10/1/2021,2021,10,B154,2,36,31.87,33.56
10/1/2021,2021,10,B155,1,1,3.31,3.88
10/1/2021,2021,10,B156,2,2,1.16,1.34
10/1/2021,2021,10,B158,5,41,95.92,103.17
10/1/2021,2021,10,B159,1,236,642.87,752.12
10/1/2021,2021,10,B161,8,58,135.45,158.92
10/1/2021,2021,10,B164,1,2,11.92,10.78
10/1/2021,2021,10,B165,3,7,6.96,7.37
10/1/2021,2021,10,B166,1,91,618,550
10/1/2021,2021,10,B168,1,5,5,6
10/1/2021,2021,10,B169,1,45,47,52
10/1/2021,2021,10,B170,1,3,8.45,9.01
10/1/2021,2021,10,B171,3,138,221,258
10/1/2021,2021,10,B175,8,154,146.56,162.24
10/1/2021,2021,10,B186,2,2,2,1
10/1/2021,2021,10,B189,3,105,103,118
10/1/2021,2021,10,B192,17,1182,236.82,250.33
10/1/2021,2021,10,B195,4,9,12,13
10/1/2021,2021,10,B205,17,1184,7203.12,8035.27
10/1/2021,2021,10,B207,1,122,119,134
10/1/2021,2021,10,B209,1,3,3,4
10/1/2021,2021,10,B215,3,17,16,18
10/1/2021,2021,10,B227,1,1,6,7
10/1/2021,2021,10,B229,2,137,812.79,873.8
10/1/2021,2021,10,B231,1,3,3,4
10/1/2021,2021,10,B237,16,710,123.97,103.32
10/1/2021,2021,10,B238,2,39,3.79,4.26
10/1/2021,2021,10,B239,16,1051,793.85,706.43
10/1/2021,2021,10,B241,17,709,782.47,703.17
10/1/2021,2021,10,B242,8,354,119.05,136.27
10/1/2021,2021,10,B255,10,149,129.1,151.48
10/1/2021,2021,10,B259,8,237,10240,10903
10/1/2021,2021,10,B260,8,343,349,369
10/1/2021,2021,10,B261,4,8,8,9
10/1/2021,2021,10,B262,3,176,143.13,163.02
10/1/2021,2021,10,B263,8,329,157.06,184.74
10/1/2021,2021,10,B264,7,320,148.6,125.26
10/1/2021,2021,10,B265,16,351,254.3,295.7
10/1/2021,2021,10,B266,5,25,345,310
10/1/2021,2021,10,B269,9,848,625,714
10/1/2021,2021,10,B284,1,5,5,6
10/1/2021,2021,10,B301,1,45,85,90
10/1/2021,2021,10,B302,1,8,32,27
10/1/2021,2021,10,B303,2,2,5,6
10/1/2021,2021,10,B304,1,22,23,26
10/1/2021,2021,10,B305,2,5,11,10
10/1/2021,2021,10,B309,4,8,8,9
10/1/2021,2021,10,B310,1,20,187,215
10/1/2021,2021,10,B312,3,14,66,58
10/1/2021,2021,10,B314,2,48,47,50
10/1/2021,2021,10,B315,2,39,1.98,2.33
10/1/2021,2021,10,B319,17,1139,412.69,353.33
10/1/2021,2021,10,B320,9,354,169.57,192.41
10/1/2021,2021,10,B321,9,354,4792,5516
10/1/2021,2021,10,B322,9,344,11972,13930
10/1/2021,2021,10,B323,1,122,119,129
10/1/2021,2021,10,B324,1,93,393,447
10/1/2021,2021,10,B325,1,45,46,50
10/1/2021,2021,10,B326,1,2,4,3
10/1/2021,2021,10,B327,1,1,10,9
10/1/2021,2021,10,B331,2,23,90,102
10/1/2021,2021,10,B333,2,23,119,126
10/1/2021,2021,10,B339,2,16,63,67
10/1/2021,2021,10,B343,2,16,66,75
10/1/2021,2021,10,B352,3,105,109.08,115.09
10/1/2021,2021,10,B354,1,2,0.73,0.82
10/1/2021,2021,10,B356,1,2,1,1
10/1/2021,2021,10,B372,7,317,879.65,1009.69
10/1/2021,2021,10,B375,2,19,65.51,73.16
10/1/2021,2021,10,B376,1,160,306.56,346.39
10/1/2021,2021,10,B377,17,1184,271.95,236.01
10/1/2021,2021,10,B380,1,208,119.74,106.95
10/1/2021,2021,10,B381,15,1084,579.59,624.41
10/1/2021,2021,10,B382,2,9,3.25,3.74
10/1/2021,2021,10,B387,1,101,99,107
10/1/2021,2021,10,B491,2,2,4.61,4.97
10/1/2021,2021,10,B492,2,39,1.54,1.64
10/1/2021,2021,10,B494,1,122,119,110
10/1/2021,2021,10,B497,2,39,3.95,4.44
10/1/2021,2021,10,B507,1,1,0.38,0.35
10/1/2021,2021,10,B508,2,17,15.21,16.35
11/1/2021,2021,11,B010,10,462,27.71,32.06
11/1/2021,2021,11,B011,2,6,0.95,1
11/1/2021,2021,11,B012,7,737,172.09,158.98
11/1/2021,2021,11,B013,4,696,100.86,110.34
11/1/2021,2021,11,B014,2,6,0.89,0.96
11/1/2021,2021,11,B015,3,40,9.73,11.06
11/1/2021,2021,11,B016,9,741,74.18,68.82
11/1/2021,2021,11,B017,1,85,10.63,11.89
11/1/2021,2021,11,B018,3,88,143.22,156.57
11/1/2021,2021,11,B019,3,15,15,14
11/1/2021,2021,11,B020,3,22,21,24
11/1/2021,2021,11,B023,19,1098,1830.64,2066.51
11/1/2021,2021,11,B024,1,1,1,2
11/1/2021,2021,11,B030,3,94,62.66,71.02
11/1/2021,2021,11,B032,1,86,16.78,14.37
11/1/2021,2021,11,B033,3,317,72.83,62.09
11/1/2021,2021,11,B042,2,209,70.79,76.85
11/1/2021,2021,11,B043,3,70,12.01,12.84
11/1/2021,2021,11,B047,1,5,0.92,0.81
11/1/2021,2021,11,B052,12,493,36.29,32.63
11/1/2021,2021,11,B053,3,11,5.07,4.63
11/1/2021,2021,11,B055,2,9,1.28,1.36
11/1/2021,2021,11,B057,7,43,7.15,6.5
11/1/2021,2021,11,B062,4,144,30.94,27.58
11/1/2021,2021,11,B065,2,210,38.92,41.7
11/1/2021,2021,11,B066,2,15,0.78,0.88
11/1/2021,2021,11,B069,11,464,460,513
11/1/2021,2021,11,B071,19,1088,281.32,296.79
11/1/2021,2021,11,B076,3,11,46,53
11/1/2021,2021,11,B077,11,464,612,708
11/1/2021,2021,11,B078,4,5,2.58,2.76
11/1/2021,2021,11,B079,8,270,28783,23619
11/1/2021,2021,11,B081,8,375,666.2,730.14
11/1/2021,2021,11,B082,6,133,1483.46,1583.77
11/1/2021,2021,11,B086,1,2,40.2,45.98
11/1/2021,2021,11,B088,2,35,1324.91,1241.94
11/1/2021,2021,11,B089,1,229,5059.03,4605
11/1/2021,2021,11,B096,4,32,653.79,699.66
11/1/2021,2021,11,B098,2,10,78.31,85.97
11/1/2021,2021,11,B102,9,446,3461.8,3907.86
11/1/2021,2021,11,B104,1,1,8.16,8.69
11/1/2021,2021,11,B106,4,11,78.5,89.37
11/1/2021,2021,11,B108,10,450,883,941
11/1/2021,2021,11,B115,3,16,29,27
11/1/2021,2021,11,B116,6,171,496,438
11/1/2021,2021,11,B117,2,210,40.89,43.95
11/1/2021,2021,11,B118,12,465,6310,7158
11/1/2021,2021,11,B119,8,142,143,128
11/1/2021,2021,11,B120,4,96,244,258
11/1/2021,2021,11,B123,10,450,448,510
11/1/2021,2021,11,B127,7,14,28,30
11/1/2021,2021,11,B132,12,487,1070.23,1221.05
11/1/2021,2021,11,B133,2,2,1.99,2.22
11/1/2021,2021,11,B136,2,2,10.48,8.8
11/1/2021,2021,11,B138,2,24,19.69,22.39
11/1/2021,2021,11,B143,3,7,14.61,15.37
11/1/2021,2021,11,B144,1,38,29.51,31.07
11/1/2021,2021,11,B146,2,3,4.41,5.08
11/1/2021,2021,11,B147,1,314,1047.26,928.82
11/1/2021,2021,11,B150,2,2,1.99,2.24
11/1/2021,2021,11,B151,2,2,7.97,9.35
11/1/2021,2021,11,B152,2,10,7.16,8.35
11/1/2021,2021,11,B154,1,10,10.14,9.17
11/1/2021,2021,11,B158,5,32,97.23,114.67
11/1/2021,2021,11,B161,8,60,144.03,167.85
11/1/2021,2021,11,B164,1,2,12.89,14.91
11/1/2021,2021,11,B165,3,11,11.16,12.35
11/1/2021,2021,11,B166,1,85,711,829
11/1/2021,2021,11,B168,1,3,3,2
11/1/2021,2021,11,B169,1,96,94,87
11/1/2021,2021,11,B171,3,183,314,330
11/1/2021,2021,11,B175,9,207,192.11,215.51
11/1/2021,2021,11,B185,2,2,2,3
11/1/2021,2021,11,B188,1,5,5,6
11/1/2021,2021,11,B189,2,89,96,110
11/1/2021,2021,11,B192,19,1206,203.45,229.41
11/1/2021,2021,11,B193,1,1,82,74
11/1/2021,2021,11,B195,3,5,5,6
11/1/2021,2021,11,B196,1,11,44,47
11/1/2021,2021,11,B205,19,1209,7339.84,8083.85
11/1/2021,2021,11,B210,1,7,7,6
11/1/2021,2021,11,B215,5,47,46,50
11/1/2021,2021,11,B227,1,1,6,5
11/1/2021,2021,11,B229,2,182,914.91,814.16
11/1/2021,2021,11,B237,19,863,164.24,172.93
11/1/2021,2021,11,B238,2,15,1.44,1.32
11/1/2021,2021,11,B239,18,1178,943.67,832.49
11/1/2021,2021,11,B241,19,846,1050.98,1114.65
11/1/2021,2021,11,B242,8,367,145.94,170.35
11/1/2021,2021,11,B255,10,137,77.66,90.3
11/1/2021,2021,11,B259,8,270,14558,16628
11/1/2021,2021,11,B260,10,450,453,498
11/1/2021,2021,11,B261,7,14,14,16
11/1/2021,2021,11,B262,4,186,190.68,220.95
11/1/2021,2021,11,B263,11,417,195.24,161.65
11/1/2021,2021,11,B264,9,402,186.39,205.82
11/1/2021,2021,11,B265,17,452,347.57,403.4
11/1/2021,2021,11,B266,6,48,669,718
11/1/2021,2021,11,B269,9,767,530,445
11/1/2021,2021,11,B284,1,3,3,2
11/1/2021,2021,11,B298,1,1,1,1
11/1/2021,2021,11,B301,1,96,291,258
11/1/2021,2021,11,B303,2,2,5,6
11/1/2021,2021,11,B304,1,10,10,11
11/1/2021,2021,11,B305,3,11,17,20
11/1/2021,2021,11,B309,7,14,14,12
11/1/2021,2021,11,B310,1,22,248,281
11/1/2021,2021,11,B312,3,24,104,121
11/1/2021,2021,11,B314,1,96,143,163
11/1/2021,2021,11,B315,2,15,0.75,0.81
11/1/2021,2021,11,B319,19,1172,377.98,401.3
11/1/2021,2021,11,B320,12,465,218.91,246.64
11/1/2021,2021,11,B321,12,465,6211,5381
11/1/2021,2021,11,B322,11,451,14797,13157
11/1/2021,2021,11,B324,1,96,391,443
11/1/2021,2021,11,B325,1,96,144,169
11/1/2021,2021,11,B327,1,2,20,22
11/1/2021,2021,11,B333,1,9,46,52
11/1/2021,2021,11,B339,1,6,22,24
11/1/2021,2021,11,B341,1,9,38,42
11/1/2021,2021,11,B343,1,3,15,17
11/1/2021,2021,11,B344,1,3,10,11
11/1/2021,2021,11,B356,1,1,1,2
11/1/2021,2021,11,B372,10,409,1161.29,1334.79
11/1/2021,2021,11,B375,3,19,47.73,50.69
11/1/2021,2021,11,B376,1,200,451.86,381.68
11/1/2021,2021,11,B377,19,1209,266.72,289.59
11/1/2021,2021,11,B380,1,209,126.39,110.95
11/1/2021,2021,11,B381,17,1082,555.19,603.21
11/1/2021,2021,11,B382,2,6,2.24,2.4
11/1/2021,2021,11,B387,1,96,94,101
11/1/2021,2021,11,B392,1,118,116,107
11/1/2021,2021,11,B490,2,2,3.94,4.26
11/1/2021,2021,11,B492,2,15,0.6,0.69
11/1/2021,2021,11,B497,2,15,1.52,1.39
11/1/2021,2021,11,B507,2,6,4.67,5.04
11/1/2021,2021,11,B508,2,21,18.07,19.85
12/1/2021,2021,12,B010,9,555,33.52,39.14
12/1/2021,2021,12,B011,2,7,1.02,0.94
12/1/2021,2021,12,B012,6,766,169.26,138.86
12/1/2021,2021,12,B013,4,725,99.45,112.26
12/1/2021,2021,12,B014,2,7,0.93,1.03
12/1/2021,2021,12,B015,2,38,9.4,8.77
12/1/2021,2021,12,B016,8,770,73.23,63.25
12/1/2021,2021,12,B017,1,113,14.63,16.23
12/1/2021,2021,12,B018,2,116,171.98,188.77
12/1/2021,2021,12,B019,4,32,32,30
12/1/2021,2021,12,B020,4,32,33,37
12/1/2021,2021,12,B022,3,32,361,309
12/1/2021,2021,12,B023,17,1320,2101.11,1791.2
12/1/2021,2021,12,B024,1,2,1,2
12/1/2021,2021,12,B029,1,137,134,148
12/1/2021,2021,12,B032,1,116,21.6,23.45
12/1/2021,2021,12,B033,2,361,77.79,83.14
12/1/2021,2021,12,B040,2,231,86.91,100.78
12/1/2021,2021,12,B043,2,98,14.28,13.05
12/1/2021,2021,12,B050,1,1,0.13,0.15
12/1/2021,2021,12,B052,10,563,39.79,35.47
12/1/2021,2021,12,B053,1,2,1.86,2.01
12/1/2021,2021,12,B055,1,1,0.2,0.21
12/1/2021,2021,12,B057,7,44,5.32,4.64
12/1/2021,2021,12,B062,3,56,7.4,6.85
12/1/2021,2021,12,B063,1,8,1.68,1.84
12/1/2021,2021,12,B065,2,234,44.65,38.64
12/1/2021,2021,12,B066,1,25,1.21,1.39
12/1/2021,2021,12,B071,17,1191,282.58,309.7
12/1/2021,2021,12,B072,1,1,2,3
12/1/2021,2021,12,B074,1,1,9.32,8.81
12/1/2021,2021,12,B076,4,16,63,72
12/1/2021,2021,12,B077,10,558,731,798
12/1/2021,2021,12,B078,3,6,3.54,3.32
12/1/2021,2021,12,B079,7,273,25252,22986
12/1/2021,2021,12,B081,7,314,457.44,385.77
12/1/2021,2021,12,B082,4,47,601.17,513.26
12/1/2021,2021,12,B086,1,2,38.9,41.63
12/1/2021,2021,12,B088,3,20,383.73,421.26
12/1/2021,2021,12,B089,1,219,5416.63,5710.3
12/1/2021,2021,12,B090,1,67,278.94,323.25
12/1/2021,2021,12,B091,1,1,10.67,12.06
12/1/2021,2021,12,B096,4,30,585.71,666.79
12/1/2021,2021,12,B102,8,536,4359.19,4995.13
12/1/2021,2021,12,B106,4,24,216.13,190.78
12/1/2021,2021,12,B108,9,550,1120,1270
12/1/2021,2021,12,B113,10,557,575,655
12/1/2021,2021,12,B114,3,7,11,12
12/1/2021,2021,12,B115,3,10,18,20
12/1/2021,2021,12,B116,6,183,527,619
12/1/2021,2021,12,B117,2,234,45.98,48.77
12/1/2021,2021,12,B118,11,559,7660,6559
12/1/2021,2021,12,B119,7,186,187,167
12/1/2021,2021,12,B120,2,11,100,107
12/1/2021,2021,12,B123,9,550,552,617
12/1/2021,2021,12,B127,4,7,14,16
12/1/2021,2021,12,B131,1,67,69,63
12/1/2021,2021,12,B132,10,560,1260.01,1478.54
12/1/2021,2021,12,B135,1,165,541.35,634.39
12/1/2021,2021,12,B136,1,1,4.77,5.49
12/1/2021,2021,12,B138,2,13,5.84,6.28
12/1/2021,2021,12,B144,1,53,41.06,37.13
12/1/2021,2021,12,B145,2,11,12.69,13.44
12/1/2021,2021,12,B146,1,1,2.11,1.88
12/1/2021,2021,12,B147,1,195,619.23,522.48
12/1/2021,2021,12,B148,1,1,0.98,1.16
12/1/2021,2021,12,B151,1,1,4.19,4.88
12/1/2021,2021,12,B152,1,17,11.55,12.43
12/1/2021,2021,12,B153,1,1,2.04,2.32
12/1/2021,2021,12,B154,1,13,6.03,6.97
12/1/2021,2021,12,B156,1,1,1.05,1.22
12/1/2021,2021,12,B158,4,34,65.24,57.44
12/1/2021,2021,12,B161,8,60,130.72,137.52
12/1/2021,2021,12,B164,1,2,13.28,14.56
12/1/2021,2021,12,B165,1,5,7.31,8.2
12/1/2021,2021,12,B166,1,113,748,648
12/1/2021,2021,12,B168,1,3,3,4
12/1/2021,2021,12,B169,1,98,95,109
12/1/2021,2021,12,B175,10,240,233.25,261.87
12/1/2021,2021,12,B183,1,1,84,76
12/1/2021,2021,12,B187,1,1,1,2
12/1/2021,2021,12,B188,1,8,8,9
12/1/2021,2021,12,B192,17,1465,244.23,221.52
12/1/2021,2021,12,B196,2,16,66,75
12/1/2021,2021,12,B205,17,1469,8723.97,9469.64
12/1/2021,2021,12,B207,1,137,132,145
12/1/2021,2021,12,B208,1,137,102,117
12/1/2021,2021,12,B212,1,1,2,1
12/1/2021,2021,12,B215,4,54,54,59
12/1/2021,2021,12,B227,1,1,6,7
12/1/2021,2021,12,B228,3,213,406,373
12/1/2021,2021,12,B229,2,212,1264.4,1115.44
12/1/2021,2021,12,B237,17,920,167.77,182.64
12/1/2021,2021,12,B238,1,25,2.39,2.79
12/1/2021,2021,12,B239,16,1259,1094.13,1164.92
12/1/2021,2021,12,B241,17,937,1140.98,1208.52
12/1/2021,2021,12,B242,7,386,120.16,103.46
12/1/2021,2021,12,B255,9,156,55.19,64.06
12/1/2021,2021,12,B259,7,273,13196,11079
12/1/2021,2021,12,B260,9,550,551,584
12/1/2021,2021,12,B261,4,7,7,6
12/1/2021,2021,12,B262,4,154,305.65,348.05
12/1/2021,2021,12,B263,10,491,236.84,264.73
12/1/2021,2021,12,B264,8,483,231.33,270.92
12/1/2021,2021,12,B265,16,447,334.39,368.62
12/1/2021,2021,12,B266,7,36,483,539
12/1/2021,2021,12,B269,8,913,689,736
12/1/2021,2021,12,B271,1,1,4.75,5.18
12/1/2021,2021,12,B284,1,3,3,4
12/1/2021,2021,12,B300,1,12,77,87
12/1/2021,2021,12,B301,1,98,338,389
12/1/2021,2021,12,B303,2,2,5,6
12/1/2021,2021,12,B304,1,24,23,26
12/1/2021,2021,12,B305,3,12,16,17
12/1/2021,2021,12,B309,4,7,7,8
12/1/2021,2021,12,B312,3,14,70,62
12/1/2021,2021,12,B314,1,98,154,175
12/1/2021,2021,12,B315,1,25,1.26,1.48
12/1/2021,2021,12,B319,17,1354,464.73,493.47
12/1/2021,2021,12,B320,11,559,272.47,305.66
12/1/2021,2021,12,B321,11,559,7650,8763
12/1/2021,2021,12,B322,10,551,18480,21719
12/1/2021,2021,12,B323,1,137,140,158
12/1/2021,2021,12,B324,1,111,438,369
12/1/2021,2021,12,B325,1,98,155,130
12/1/2021,2021,12,B331,1,8,33,37
12/1/2021,2021,12,B333,1,13,70,77
12/1/2021,2021,12,B339,1,12,47,43
12/1/2021,2021,12,B340,1,5,22,24
12/1/2021,2021,12,B343,1,12,51,45
12/1/2021,2021,12,B352,1,8,8.09,9.29
12/1/2021,2021,12,B354,1,1,0.39,0.44
12/1/2021,2021,12,B372,9,475,1341.23,1439.87
12/1/2021,2021,12,B375,3,27,77.78,84.15
12/1/2021,2021,12,B376,1,272,661.51,698.83
12/1/2021,2021,12,B377,17,1469,305.15,328.2
12/1/2021,2021,12,B380,1,231,140.44,162.01
12/1/2021,2021,12,B381,15,1321,624.69,724.37
12/1/2021,2021,12,B382,2,7,2.4,2.22
12/1/2021,2021,12,B387,1,120,122,141
12/1/2021,2021,12,B433,1,137,126,145
12/1/2021,2021,12,B490,1,1,2.15,2.34
12/1/2021,2021,12,B492,1,25,1.01,0.89
12/1/2021,2021,12,B494,1,137,145,119
12/1/2021,2021,12,B497,1,25,2.53,2.73
12/1/2021,2021,12,B507,2,7,3.14,3.57
1/1/2022,2022,1,B009,1,1,89,97
1/1/2022,2022,1,B010,7,238,13.49,11.4
1/1/2022,2022,1,B011,2,8,1.41,1.17
1/1/2022,2022,1,B012,5,108,27.4,25.3
1/1/2022,2022,1,B013,3,77,9.16,10.71
1/1/2022,2022,1,B014,2,8,1.27,1.4
1/1/2022,2022,1,B015,2,30,9.31,8.3
1/1/2022,2022,1,B016,7,114,11.75,10.23
1/1/2022,2022,1,B018,2,4,40.57,44.97
1/1/2022,2022,1,B019,2,11,12,11
1/1/2022,2022,1,B020,2,11,12,13
1/1/2022,2022,1,B023,14,343,690.77,732.14
1/1/2022,2022,1,B040,1,2,1.56,1.69
1/1/2022,2022,1,B043,1,19,6.12,6.94
1/1/2022,2022,1,B048,1,1,0.16,0.18
1/1/2022,2022,1,B049,1,2,0.62,0.69
1/1/2022,2022,1,B051,1,3,1.36,1.44
1/1/2022,2022,1,B052,8,264,26.74,28.18
1/1/2022,2022,1,B053,2,6,2.75,2.9
1/1/2022,2022,1,B055,1,4,0.52,0.55
1/1/2022,2022,1,B057,7,38,6.85,6.22
1/1/2022,2022,1,B062,3,60,8.72,9.33
1/1/2022,2022,1,B065,1,2,1.77,1.45
1/1/2022,2022,1,B066,1,11,0.54,0.49
1/1/2022,2022,1,B069,8,127,125,145
1/1/2022,2022,1,B071,14,355,54.7,60.9
1/1/2022,2022,1,B076,2,11,45,50
1/1/2022,2022,1,B077,8,240,294,275
1/1/2022,2022,1,B078,3,3,2.23,2.5
1/1/2022,2022,1,B079,6,68,8981,9930
1/1/2022,2022,1,B081,6,64,236.56,201.38
1/1/2022,2022,1,B082,4,55,1226.38,1380.68
1/1/2022,2022,1,B086,1,2,37.61,39.96
1/1/2022,2022,1,B088,3,31,1314.02,1420.54
1/1/2022,2022,1,B092,4,19,148.77,156.88
1/1/2022,2022,1,B093,1,1,28.4,30.1
1/1/2022,2022,1,B096,4,22,477.1,529.6
1/1/2022,2022,1,B102,6,223,1679.44,1387.93
1/1/2022,2022,1,B104,1,1,8.41,9.64
1/1/2022,2022,1,B108,7,236,436,514
1/1/2022,2022,1,B112,3,13,27,31
1/1/2022,2022,1,B113,4,113,113,104
1/1/2022,2022,1,B114,3,6,10,11
1/1/2022,2022,1,B116,5,48,80,84
1/1/2022,2022,1,B117,1,2,1.71,1.85
1/1/2022,2022,1,B118,9,241,3242,3668
1/1/2022,2022,1,B119,6,59,58,68
1/1/2022,2022,1,B120,2,8,43,46
1/1/2022,2022,1,B123,7,236,238,269
1/1/2022,2022,1,B127,2,4,8,7
1/1/2022,2022,1,B132,8,260,564.48,627.16
1/1/2022,2022,1,B136,1,1,5.03,4.61
1/1/2022,2022,1,B138,3,24,20.47,23.26
1/1/2022,2022,1,B143,2,4,8.2,7.12
1/1/2022,2022,1,B145,1,1,2.05,1.85
1/1/2022,2022,1,B146,1,2,2.43,2.19
1/1/2022,2022,1,B150,1,1,1.05,1.19
1/1/2022,2022,1,B151,1,1,3.92,4.55
1/1/2022,2022,1,B153,1,1,1.89,2.21
1/1/2022,2022,1,B154,1,7,8.7,9.96
1/1/2022,2022,1,B158,4,41,110.8,125.57
1/1/2022,2022,1,B160,1,12,9.47,10.22
1/1/2022,2022,1,B161,8,46,111.17,122.48
1/1/2022,2022,1,B162,1,1,0.95,0.79
1/1/2022,2022,1,B164,1,2,12.74,14.63
1/1/2022,2022,1,B165,2,7,7.8,8.31
1/1/2022,2022,1,B168,1,5,5,4
1/1/2022,2022,1,B170,1,1,2.88,2.67
1/1/2022,2022,1,B171,2,2,2,1
1/1/2022,2022,1,B172,2,2,2.18,2.04
1/1/2022,2022,1,B175,7,78,76.8,81.89
1/1/2022,2022,1,B188,1,7,7,8
1/1/2022,2022,1,B192,14,355,53.6,57.03
1/1/2022,2022,1,B205,14,357,1716.62,1587.64
1/1/2022,2022,1,B209,1,1,1,2
1/1/2022,2022,1,B215,2,16,15,17
1/1/2022,2022,1,B227,1,1,6,5
1/1/2022,2022,1,B229,1,1,2.62,2.19
1/1/2022,2022,1,B231,1,1,1,2
1/1/2022,2022,1,B237,14,319,66.28,56.63
1/1/2022,2022,1,B238,1,11,1.09,1.21
1/1/2022,2022,1,B239,13,332,211.34,240.45
1/1/2022,2022,1,B241,14,331,358.59,294.47
1/1/2022,2022,1,B242,6,59,45.75,48.96
1/1/2022,2022,1,B255,7,36,72.4,85
1/1/2022,2022,1,B259,6,68,5132,5794
1/1/2022,2022,1,B260,7,236,236,253
1/1/2022,2022,1,B261,2,4,4,5
1/1/2022,2022,1,B262,2,6,6.3,7.11
1/1/2022,2022,1,B263,8,219,99.51,89.75
1/1/2022,2022,1,B264,6,214,98.45,113.54
1/1/2022,2022,1,B265,13,145,120.83,128.76
1/1/2022,2022,1,B266,4,22,328,347
1/1/2022,2022,1,B268,2,40,11,10
1/1/2022,2022,1,B269,7,78,31,35
1/1/2022,2022,1,B284,1,5,5,6
1/1/2022,2022,1,B286,1,1,1,2
1/1/2022,2022,1,B303,2,2,5,4
1/1/2022,2022,1,B305,2,5,11,10
1/1/2022,2022,1,B309,2,4,4,5
1/1/2022,2022,1,B312,3,24,104,118
1/1/2022,2022,1,B313,1,22,209,234
1/1/2022,2022,1,B314,1,1,1,2
1/1/2022,2022,1,B315,1,11,0.55,0.5
1/1/2022,2022,1,B319,14,353,110.29,126.92
1/1/2022,2022,1,B320,9,241,109.07,118.77
1/1/2022,2022,1,B321,9,241,3300,3727
1/1/2022,2022,1,B322,8,237,7447,8183
1/1/2022,2022,1,B333,1,5,26,30
1/1/2022,2022,1,B335,1,6,22,24
1/1/2022,2022,1,B339,1,6,24,26
1/1/2022,2022,1,B352,1,7,7.35,8.34
1/1/2022,2022,1,B356,1,2,1,2
1/1/2022,2022,1,B372,7,208,538.96,620.05
1/1/2022,2022,1,B375,2,14,44.26,47.54
1/1/2022,2022,1,B377,14,357,57.6,47.32
1/1/2022,2022,1,B381,12,347,116.51,126.97
1/1/2022,2022,1,B382,2,5,1.73,1.43
1/1/2022,2022,1,B491,1,1,0.78,0.9
1/1/2022,2022,1,B492,1,11,0.43,0.48
1/1/2022,2022,1,B497,1,11,1.15,1.09
1/1/2022,2022,1,B507,1,1,0.43,0.45
1/1/2022,2022,1,B509,1,5,5.2,6.1
1/1/2022,2022,1,B5120,1,5,22,20
2/1/2022,2022,2,B002,1,73,76,70
2/1/2022,2022,2,B009,1,1,89,81
2/1/2022,2022,2,B010,7,224,13.05,13.71
2/1/2022,2022,2,B011,2,5,0.75,0.62
2/1/2022,2022,2,B012,5,556,146.71,121.6
2/1/2022,2022,2,B013,3,527,87.8,93.06
2/1/2022,2022,2,B014,2,5,0.7,0.82
2/1/2022,2022,2,B015,2,29,9.23,10.58
2/1/2022,2022,2,B016,7,561,61.44,55.83
2/1/2022,2022,2,B017,1,57,7.57,6.99
2/1/2022,2022,2,B018,2,58,89.86,104.81
2/1/2022,2022,2,B019,2,12,12,13
2/1/2022,2022,2,B020,2,12,12,14
2/1/2022,2022,2,B021,1,45,174,191
2/1/2022,2022,2,B023,13,682,1056.61,1128.14
2/1/2022,2022,2,B031,3,102,67.8,79.51
2/1/2022,2022,2,B032,1,96,19.44,20.8
2/1/2022,2022,2,B043,2,62,10.27,10.82
2/1/2022,2022,2,B045,1,192,57.49,60.73
2/1/2022,2022,2,B049,2,292,76.89,64.55
2/1/2022,2022,2,B052,7,228,20.82,22.29
2/1/2022,2022,2,B053,1,5,2.27,1.89
2/1/2022,2022,2,B055,1,5,0.8,0.66
2/1/2022,2022,2,B057,7,39,7.22,7.64
2/1/2022,2022,2,B062,3,126,29.5,25.64
2/1/2022,2022,2,B063,1,9,1.72,1.87
2/1/2022,2022,2,B065,1,231,43.93,50.2
2/1/2022,2022,2,B066,1,10,0.49,0.54
2/1/2022,2022,2,B069,7,224,222,245
2/1/2022,2022,2,B071,14,785,227.78,193.91
2/1/2022,2022,2,B076,2,12,46,49
2/1/2022,2022,2,B077,7,224,273,312
2/1/2022,2022,2,B078,3,7,5.2,5.62
2/1/2022,2022,2,B079,6,253,20919,24175
2/1/2022,2022,2,B081,6,233,227.87,239.96
2/1/2022,2022,2,B082,5,121,706.06,744.53
2/1/2022,2022,2,B088,2,17,305.11,322.07
2/1/2022,2022,2,B089,1,233,4626.21,4926.85
2/1/2022,2022,2,B096,4,30,527.42,498.85
2/1/2022,2022,2,B102,4,205,1541.82,1795.63
2/1/2022,2022,2,B104,1,1,8.13,8.69
2/1/2022,2022,2,B105,1,1,28.6,32.63
2/1/2022,2022,2,B106,4,23,181.21,191.21
2/1/2022,2022,2,B108,7,221,427,483
2/1/2022,2022,2,B112,3,10,22,19
2/1/2022,2022,2,B114,3,5,9,10
2/1/2022,2022,2,B116,5,131,394,445
2/1/2022,2022,2,B117,1,231,45.68,42.61
2/1/2022,2022,2,B118,7,224,3017,2491
2/1/2022,2022,2,B119,5,59,58,64
2/1/2022,2022,2,B120,3,104,256,271
2/1/2022,2022,2,B123,7,221,219,249
2/1/2022,2022,2,B127,3,3,6,7
2/1/2022,2022,2,B132,7,226,490.31,544.46
2/1/2022,2022,2,B136,1,1,4.87,4.39
2/1/2022,2022,2,B138,2,10,4.58,5.36
2/1/2022,2022,2,B143,1,3,7.09,8.31
2/1/2022,2022,2,B144,1,33,26.41,30.23
2/1/2022,2022,2,B145,1,9,8.89,8.28
2/1/2022,2022,2,B146,1,2,2.27,2.49
2/1/2022,2022,2,B147,1,290,891.18,1014.6
2/1/2022,2022,2,B151,1,1,4.29,4.73
2/1/2022,2022,2,B152,1,10,8.17,6.83
2/1/2022,2022,2,B153,1,1,2.11,2.32
2/1/2022,2022,2,B154,1,11,13.18,15.14
2/1/2022,2022,2,B156,1,1,1.07,1.21
2/1/2022,2022,2,B158,3,16,40.21,45.91
2/1/2022,2022,2,B161,8,56,145.43,137.13
2/1/2022,2022,2,B163,1,1,0.37,0.4
2/1/2022,2022,2,B165,1,3,1.86,1.98
2/1/2022,2022,2,B166,1,57,479,536
2/1/2022,2022,2,B168,1,2,2,3
2/1/2022,2022,2,B169,1,77,75,88
2/1/2022,2022,2,B170,1,3,8.28,8.93
2/1/2022,2022,2,B171,2,135,230,253
2/1/2022,2022,2,B175,7,76,75.32,88.15
2/1/2022,2022,2,B181,1,6,5,4
2/1/2022,2022,2,B185,1,1,1,2
2/1/2022,2022,2,B189,2,96,96,108
2/1/2022,2022,2,B192,14,858,178.79,192.59
2/1/2022,2022,2,B205,14,860,5682.04,6515.62
2/1/2022,2022,2,B206,3,25,20.9,18.75
2/1/2022,2022,2,B207,1,73,77,85
2/1/2022,2022,2,B209,1,3,3,4
2/1/2022,2022,2,B225,1,3,3,4
2/1/2022,2022,2,B229,2,135,734.15,835.28
2/1/2022,2022,2,B238,1,10,0.98,1.12
2/1/2022,2022,2,B239,13,760,672.28,721.39
2/1/2022,2022,2,B240,13,610,102.63,119.06
2/1/2022,2022,2,B241,14,553,699.1,756.94
2/1/2022,2022,2,B242,6,349,119.82,132.51
2/1/2022,2022,2,B255,7,90,68.73,73.24
2/1/2022,2022,2,B259,6,253,11385,12920
2/1/2022,2022,2,B260,7,221,218,187
2/1/2022,2022,2,B261,3,3,3,2
2/1/2022,2022,2,B262,3,168,135.78,114.55
2/1/2022,2022,2,B263,6,193,89.81,102
2/1/2022,2022,2,B264,6,190,88.36,80.58
2/1/2022,2022,2,B265,13,291,240.89,282.37
2/1/2022,2022,2,B266,5,31,437,482
2/1/2022,2022,2,B270,7,643,268,286
2/1/2022,2022,2,B284,1,2,2,1
2/1/2022,2022,2,B292,1,73,69,74
2/1/2022,2022,2,B293,1,1,1,1
2/1/2022,2022,2,B300,1,9,56,51
2/1/2022,2022,2,B301,1,77,253,226
2/1/2022,2022,2,B302,1,4,15,17
2/1/2022,2022,2,B303,1,1,2,3
2/1/2022,2022,2,B304,1,9,9,10
2/1/2022,2022,2,B305,2,12,15,14
2/1/2022,2022,2,B309,3,3,3,4
2/1/2022,2022,2,B312,2,6,30,33
2/1/2022,2022,2,B314,2,80,128,141
2/1/2022,2022,2,B315,1,10,0.48,0.51
2/1/2022,2022,2,B318,1,1,0.15,0.13
2/1/2022,2022,2,B319,14,831,261.9,285.86
2/1/2022,2022,2,B320,7,224,104.78,111.57
2/1/2022,2022,2,B321,7,224,3003,2498
2/1/2022,2022,2,B322,7,221,7024,7459
2/1/2022,2022,2,B323,1,73,70,81
2/1/2022,2022,2,B324,1,45,179,207
2/1/2022,2022,2,B325,1,77,116,127
2/1/2022,2022,2,B327,1,1,9,8
2/1/2022,2022,2,B331,1,5,20,22
2/1/2022,2022,2,B333,1,5,27,23
2/1/2022,2022,2,B335,1,5,19,21
2/1/2022,2022,2,B339,1,5,21,24
2/1/2022,2022,2,B372,5,180,486.98,403.08
2/1/2022,2022,2,B375,3,25,61.18,67.5
2/1/2022,2022,2,B376,1,206,461.44,429.7
2/1/2022,2022,2,B377,14,860,219.9,240.59
2/1/2022,2022,2,B380,1,231,146.81,169.65
2/1/2022,2022,2,B381,12,853,477.59,538.96
2/1/2022,2022,2,B382,2,5,1.72,1.43
2/1/2022,2022,2,B387,1,99,100,111
2/1/2022,2022,2,B490,1,1,1.95,1.71
2/1/2022,2022,2,B492,1,10,0.42,0.49
2/1/2022,2022,2,B494,1,73,77,84
2/1/2022,2022,2,B497,1,10,0.98,1.03
2/1/2022,2022,2,B508,1,7,6.25,5.28
3/1/2022,2022,3,B009,1,1,94,101
3/1/2022,2022,3,B010,7,326,20.2,23.28
3/1/2022,2022,3,B011,2,6,0.93,1.02
3/1/2022,2022,3,B012,5,735,161.11,144.77
3/1/2022,2022,3,B013,3,703,94.19,100.57
3/1/2022,2022,3,B014,2,6,0.92,1.06
3/1/2022,2022,3,B015,2,31,9.85,11.13
3/1/2022,2022,3,B016,7,739,68.53,80.62
3/1/2022,2022,3,B017,1,33,4.44,4.22
3/1/2022,2022,3,B018,2,34,62.4,68.27
3/1/2022,2022,3,B019,3,15,15,17
3/1/2022,2022,3,B020,3,15,15,14
3/1/2022,2022,3,B023,14,977,1560.85,1770
3/1/2022,2022,3,B032,1,124,25.08,26.43
3/1/2022,2022,3,B040,1,126,38.23,40.66
3/1/2022,2022,3,B043,2,121,17.3,14.41
3/1/2022,2022,3,B048,1,1,0.15,0.14
3/1/2022,2022,3,B049,2,345,89.52,103.53
3/1/2022,2022,3,B052,7,334,28.04,24.37
3/1/2022,2022,3,B053,2,5,2.65,2.88
3/1/2022,2022,3,B055,1,4,0.72,0.82
3/1/2022,2022,3,B057,7,43,6.85,6.4
3/1/2022,2022,3,B062,3,142,29.3,32.99
3/1/2022,2022,3,B063,1,17,3.26,2.81
3/1/2022,2022,3,B065,1,217,41.78,46.38
3/1/2022,2022,3,B066,1,13,0.64,0.68
3/1/2022,2022,3,B071,14,983,238.81,251.48
3/1/2022,2022,3,B072,1,1,2,3
3/1/2022,2022,3,B075,1,1,8.55,10.04
3/1/2022,2022,3,B076,3,15,60,67
3/1/2022,2022,3,B077,8,328,454,532
3/1/2022,2022,3,B078,3,5,3.38,3.57
3/1/2022,2022,3,B079,6,311,32519,34632
3/1/2022,2022,3,B081,6,330,501.38,558.31
3/1/2022,2022,3,B082,5,135,1093.14,903.39
3/1/2022,2022,3,B084,4,45,783.36,898.26
3/1/2022,2022,3,B088,2,23,817.5,964.6
3/1/2022,2022,3,B089,1,242,6045.65,6385.36
3/1/2022,2022,3,B090,1,68,286.34,325.46
3/1/2022,2022,3,B093,1,1,27.42,25.13
3/1/2022,2022,3,B102,5,306,2499.94,2187.92
3/1/2022,2022,3,B104,1,1,8.47,9.65
3/1/2022,2022,3,B106,4,25,208.62,235.52
3/1/2022,2022,3,B108,7,317,647,534
3/1/2022,2022,3,B113,8,327,338,384
3/1/2022,2022,3,B115,3,11,20,19
3/1/2022,2022,3,B116,5,222,634,581
3/1/2022,2022,3,B117,1,217,39.46,43.44
3/1/2022,2022,3,B118,8,328,4320,4909
3/1/2022,2022,3,B119,6,118,118,131
3/1/2022,2022,3,B120,3,95,216,240
3/1/2022,2022,3,B123,7,317,321,279
3/1/2022,2022,3,B127,5,10,20,18
3/1/2022,2022,3,B129,1,1,1,2
3/1/2022,2022,3,B131,1,68,67,78
3/1/2022,2022,3,B132,7,331,761.93,800.56
3/1/2022,2022,3,B133,1,1,0.45,0.53
3/1/2022,2022,3,B137,1,84,61.97,70.55
3/1/2022,2022,3,B138,1,15,10.52,11.92
3/1/2022,2022,3,B143,2,3,5.98,6.58
3/1/2022,2022,3,B145,1,10,10.1,10.76
3/1/2022,2022,3,B146,1,2,2.41,2.72
3/1/2022,2022,3,B147,1,343,1216.38,1346.5
3/1/2022,2022,3,B149,1,1,2.09,2.42
3/1/2022,2022,3,B150,1,1,0.97,0.9
3/1/2022,2022,3,B151,1,1,4.27,4.03
3/1/2022,2022,3,B153,1,1,1.94,2.07
3/1/2022,2022,3,B158,3,35,71.23,79.24
3/1/2022,2022,3,B160,1,12,10.11,10.9
3/1/2022,2022,3,B161,8,72,183.54,202.03
3/1/2022,2022,3,B165,1,2,1.34,1.57
3/1/2022,2022,3,B166,1,18,133,149
3/1/2022,2022,3,B168,1,3,3,4
3/1/2022,2022,3,B169,1,130,128,136
3/1/2022,2022,3,B170,1,2,6.04,5.27
3/1/2022,2022,3,B171,2,164,292,268
3/1/2022,2022,3,B175,8,170,160.11,180.26
3/1/2022,2022,3,B185,1,1,1,1
3/1/2022,2022,3,B188,1,9,9,10
3/1/2022,2022,3,B189,2,85,81,87
3/1/2022,2022,3,B192,14,1068,173.29,158.97
3/1/2022,2022,3,B195,3,7,11,12
3/1/2022,2022,3,B205,14,1069,6151.55,5659.1
3/1/2022,2022,3,B209,1,2,2,1
3/1/2022,2022,3,B215,2,23,23,26
3/1/2022,2022,3,B224,1,1,1,2
3/1/2022,2022,3,B225,1,1,1,2
3/1/2022,2022,3,B229,2,164,720.33,772.95
3/1/2022,2022,3,B237,14,818,156.98,137
3/1/2022,2022,3,B238,1,13,1.21,1.34
3/1/2022,2022,3,B239,13,1049,890.71,1005.64
3/1/2022,2022,3,B241,14,689,954.61,1008.3
3/1/2022,2022,3,B242,6,401,157.21,177.5
3/1/2022,2022,3,B255,7,73,60.82,71.29
3/1/2022,2022,3,B259,6,311,16368,19170
3/1/2022,2022,3,B260,7,317,317,339
3/1/2022,2022,3,B261,5,10,10,11
3/1/2022,2022,3,B262,3,208,268.14,314.52
3/1/2022,2022,3,B263,7,299,144.96,119.22
3/1/2022,2022,3,B264,6,289,139.44,148.75
3/1/2022,2022,3,B265,13,412,355.59,410.23
3/1/2022,2022,3,B266,4,29,422,483
3/1/2022,2022,3,B269,7,754,456,534
3/1/2022,2022,3,B271,1,1,9.76,8.96
3/1/2022,2022,3,B284,1,3,3,2
3/1/2022,2022,3,B298,1,1,1,2
3/1/2022,2022,3,B301,1,130,432,488
3/1/2022,2022,3,B303,1,1,2,3
3/1/2022,2022,3,B304,1,20,20,22
3/1/2022,2022,3,B305,2,20,22,24
3/1/2022,2022,3,B308,1,15,149,131
3/1/2022,2022,3,B309,5,10,10,11
3/1/2022,2022,3,B312,2,16,65,69
3/1/2022,2022,3,B314,2,132,242,280
3/1/2022,2022,3,B315,1,13,0.67,0.74
3/1/2022,2022,3,B319,14,971,300.83,331.14
3/1/2022,2022,3,B320,8,328,160.35,138.2
3/1/2022,2022,3,B321,8,328,4440,4014
3/1/2022,2022,3,B322,7,317,11084,10403
3/1/2022,2022,3,B324,1,103,408,473
3/1/2022,2022,3,B325,1,130,223,244
3/1/2022,2022,3,B331,1,7,29,34
3/1/2022,2022,3,B333,1,7,36,34
3/1/2022,2022,3,B336,1,3,13,15
3/1/2022,2022,3,B339,1,6,25,28
3/1/2022,2022,3,B343,1,3,12,13
3/1/2022,2022,3,B352,3,94,97.31,111.95
3/1/2022,2022,3,B354,1,1,0.41,0.39
3/1/2022,2022,3,B360,1,15,118,104
3/1/2022,2022,3,B372,6,285,823.9,687.22
3/1/2022,2022,3,B375,3,35,87.17,97.47
3/1/2022,2022,3,B376,1,296,773.28,818.93
3/1/2022,2022,3,B377,14,1069,223.79,248.78
3/1/2022,2022,3,B380,1,217,129.89,109.78
3/1/2022,2022,3,B381,12,977,483.65,523.38
3/1/2022,2022,3,B382,2,6,2.14,2.51
3/1/2022,2022,3,B387,1,113,107,118
3/1/2022,2022,3,B392,1,85,79,89
3/1/2022,2022,3,B490,1,1,2.09,1.95
3/1/2022,2022,3,B492,1,13,0.53,0.48
3/1/2022,2022,3,B497,1,13,1.31,1.52
3/1/2022,2022,3,B507,1,14,9.27,8.15
3/1/2022,2022,3,B508,1,11,10.38,11.17
4/1/2022,2022,4,B002,1,94,101,91
4/1/2022,2022,4,B009,1,1,95,107
4/1/2022,2022,4,B010,8,345,19.48,17.86
4/1/2022,2022,4,B011,2,7,1.22,1.43
4/1/2022,2022,4,B012,6,774,172.25,184.34
4/1/2022,2022,4,B013,4,752,105.72,119.89
4/1/2022,2022,4,B014,2,7,1.11,1.17
4/1/2022,2022,4,B015,2,20,7.5,8.35
4/1/2022,2022,4,B016,8,778,73.49,60.93
4/1/2022,2022,4,B017,1,46,5.55,4.95
4/1/2022,2022,4,B018,3,76,131.68,145.71
4/1/2022,2022,4,B019,2,9,9,10
4/1/2022,2022,4,B020,2,9,9,8
4/1/2022,2022,4,B023,16,1014,1616.86,1702.7
4/1/2022,2022,4,B029,1,94,99,83
4/1/2022,2022,4,B031,2,111,72.9,77.92
4/1/2022,2022,4,B032,1,114,21.81,23.35
4/1/2022,2022,4,B040,2,170,58.55,65.06
4/1/2022,2022,4,B043,2,88,12.73,13.85
4/1/2022,2022,4,B049,2,360,93.26,103.12
4/1/2022,2022,4,B052,9,361,33.47,37.68
4/1/2022,2022,4,B055,1,1,0.19,0.21
4/1/2022,2022,4,B057,7,39,7.55,8.62
4/1/2022,2022,4,B058,1,1,0.05,0.05
4/1/2022,2022,4,B060,2,3,2.23,2.11
4/1/2022,2022,4,B061,1,3,1.06,1.12
4/1/2022,2022,4,B062,4,154,33.95,35.8
4/1/2022,2022,4,B063,1,12,2.56,2.71
4/1/2022,2022,4,B065,2,213,43.39,50.94
4/1/2022,2022,4,B066,1,7,0.33,0.37
4/1/2022,2022,4,B069,9,347,355,378
4/1/2022,2022,4,B071,16,1057,263.36,293.26
4/1/2022,2022,4,B072,1,1,2,1
4/1/2022,2022,4,B075,1,1,9.04,8.44
4/1/2022,2022,4,B076,2,9,37,35
4/1/2022,2022,4,B077,9,348,419,369
4/1/2022,2022,4,B078,3,5,3.38,3.99
4/1/2022,2022,4,B079,7,330,34674,36622
4/1/2022,2022,4,B081,7,313,492.08,558.52
4/1/2022,2022,4,B082,5,147,1133.37,1319.94
4/1/2022,2022,4,B086,1,1,28.08,29.63
4/1/2022,2022,4,B088,2,17,766.1,866.84
4/1/2022,2022,4,B089,1,271,6736.53,7867.46
4/1/2022,2022,4,B093,1,1,28.66,32.38
4/1/2022,2022,4,B096,4,39,752.97,850.06
4/1/2022,2022,4,B098,1,6,48.5,40.04
4/1/2022,2022,4,B102,7,335,2519.61,2799.37
4/1/2022,2022,4,B103,1,55,230.75,262.22
4/1/2022,2022,4,B104,1,1,8.64,9.61
4/1/2022,2022,4,B106,4,11,80.51,73.78
4/1/2022,2022,4,B108,8,338,624,709
4/1/2022,2022,4,B110,2,103,319,354
4/1/2022,2022,4,B114,3,5,9,8
4/1/2022,2022,4,B115,3,12,21,19
4/1/2022,2022,4,B116,5,151,468,422
4/1/2022,2022,4,B117,2,213,41.23,37.81
4/1/2022,2022,4,B118,10,349,4703,5500
4/1/2022,2022,4,B119,5,78,79,93
4/1/2022,2022,4,B120,3,112,239,270
4/1/2022,2022,4,B123,8,338,340,398
4/1/2022,2022,4,B127,4,9,17,19
4/1/2022,2022,4,B131,1,55,52,57
4/1/2022,2022,4,B132,9,357,817.57,683.62
4/1/2022,2022,4,B133,1,1,1.08,1.19
4/1/2022,2022,4,B138,1,9,8.72,9.96
4/1/2022,2022,4,B140,1,29,22.28,20.67
4/1/2022,2022,4,B143,1,1,1.07,1.14
4/1/2022,2022,4,B144,1,28,21.67,24.04
4/1/2022,2022,4,B145,1,2,4.29,4.57
4/1/2022,2022,4,B146,1,2,2.53,2.83
4/1/2022,2022,4,B147,1,358,1314.87,1498.58
4/1/2022,2022,4,B148,1,1,0.99,1.1
4/1/2022,2022,4,B149,1,1,4.92,5.77
4/1/2022,2022,4,B151,1,1,4.09,4.5
4/1/2022,2022,4,B152,1,3,3.96,4.39
4/1/2022,2022,4,B153,1,1,2.06,2.35
4/1/2022,2022,4,B154,1,11,5.79,6.65
4/1/2022,2022,4,B158,4,30,71.61,81.05
4/1/2022,2022,4,B161,8,60,156.96,143.8
4/1/2022,2022,4,B164,1,1,8.06,9.31
4/1/2022,2022,4,B165,1,4,6.12,6.89
4/1/2022,2022,4,B166,1,47,308,278
4/1/2022,2022,4,B168,1,4,4,5
4/1/2022,2022,4,B169,1,165,166,187
4/1/2022,2022,4,B170,1,2,5.8,6.32
4/1/2022,2022,4,B171,3,238,398,453
4/1/2022,2022,4,B175,7,116,107.52,99.44
4/1/2022,2022,4,B185,1,1,1,2
4/1/2022,2022,4,B188,1,9,9,10
4/1/2022,2022,4,B189,1,102,107,120
4/1/2022,2022,4,B192,16,1221,221.8,183.74
4/1/2022,2022,4,B205,16,1223,7227.37,8189.8
4/1/2022,2022,4,B207,1,94,96,82
4/1/2022,2022,4,B209,1,2,2,3
4/1/2022,2022,4,B215,4,52,52,56
4/1/2022,2022,4,B225,1,2,2,3
4/1/2022,2022,4,B227,1,1,6,5
4/1/2022,2022,4,B229,2,237,1047.91,1183.12
4/1/2022,2022,4,B237,16,861,162.75,153.68
4/1/2022,2022,4,B238,1,7,0.68,0.64
4/1/2022,2022,4,B239,15,1073,898.84,1020.02
4/1/2022,2022,4,B241,16,727,991.92,933.61
4/1/2022,2022,4,B242,7,408,161.3,136.08
4/1/2022,2022,4,B243,1,1,0.98,1.11
4/1/2022,2022,4,B255,7,100,80.32,92.66
4/1/2022,2022,4,B259,7,330,17559,20582
4/1/2022,2022,4,B260,8,338,336,369
4/1/2022,2022,4,B261,4,9,9,8
4/1/2022,2022,4,B262,4,208,226.44,245.37
4/1/2022,2022,4,B263,9,287,135.54,144.09
4/1/2022,2022,4,B264,7,277,126.42,115.34
4/1/2022,2022,4,B265,14,397,354.54,316.19
4/1/2022,2022,4,B266,6,62,882,1025
4/1/2022,2022,4,B270,8,886,356,418
4/1/2022,2022,4,B271,1,1,4.3,4.76
4/1/2022,2022,4,B284,1,4,4,5
4/1/2022,2022,4,B300,1,9,122,130
4/1/2022,2022,4,B301,1,165,480,399
4/1/2022,2022,4,B303,2,2,5,6
4/1/2022,2022,4,B304,1,10,10,11
4/1/2022,2022,4,B305,3,16,21,23
4/1/2022,2022,4,B309,4,9,9,10
4/1/2022,2022,4,B312,3,11,56,53
4/1/2022,2022,4,B314,2,167,249,289
4/1/2022,2022,4,B315,1,7,0.38,0.42
4/1/2022,2022,4,B319,16,1132,383.22,450.14
4/1/2022,2022,4,B320,10,349,165.73,190.99
4/1/2022,2022,4,B321,10,349,4642,5444
4/1/2022,2022,4,B322,9,339,10145,11514
4/1/2022,2022,4,B323,1,94,94,88
4/1/2022,2022,4,B324,1,96,372,393
4/1/2022,2022,4,B325,1,165,241,255
4/1/2022,2022,4,B326,1,1,2,3
4/1/2022,2022,4,B333,1,7,38,41
4/1/2022,2022,4,B348,1,7,28,31
4/1/2022,2022,4,B354,1,1,0.41,0.35
4/1/2022,2022,4,B356,1,1,1,1
4/1/2022,2022,4,B359,1,24,152,176
4/1/2022,2022,4,B372,8,280,760.05,892.03
4/1/2022,2022,4,B375,3,22,50.53,56.96
4/1/2022,2022,4,B376,1,315,788.8,851.35
4/1/2022,2022,4,B377,16,1223,266.84,294.07
4/1/2022,2022,4,B380,1,210,124.18,112.6
4/1/2022,2022,4,B381,14,1144,545.23,618.52
4/1/2022,2022,4,B382,2,4,1.54,1.74
4/1/2022,2022,4,B387,1,96,94,106
4/1/2022,2022,4,B434,1,70,59,67
4/1/2022,2022,4,B492,1,7,0.28,0.33
4/1/2022,2022,4,B494,1,94,100,106
4/1/2022,2022,4,B497,1,7,0.68,0.6
4/1/2022,2022,4,B507,1,1,0.38,0.35
4/1/2022,2022,4,B508,2,34,11.92,12.64
4/1/2022,2022,4,B510,1,1,1,2
5/1/2022,2022,5,B009,1,1,92,103
5/1/2022,2022,5,B010,8,363,21.27,20.03
5/1/2022,2022,5,B011,1,2,0.37,0.39
5/1/2022,2022,5,B012,5,498,111.7,117.73
5/1/2022,2022,5,B013,4,466,66.75,70.29
5/1/2022,2022,5,B014,1,2,0.31,0.26
5/1/2022,2022,5,B015,1,33,6.6,6.97
5/1/2022,2022,5,B016,6,500,48.44,54.14
5/1/2022,2022,5,B017,1,72,9.09,8.26
5/1/2022,2022,5,B018,2,75,115.79,121.72
5/1/2022,2022,5,B020,2,5,5,6
5/1/2022,2022,5,B022,2,9,98,105
5/1/2022,2022,5,B023,14,853,1366.87,1138.6
5/1/2022,2022,5,B032,1,103,21.12,18.36
5/1/2022,2022,5,B036,1,1,0.15,0.17
5/1/2022,2022,5,B040,2,98,43.62,49.42
5/1/2022,2022,5,B043,2,50,7.01,6.04
5/1/2022,2022,5,B044,1,24,3.35,3.64
5/1/2022,2022,5,B049,2,198,55.7,64.37
5/1/2022,2022,5,B052,8,380,28.55,30.11
5/1/2022,2022,5,B053,2,6,2.7,2.86
5/1/2022,2022,5,B055,1,5,0.83,0.97
5/1/2022,2022,5,B057,5,33,4.18,4.89
5/1/2022,2022,5,B062,3,52,6.99,5.78
5/1/2022,2022,5,B063,1,8,1.58,1.69
5/1/2022,2022,5,B065,2,129,24.55,22.92
5/1/2022,2022,5,B066,1,19,1,0.95
5/1/2022,2022,5,B069,8,362,358,378
5/1/2022,2022,5,B070,2,2,4,5
5/1/2022,2022,5,B071,14,772,175.68,199.4
5/1/2022,2022,5,B072,1,1,2,3
5/1/2022,2022,5,B075,1,1,8.4,9.58
5/1/2022,2022,5,B076,2,10,42,45
5/1/2022,2022,5,B077,8,363,466,503
5/1/2022,2022,5,B078,1,1,1.1,1.24
5/1/2022,2022,5,B079,6,167,18808,21966
5/1/2022,2022,5,B081,6,225,417.43,440.55
5/1/2022,2022,5,B082,4,39,909.26,795.78
5/1/2022,2022,5,B086,1,2,39.88,45.02
5/1/2022,2022,5,B088,3,28,868.51,717.02
5/1/2022,2022,5,B089,1,114,2883.94,3204.1
5/1/2022,2022,5,B094,1,1,29.36,32.65
5/1/2022,2022,5,B096,3,29,566.47,519.13
5/1/2022,2022,5,B101,1,42,186.68,204.6
5/1/2022,2022,5,B102,6,343,2730.4,3031.95
5/1/2022,2022,5,B106,3,21,170.69,153.97
5/1/2022,2022,5,B108,8,358,688,805
5/1/2022,2022,5,B114,2,3,7,6
5/1/2022,2022,5,B115,2,9,15,14
5/1/2022,2022,5,B116,5,137,346,379
5/1/2022,2022,5,B117,2,129,24,27.32
5/1/2022,2022,5,B118,9,364,4932,5589
5/1/2022,2022,5,B119,7,109,111,130
5/1/2022,2022,5,B120,1,2,32,35
5/1/2022,2022,5,B121,1,5,6,7
5/1/2022,2022,5,B123,8,358,362,398
5/1/2022,2022,5,B127,3,3,4,5
5/1/2022,2022,5,B130,1,42,33,31
5/1/2022,2022,5,B132,8,377,820.51,767.23
5/1/2022,2022,5,B136,1,1,4.73,5.29
5/1/2022,2022,5,B138,3,20,13.86,15.42
5/1/2022,2022,5,B143,2,4,8.35,9.51
5/1/2022,2022,5,B144,1,45,34.49,39.6
5/1/2022,2022,5,B145,2,11,12.48,14.61
5/1/2022,2022,5,B146,1,1,1.85,2.08
5/1/2022,2022,5,B147,1,197,685.64,808.39
5/1/2022,2022,5,B150,1,1,1.04,0.91
5/1/2022,2022,5,B151,1,1,4.29,3.93
5/1/2022,2022,5,B152,1,10,4.8,5.11
5/1/2022,2022,5,B153,1,1,1.97,1.65
5/1/2022,2022,5,B154,1,12,9.12,10.54
5/1/2022,2022,5,B156,1,1,1.04,1.14
5/1/2022,2022,5,B158,4,35,87.53,92.32
5/1/2022,2022,5,B161,6,53,127.63,145.31
5/1/2022,2022,5,B164,1,2,12.17,14.14
5/1/2022,2022,5,B165,2,7,8.1,7.49
5/1/2022,2022,5,B169,1,52,56,60
5/1/2022,2022,5,B171,3,83,164,174
5/1/2022,2022,5,B175,8,134,134.05,153.72
5/1/2022,2022,5,B176,2,2,2,1
5/1/2022,2022,5,B189,1,1,2,1
5/1/2022,2022,5,B192,14,864,129.25,137.02
5/1/2022,2022,5,B197,2,10,10,9
5/1/2022,2022,5,B205,14,866,5001,5390.6
5/1/2022,2022,5,B214,1,92,100,93
5/1/2022,2022,5,B215,3,19,19,22
5/1/2022,2022,5,B227,1,1,6,5
5/1/2022,2022,5,B228,1,43,87,82
5/1/2022,2022,5,B229,2,125,745.78,846.32
5/1/2022,2022,5,B237,14,592,116.39,103.99
5/1/2022,2022,5,B238,1,19,1.95,2.26
5/1/2022,2022,5,B239,13,838,697.97,817.47
5/1/2022,2022,5,B241,14,599,751.54,834.93
5/1/2022,2022,5,B242,6,236,81.57,95.68
5/1/2022,2022,5,B255,8,114,50.92,45.41
5/1/2022,2022,5,B259,6,167,9813,11455
5/1/2022,2022,5,B260,8,358,352,413
5/1/2022,2022,5,B261,3,4,4,5
5/1/2022,2022,5,B262,4,95,194.95,207.95
5/1/2022,2022,5,B263,8,339,158.78,131.35
5/1/2022,2022,5,B264,7,334,158.54,139.42
5/1/2022,2022,5,B265,13,239,210.31,228.76
5/1/2022,2022,5,B266,5,16,225,249
5/1/2022,2022,5,B267,6,502,241,222
5/1/2022,2022,5,B300,1,18,182,157
5/1/2022,2022,5,B301,1,52,211,191
5/1/2022,2022,5,B303,2,2,5,4
5/1/2022,2022,5,B304,1,24,24,28
5/1/2022,2022,5,B305,3,12,17,19
5/1/2022,2022,5,B311,3,4,4,5
5/1/2022,2022,5,B312,3,20,94,107
5/1/2022,2022,5,B314,1,52,106,112
5/1/2022,2022,5,B315,1,19,0.92,0.97
5/1/2022,2022,5,B319,14,784,261.66,295.56
5/1/2022,2022,5,B320,9,364,175,155.19
5/1/2022,2022,5,B321,9,364,4910,5524
5/1/2022,2022,5,B322,9,359,11792,13302
5/1/2022,2022,5,B324,1,72,291,251
5/1/2022,2022,5,B325,1,52,108,117
5/1/2022,2022,5,B326,1,1,2,3
5/1/2022,2022,5,B330,1,4,17,18
5/1/2022,2022,5,B331,1,6,25,29
5/1/2022,2022,5,B333,1,10,53,46
5/1/2022,2022,5,B339,1,9,33,28
5/1/2022,2022,5,B343,1,9,37,41
5/1/2022,2022,5,B352,1,1,1.98,1.65
5/1/2022,2022,5,B354,1,1,0.41,0.46
5/1/2022,2022,5,B356,1,2,1,2
5/1/2022,2022,5,B359,1,72,464,412
5/1/2022,2022,5,B372,7,326,910.68,1028.71
5/1/2022,2022,5,B375,3,24,59.99,69.23
5/1/2022,2022,5,B376,1,142,355.89,405.16
5/1/2022,2022,5,B377,14,866,164.85,185.15
5/1/2022,2022,5,B380,1,127,71.75,81.26
5/1/2022,2022,5,B381,13,770,363.99,410.55
5/1/2022,2022,5,B382,1,2,0.7,0.81
5/1/2022,2022,5,B387,1,82,79,86
5/1/2022,2022,5,B490,1,1,1.99,1.86
5/1/2022,2022,5,B492,1,19,0.77,0.88
5/1/2022,2022,5,B497,1,19,1.88,1.71
5/1/2022,2022,5,B507,1,1,0.4,0.43
6/1/2022,2022,6,B002,1,128,120,126
6/1/2022,2022,6,B010,8,357,22.22,23.63
6/1/2022,2022,6,B011,2,7,1.2,1.28
6/1/2022,2022,6,B012,6,696,153.81,164.64
6/1/2022,2022,6,B013,4,653,80.22,66.82
6/1/2022,2022,6,B014,2,7,1.08,1.2
6/1/2022,2022,6,B015,2,43,11.46,9.41
6/1/2022,2022,6,B016,8,703,59.53,54.37
6/1/2022,2022,6,B017,1,83,10.78,11.41
6/1/2022,2022,6,B018,3,87,142.62,131.56
6/1/2022,2022,6,B019,3,8,8,9
6/1/2022,2022,6,B020,3,17,18,20
6/1/2022,2022,6,B023,15,942,1718.62,1869.89
6/1/2022,2022,6,B024,1,1,1,1
6/1/2022,2022,6,B025,1,1,1,2
6/1/2022,2022,6,B029,1,128,128,142
6/1/2022,2022,6,B032,1,84,11.81,13.3
6/1/2022,2022,6,B040,2,218,65.81,62.2
6/1/2022,2022,6,B043,2,117,17.4,18.44
6/1/2022,2022,6,B052,9,375,34.77,28.73
6/1/2022,2022,6,B053,1,6,2.45,2.62
6/1/2022,2022,6,B055,1,6,0.94,0.88
6/1/2022,2022,6,B057,7,48,7.34,6.47
6/1/2022,2022,6,B062,4,160,32.91,38.33
6/1/2022,2022,6,B065,2,219,39.35,44.89
6/1/2022,2022,6,B066,1,22,1.1,1.16
6/1/2022,2022,6,B067,1,1,0.14,0.15
6/1/2022,2022,6,B068,2,452,99.37,112.44
6/1/2022,2022,6,B069,8,356,357,417
6/1/2022,2022,6,B071,16,1060,288.84,304.84
6/1/2022,2022,6,B072,1,1,2,1
6/1/2022,2022,6,B075,1,1,9.45,8.55
6/1/2022,2022,6,B076,3,17,67,76
6/1/2022,2022,6,B077,8,357,522,487
6/1/2022,2022,6,B078,3,4,2.34,1.93
6/1/2022,2022,6,B079,7,402,37746,41936
6/1/2022,2022,6,B081,7,180,308.01,341.18
6/1/2022,2022,6,B082,6,150,1341.51,1490.46
6/1/2022,2022,6,B086,1,1,26.35,24.15
6/1/2022,2022,6,B088,3,32,998.77,1135.01
6/1/2022,2022,6,B089,1,330,7595.17,8432.62
6/1/2022,2022,6,B093,1,1,27.62,23.97
6/1/2022,2022,6,B096,4,26,491.41,443.28
6/1/2022,2022,6,B097,1,32,146.08,133.95
6/1/2022,2022,6,B098,1,10,85.1,99.52
6/1/2022,2022,6,B102,6,333,2866.25,3011.58
6/1/2022,2022,6,B103,1,31,140.89,165.05
6/1/2022,2022,6,B104,1,1,9.09,10.41
6/1/2022,2022,6,B106,4,17,142.17,155.71
6/1/2022,2022,6,B108,8,352,759,860
6/1/2022,2022,6,B110,6,242,742,801
6/1/2022,2022,6,B114,3,6,10,11
6/1/2022,2022,6,B115,3,14,24,22
6/1/2022,2022,6,B117,2,219,40.12,44.41
6/1/2022,2022,6,B118,9,358,4929,4230
6/1/2022,2022,6,B119,7,157,153,129
6/1/2022,2022,6,B120,2,105,223,207
6/1/2022,2022,6,B123,8,352,354,330
6/1/2022,2022,6,B125,2,9,9,10
6/1/2022,2022,6,B127,3,4,8,7
6/1/2022,2022,6,B131,1,63,61,67
6/1/2022,2022,6,B132,9,371,841.29,932.15
6/1/2022,2022,6,B134,1,1,0.94,1.08
6/1/2022,2022,6,B135,1,450,1535.05,1796.6
6/1/2022,2022,6,B138,3,23,16.32,18.47
6/1/2022,2022,6,B143,1,4,8.72,7.33
6/1/2022,2022,6,B144,1,63,45.21,52.23
6/1/2022,2022,6,B146,1,2,2.34,2.56
6/1/2022,2022,6,B149,1,1,1.76,1.99
6/1/2022,2022,6,B151,1,1,3.85,4.38
6/1/2022,2022,6,B152,1,20,12.32,13.27
6/1/2022,2022,6,B153,1,1,2.16,2.53
6/1/2022,2022,6,B154,1,13,11.61,13.49
6/1/2022,2022,6,B156,1,1,0.96,0.88
6/1/2022,2022,6,B158,4,42,104.09,113.21
6/1/2022,2022,6,B161,8,59,129.58,137.56
6/1/2022,2022,6,B164,1,1,7.81,8.37
6/1/2022,2022,6,B165,2,9,9.98,11.44
6/1/2022,2022,6,B166,1,83,553,496
6/1/2022,2022,6,B168,1,4,4,5
6/1/2022,2022,6,B169,1,137,140,157
6/1/2022,2022,6,B170,1,1,3.04,3.47
6/1/2022,2022,6,B171,3,141,245,223
6/1/2022,2022,6,B175,7,187,182.96,168.31
6/1/2022,2022,6,B185,1,1,1,2
6/1/2022,2022,6,B189,2,104,111,126
6/1/2022,2022,6,B192,16,1188,236.06,252.61
6/1/2022,2022,6,B193,1,1,29,25
6/1/2022,2022,6,B205,16,1190,7833.61,9196.6
6/1/2022,2022,6,B207,1,128,136,119
6/1/2022,2022,6,B209,1,1,1,2
6/1/2022,2022,6,B215,3,45,46,49
6/1/2022,2022,6,B225,1,1,1,2
6/1/2022,2022,6,B226,1,81,121,134
6/1/2022,2022,6,B227,1,1,6,5
6/1/2022,2022,6,B229,2,221,1107.65,1297.29
6/1/2022,2022,6,B237,15,928,179.78,148.48
6/1/2022,2022,6,B238,1,22,2.09,2.43
6/1/2022,2022,6,B239,15,1013,1024.53,1200.9
6/1/2022,2022,6,B241,16,849,1096.76,1006.97
6/1/2022,2022,6,B242,7,402,167.97,182.01
6/1/2022,2022,6,B254,1,1,1,1
6/1/2022,2022,6,B255,9,146,92.29,100.39
6/1/2022,2022,6,B259,7,402,20126,21601
6/1/2022,2022,6,B260,8,352,356,326
6/1/2022,2022,6,B261,3,4,4,3
6/1/2022,2022,6,B262,3,229,293.57,333.47
6/1/2022,2022,6,B263,8,304,155.79,174.35
6/1/2022,2022,6,B264,7,299,149.35,161.97
6/1/2022,2022,6,B265,15,526,418.7,378.51
6/1/2022,2022,6,B266,5,54,780,848
6/1/2022,2022,6,B267,4,383,190,214
6/1/2022,2022,6,B269,8,457,327,376
6/1/2022,2022,6,B284,1,4,4,5
6/1/2022,2022,6,B301,1,137,448,525
6/1/2022,2022,6,B303,2,2,5,4
6/1/2022,2022,6,B304,1,15,15,16
6/1/2022,2022,6,B305,2,4,9,10
6/1/2022,2022,6,B309,3,4,4,5
6/1/2022,2022,6,B310,1,21,207,184
6/1/2022,2022,6,B312,3,23,106,120
6/1/2022,2022,6,B314,2,138,236,204
6/1/2022,2022,6,B315,1,22,1.1,1.19
6/1/2022,2022,6,B319,16,1062,347.01,389.31
6/1/2022,2022,6,B320,9,358,169.94,181.42
6/1/2022,2022,6,B321,9,358,4919,4146
6/1/2022,2022,6,B322,9,353,12470,14346
6/1/2022,2022,6,B323,1,128,132,114
6/1/2022,2022,6,B325,1,137,230,247
6/1/2022,2022,6,B327,1,1,10,9
6/1/2022,2022,6,B333,1,7,33,36
6/1/2022,2022,6,B336,1,15,56,52
6/1/2022,2022,6,B339,1,15,58,67
6/1/2022,2022,6,B347,1,7,27,30
6/1/2022,2022,6,B352,2,104,106.53,125.03
6/1/2022,2022,6,B354,1,1,0.39,0.35
6/1/2022,2022,6,B372,7,288,902.48,1044.48
6/1/2022,2022,6,B375,2,19,65.3,74.57
6/1/2022,2022,6,B376,1,393,934.49,1010.4
6/1/2022,2022,6,B377,16,1190,291.99,316.23
6/1/2022,2022,6,B380,1,218,156.73,148.51
6/1/2022,2022,6,B381,14,1181,624.05,665.15
6/1/2022,2022,6,B382,2,7,2.58,2.73
6/1/2022,2022,6,B490,1,1,2.01,2.3
6/1/2022,2022,6,B492,1,22,0.86,0.95
6/1/2022,2022,6,B494,1,128,127,135
6/1/2022,2022,6,B497,1,22,2.21,2.39
6/1/2022,2022,6,B507,1,1,0.4,0.44
6/1/2022,2022,6,B508,1,8,7.31,6.45
7/1/2022,2022,7,B002,1,277,298,319
7/1/2022,2022,7,B009,1,1,93,108
7/1/2022,2022,7,B010,8,397,23.34,25.94
7/1/2022,2022,7,B011,2,14,2.45,2.17
7/1/2022,2022,7,B012,6,914,201.97,175.53
7/1/2022,2022,7,B013,4,871,118.21,128.61
7/1/2022,2022,7,B014,2,14,2.56,2.2
7/1/2022,2022,7,B015,2,42,14.54,16.62
7/1/2022,2022,7,B016,8,926,84.44,93.61
7/1/2022,2022,7,B017,1,107,14.18,13.25
7/1/2022,2022,7,B018,2,112,165.37,185.46
7/1/2022,2022,7,B019,3,19,19,21
7/1/2022,2022,7,B020,3,19,18,16
7/1/2022,2022,7,B022,5,41,466,525
7/1/2022,2022,7,B023,16,1155,1624.18,1400.43
7/1/2022,2022,7,B029,1,277,289,334
7/1/2022,2022,7,B032,1,138,30.58,32.25
7/1/2022,2022,7,B033,2,280,54.39,57.64
7/1/2022,2022,7,B038,1,2,0.27,0.29
7/1/2022,2022,7,B040,2,207,78.41,85.37
7/1/2022,2022,7,B041,2,14,6.08,6.77
7/1/2022,2022,7,B043,2,46,9.14,9.78
7/1/2022,2022,7,B052,9,425,40.98,47.73
7/1/2022,2022,7,B053,2,7,2.99,2.74
7/1/2022,2022,7,B055,1,6,0.85,0.97
7/1/2022,2022,7,B057,7,48,8.85,9.56
7/1/2022,2022,7,B062,4,207,48.95,42.84
7/1/2022,2022,7,B063,1,15,3.2,3.61
7/1/2022,2022,7,B065,2,238,47.6,43.07
7/1/2022,2022,7,B066,1,25,1.26,1.42
7/1/2022,2022,7,B069,9,398,399,443
7/1/2022,2022,7,B071,16,1139,292.58,324.08
7/1/2022,2022,7,B072,1,1,2,3
7/1/2022,2022,7,B075,1,1,8.98,8.42
7/1/2022,2022,7,B076,3,12,49,45
7/1/2022,2022,7,B077,9,399,521,574
7/1/2022,2022,7,B078,3,4,3.08,3.5
7/1/2022,2022,7,B079,7,246,21647,24034
7/1/2022,2022,7,B080,1,86,86,95
7/1/2022,2022,7,B081,7,535,907.07,994.15
7/1/2022,2022,7,B082,6,204,1577.4,1751.61
7/1/2022,2022,7,B086,1,1,26.01,23.46
7/1/2022,2022,7,B088,2,27,926.38,1083.35
7/1/2022,2022,7,B089,1,179,3563.17,4173.31
7/1/2022,2022,7,B092,2,8,53.02,55.71
7/1/2022,2022,7,B093,1,2,53.62,62.82
7/1/2022,2022,7,B096,4,50,940.42,1029.97
7/1/2022,2022,7,B102,7,383,3045.32,2546.37
7/1/2022,2022,7,B103,1,43,166.96,183.78
7/1/2022,2022,7,B106,4,11,76.41,86.33
7/1/2022,2022,7,B108,8,392,755,648
7/1/2022,2022,7,B114,3,7,15,17
7/1/2022,2022,7,B115,2,18,36,38
7/1/2022,2022,7,B116,6,145,376,420
7/1/2022,2022,7,B117,2,238,45.75,39.36
7/1/2022,2022,7,B118,10,400,5404,6011
7/1/2022,2022,7,B119,5,115,116,136
7/1/2022,2022,7,B120,3,160,327,353
7/1/2022,2022,7,B123,8,392,391,445
7/1/2022,2022,7,B127,4,6,12,14
7/1/2022,2022,7,B130,1,43,31,27
7/1/2022,2022,7,B132,9,417,965.67,1027.4
7/1/2022,2022,7,B138,3,21,14.71,15.51
7/1/2022,2022,7,B143,2,5,10.44,12.23
7/1/2022,2022,7,B145,2,12,13.49,12.48
7/1/2022,2022,7,B146,1,1,2.07,1.89
7/1/2022,2022,7,B147,1,279,753.12,798.67
7/1/2022,2022,7,B149,1,1,1.47,1.58
7/1/2022,2022,7,B150,1,1,1.06,1.14
7/1/2022,2022,7,B151,1,1,3.95,4.19
7/1/2022,2022,7,B152,1,14,9.48,8.7
7/1/2022,2022,7,B153,1,1,2.16,2.34
7/1/2022,2022,7,B156,1,1,1.07,0.96
7/1/2022,2022,7,B158,4,27,89.16,95.65
7/1/2022,2022,7,B161,8,74,181.19,197.62
7/1/2022,2022,7,B164,1,1,7.58,8.14
7/1/2022,2022,7,B165,2,10,11.07,10.18
7/1/2022,2022,7,B166,1,107,681,783
7/1/2022,2022,7,B168,1,11,12,11
7/1/2022,2022,7,B169,1,60,58,48
7/1/2022,2022,7,B170,1,2,5.91,6.32
7/1/2022,2022,7,B171,3,169,294,323
7/1/2022,2022,7,B175,8,166,160.25,181.59
7/1/2022,2022,7,B186,1,1,1,2
7/1/2022,2022,7,B188,1,5,5,6
7/1/2022,2022,7,B189,2,154,160,172
7/1/2022,2022,7,B192,16,1603,298.96,330.62
7/1/2022,2022,7,B196,1,7,28,23
7/1/2022,2022,7,B205,16,1605,9158.65,9759.98
7/1/2022,2022,7,B207,1,277,281,265
7/1/2022,2022,7,B209,1,2,2,3
7/1/2022,2022,7,B211,1,1,2,1
7/1/2022,2022,7,B215,3,35,35,41
7/1/2022,2022,7,B225,1,1,1,1
7/1/2022,2022,7,B227,1,1,6,5
7/1/2022,2022,7,B229,2,168,985.82,1155.53
7/1/2022,2022,7,B230,1,1,1,2
7/1/2022,2022,7,B238,1,25,2.43,2.22
7/1/2022,2022,7,B239,15,1289,940.65,1098.03
7/1/2022,2022,7,B240,16,863,144.07,169
7/1/2022,2022,7,B241,16,745,853,944.22
7/1/2022,2022,7,B242,7,375,134.78,143.77
7/1/2022,2022,7,B255,8,158,125.72,113.65
7/1/2022,2022,7,B259,7,246,11455,13182
7/1/2022,2022,7,B260,8,392,392,427
7/1/2022,2022,7,B261,4,6,6,7
7/1/2022,2022,7,B262,4,274,269.09,295.7
7/1/2022,2022,7,B263,9,359,166.86,186.23
7/1/2022,2022,7,B264,7,352,166.63,184
7/1/2022,2022,7,B265,14,375,279.79,299.07
7/1/2022,2022,7,B269,8,1212,925,1010
7/1/2022,2022,7,B300,1,19,197,175
7/1/2022,2022,7,B301,1,60,148,167
7/1/2022,2022,7,B303,2,2,5,6
7/1/2022,2022,7,B304,1,25,26,22
7/1/2022,2022,7,B305,3,19,24,26
7/1/2022,2022,7,B311,4,6,6,5
7/1/2022,2022,7,B312,3,21,90,104
7/1/2022,2022,7,B314,2,62,73,69
7/1/2022,2022,7,B315,1,25,1.26,1.35
7/1/2022,2022,7,B319,16,1524,572.39,490.94
7/1/2022,2022,7,B320,10,400,192.35,169.17
7/1/2022,2022,7,B321,10,400,5412,5898
7/1/2022,2022,7,B322,9,393,12900,10678
7/1/2022,2022,7,B323,1,277,274,300
7/1/2022,2022,7,B324,1,112,453,389
7/1/2022,2022,7,B325,1,60,71,78
7/1/2022,2022,7,B332,1,9,33,28
7/1/2022,2022,7,B333,1,16,74,81
7/1/2022,2022,7,B339,1,9,36,32
7/1/2022,2022,7,B341,1,16,71,77
7/1/2022,2022,7,B352,3,159,166.48,188.06
7/1/2022,2022,7,B354,1,1,0.37,0.43
7/1/2022,2022,7,B356,1,1,1,2
7/1/2022,2022,7,B357,1,11,11,12
7/1/2022,2022,7,B372,8,354,992.76,1051.44
7/1/2022,2022,7,B375,3,27,58.58,55.16
7/1/2022,2022,7,B376,1,212,489.36,570.5
7/1/2022,2022,7,B377,16,1605,359.05,299.77
7/1/2022,2022,7,B380,1,235,142.53,153.91
7/1/2022,2022,7,B381,14,1402,686.44,616.41
7/1/2022,2022,7,B387,1,122,118,124
7/1/2022,2022,7,B392,1,101,94,109
7/1/2022,2022,7,B490,1,1,1.93,2.1
7/1/2022,2022,7,B492,1,25,0.97,1.06
7/1/2022,2022,7,B493,1,1,2.07,1.81
7/1/2022,2022,7,B494,1,277,272,232
7/1/2022,2022,7,B497,1,25,2.54,2.78
7/1/2022,2022,7,B507,1,1,0.42,0.46
7/1/2022,2022,7,B508,1,5,4.5,5.14
7/1/2022,2022,7,B509,1,22,15.25,17.33
8/1/2022,2022,8,B002,1,75,76,66
8/1/2022,2022,8,B010,6,384,23.15,20.07
8/1/2022,2022,8,B011,2,8,1.28,1.09
8/1/2022,2022,8,B012,6,640,166.87,187.87
8/1/2022,2022,8,B013,4,622,106.16,91.54
8/1/2022,2022,8,B014,2,8,1.37,1.49
8/1/2022,2022,8,B015,2,16,6.86,7.62
8/1/2022,2022,8,B016,8,645,72.69,77.24
8/1/2022,2022,8,B017,1,86,11.01,12.57
8/1/2022,2022,8,B018,3,91,155.71,168.33
8/1/2022,2022,8,B019,2,5,5,6
8/1/2022,2022,8,B020,2,5,5,4
8/1/2022,2022,8,B023,14,898,1555.84,1648.85
8/1/2022,2022,8,B025,1,1,1,2
8/1/2022,2022,8,B031,1,62,42.52,47.35
8/1/2022,2022,8,B032,1,128,25.87,21.38
8/1/2022,2022,8,B034,1,86,20.87,23.93
8/1/2022,2022,8,B040,2,105,35.82,40.71
8/1/2022,2022,8,B042,1,106,37.52,43.7
8/1/2022,2022,8,B043,2,46,7.67,7.03
8/1/2022,2022,8,B046,1,1,0.15,0.16
8/1/2022,2022,8,B049,2,201,51.88,60.59
8/1/2022,2022,8,B052,8,412,36.75,32.16
8/1/2022,2022,8,B053,2,6,2.7,3.05
8/1/2022,2022,8,B055,1,4,0.5,0.45
8/1/2022,2022,8,B057,6,41,7.63,7.12
8/1/2022,2022,8,B061,2,8,3.19,3.53
8/1/2022,2022,8,B062,4,164,38.6,42.89
8/1/2022,2022,8,B063,1,8,1.62,1.84
8/1/2022,2022,8,B065,2,253,52.5,49.25
8/1/2022,2022,8,B069,7,386,392,435
8/1/2022,2022,8,B071,14,1033,266.06,291.6
8/1/2022,2022,8,B072,1,1,2,3
8/1/2022,2022,8,B075,1,1,9.67,8.74
8/1/2022,2022,8,B076,2,6,26,23
8/1/2022,2022,8,B077,7,387,526,482
8/1/2022,2022,8,B078,2,2,0.31,0.36
8/1/2022,2022,8,B079,7,261,23924,28021
8/1/2022,2022,8,B081,7,279,359.06,416.33
8/1/2022,2022,8,B082,5,155,1289.44,1354.82
8/1/2022,2022,8,B083,1,1,18.6,21.79
8/1/2022,2022,8,B086,1,1,21.04,23.04
8/1/2022,2022,8,B088,2,26,857.87,972.23
8/1/2022,2022,8,B089,1,196,4276.74,5039.36
8/1/2022,2022,8,B094,1,1,29.47,33.85
8/1/2022,2022,8,B095,1,13,51.26,54.6
8/1/2022,2022,8,B096,4,37,795.28,898.58
8/1/2022,2022,8,B102,6,373,3060.53,2861.78
8/1/2022,2022,8,B103,1,23,92.33,98.67
8/1/2022,2022,8,B104,1,1,9.07,10.06
8/1/2022,2022,8,B106,3,16,135.15,151.11
8/1/2022,2022,8,B108,6,378,762,848
8/1/2022,2022,8,B114,3,5,9,10
8/1/2022,2022,8,B115,3,13,24,28
8/1/2022,2022,8,B116,6,136,380,427
8/1/2022,2022,8,B117,2,253,49.8,58.72
8/1/2022,2022,8,B118,8,388,5226,5915
8/1/2022,2022,8,B119,5,139,140,149
8/1/2022,2022,8,B120,1,120,244,213
8/1/2022,2022,8,B121,1,6,6,5
8/1/2022,2022,8,B123,6,378,376,316
8/1/2022,2022,8,B127,4,8,16,18
8/1/2022,2022,8,B131,1,36,39,44
8/1/2022,2022,8,B132,8,408,956.78,1030.64
8/1/2022,2022,8,B136,1,1,5.13,4.68
8/1/2022,2022,8,B138,2,19,13.44,14.62
8/1/2022,2022,8,B139,1,6,7.03,7.54
8/1/2022,2022,8,B143,2,4,7.89,8.53
8/1/2022,2022,8,B144,1,30,20.81,22.31
8/1/2022,2022,8,B145,2,11,13.05,14.96
8/1/2022,2022,8,B146,1,2,2.5,2.24
8/1/2022,2022,8,B147,1,285,861.63,948.15
8/1/2022,2022,8,B150,1,1,0.94,1.07
8/1/2022,2022,8,B151,1,1,4.17,4.55
8/1/2022,2022,8,B152,1,3,3.47,2.87
8/1/2022,2022,8,B153,1,1,2.12,2.01
8/1/2022,2022,8,B154,1,4,5.79,6.22
8/1/2022,2022,8,B156,1,1,1.04,1.2
8/1/2022,2022,8,B158,4,27,78.09,68.34
8/1/2022,2022,8,B161,7,60,143.76,158.18
8/1/2022,2022,8,B164,1,2,13,14.03
8/1/2022,2022,8,B165,2,8,8.92,10.11
8/1/2022,2022,8,B168,1,5,5,6
8/1/2022,2022,8,B169,1,69,71,81
8/1/2022,2022,8,B171,3,158,284,233
8/1/2022,2022,8,B175,7,178,174.79,188.41
8/1/2022,2022,8,B176,1,1,1,2
8/1/2022,2022,8,B185,2,2,1,2
8/1/2022,2022,8,B189,1,120,118,133
8/1/2022,2022,8,B192,14,1108,208.81,235.76
8/1/2022,2022,8,B205,14,1109,6861.39,8042.77
8/1/2022,2022,8,B207,1,75,80,71
8/1/2022,2022,8,B210,1,6,5,6
8/1/2022,2022,8,B213,1,5,19,16
8/1/2022,2022,8,B215,4,41,43,36
8/1/2022,2022,8,B217,1,1,100,83
8/1/2022,2022,8,B227,1,1,6,5
8/1/2022,2022,8,B229,2,157,881.46,1028.94
8/1/2022,2022,8,B237,14,810,145.82,134.09
8/1/2022,2022,8,B239,13,984,839.7,901.23
8/1/2022,2022,8,B241,14,714,885.74,790.82
8/1/2022,2022,8,B242,7,357,129.11,146.66
8/1/2022,2022,8,B243,1,1,0.95,1.06
8/1/2022,2022,8,B255,8,134,99.18,106.01
8/1/2022,2022,8,B259,7,261,12845,14020
8/1/2022,2022,8,B260,6,378,373,397
8/1/2022,2022,8,B261,4,8,8,7
8/1/2022,2022,8,B262,4,224,224.86,238.78
8/1/2022,2022,8,B263,7,340,169.39,196.11
8/1/2022,2022,8,B264,5,331,156.56,181.09
8/1/2022,2022,8,B265,13,399,317.76,348.83
8/1/2022,2022,8,B266,6,48,648,725
8/1/2022,2022,8,B269,8,724,480,528
8/1/2022,2022,8,B284,1,5,5,6
8/1/2022,2022,8,B292,1,75,66,74
8/1/2022,2022,8,B301,1,69,227,191
8/1/2022,2022,8,B303,2,3,7,6
8/1/2022,2022,8,B304,1,14,15,14
8/1/2022,2022,8,B305,3,14,21,23
8/1/2022,2022,8,B309,4,8,8,7
8/1/2022,2022,8,B312,3,21,101,84
8/1/2022,2022,8,B314,1,69,111,95
8/1/2022,2022,8,B319,14,1041,339.93,394.7
8/1/2022,2022,8,B320,8,388,187.59,158.4
8/1/2022,2022,8,B321,8,388,5324,6008
8/1/2022,2022,8,B322,7,379,12949,10801
8/1/2022,2022,8,B323,1,75,77,84
8/1/2022,2022,8,B324,1,111,477,530
8/1/2022,2022,8,B325,1,69,111,124
8/1/2022,2022,8,B326,1,1,2,3
8/1/2022,2022,8,B327,1,1,9,10
8/1/2022,2022,8,B351,1,18,136,153
8/1/2022,2022,8,B352,1,58,57.81,66.91
8/1/2022,2022,8,B354,1,1,0.39,0.43
8/1/2022,2022,8,B356,1,2,1,2
8/1/2022,2022,8,B359,1,86,570,620
8/1/2022,2022,8,B372,7,334,963.28,876.31
8/1/2022,2022,8,B375,2,18,46.76,54.81
8/1/2022,2022,8,B376,1,232,559.92,635.77
8/1/2022,2022,8,B377,14,1109,239.97,253.16
8/1/2022,2022,8,B380,1,249,152.32,166.85
8/1/2022,2022,8,B381,12,1100,564.3,653.93
8/1/2022,2022,8,B387,1,125,118,137
8/1/2022,2022,8,B494,1,75,77,84
8/1/2022,2022,8,B507,1,1,0.43,0.49
9/1/2022,2022,9,B002,1,56,56,63
9/1/2022,2022,9,B009,1,1,89,103
9/1/2022,2022,9,B010,8,324,19.23,18.17
9/1/2022,2022,9,B011,2,7,1.13,1.19
9/1/2022,2022,9,B012,7,1108,270.53,285.27
9/1/2022,2022,9,B013,5,1071,173.11,183.46
9/1/2022,2022,9,B014,2,7,1.04,0.87
9/1/2022,2022,9,B015,2,37,10.62,12.47
9/1/2022,2022,9,B016,9,1114,117.86,130.83
9/1/2022,2022,9,B017,1,99,12.07,14.13
9/1/2022,2022,9,B018,3,104,178.47,188.39
9/1/2022,2022,9,B019,2,4,4,5
9/1/2022,2022,9,B020,2,6,6,7
9/1/2022,2022,9,B023,17,1251,1810.22,1936.05
9/1/2022,2022,9,B025,1,1,1,1
9/1/2022,2022,9,B029,1,56,57,60
9/1/2022,2022,9,B031,4,183,134.19,152.31
9/1/2022,2022,9,B032,2,253,56.48,65.78
9/1/2022,2022,9,B033,3,493,91.04,83.45
9/1/2022,2022,9,B042,3,332,107.78,94.33
9/1/2022,2022,9,B043,3,171,21.59,24.39
9/1/2022,2022,9,B048,1,1,0.15,0.12
9/1/2022,2022,9,B052,9,345,31.66,35.18
9/1/2022,2022,9,B055,1,4,0.6,0.56
9/1/2022,2022,9,B057,7,39,7.17,7.89
9/1/2022,2022,9,B060,2,5,1.88,2.09
9/1/2022,2022,9,B062,5,216,50.56,56.14
9/1/2022,2022,9,B063,1,10,2.15,1.87
9/1/2022,2022,9,B065,3,486,91.12,82.4
9/1/2022,2022,9,B066,1,18,0.87,0.78
9/1/2022,2022,9,B069,9,325,324,379
9/1/2022,2022,9,B071,17,1389,386.07,447.65
9/1/2022,2022,9,B076,2,6,25,27
9/1/2022,2022,9,B077,9,325,445,507
9/1/2022,2022,9,B078,2,4,2.3,2.61
9/1/2022,2022,9,B079,8,447,42643,50247
9/1/2022,2022,9,B081,8,529,599.13,660.1
9/1/2022,2022,9,B082,7,222,1527.94,1277.6
9/1/2022,2022,9,B086,1,1,26.07,29.46
9/1/2022,2022,9,B088,3,26,900.09,1027.73
9/1/2022,2022,9,B089,2,398,8984.53,10394.64
9/1/2022,2022,9,B093,1,1,28.66,30.63
9/1/2022,2022,9,B096,4,25,570.56,637.96
9/1/2022,2022,9,B102,7,308,2455.36,2720.54
9/1/2022,2022,9,B103,1,47,211.88,241.36
9/1/2022,2022,9,B104,1,1,8.76,10.06
9/1/2022,2022,9,B106,4,21,187.89,211.13
9/1/2022,2022,9,B108,8,318,633,716
9/1/2022,2022,9,B114,3,7,11,12
9/1/2022,2022,9,B115,3,11,20,23
9/1/2022,2022,9,B116,7,256,771,697
9/1/2022,2022,9,B117,3,486,96.38,107.38
9/1/2022,2022,9,B118,10,326,4527,4775
9/1/2022,2022,9,B119,7,106,109,123
9/1/2022,2022,9,B120,4,183,357,389
9/1/2022,2022,9,B123,8,318,319,374
9/1/2022,2022,9,B127,5,7,15,16
9/1/2022,2022,9,B131,1,47,45,48
9/1/2022,2022,9,B132,9,342,774.45,710.46
9/1/2022,2022,9,B138,3,20,14.63,15.7
9/1/2022,2022,9,B139,2,16,17.69,19.79
9/1/2022,2022,9,B143,2,4,8.17,7.75
9/1/2022,2022,9,B144,2,136,100.46,107.93
9/1/2022,2022,9,B146,1,1,0.4,0.46
9/1/2022,2022,9,B147,2,492,1691.25,1550.68
9/1/2022,2022,9,B149,1,1,2.31,1.93
9/1/2022,2022,9,B153,1,1,2.09,1.87
9/1/2022,2022,9,B154,1,16,12.91,13.93
9/1/2022,2022,9,B158,3,31,78.26,87.13
9/1/2022,2022,9,B160,1,15,11.25,12.18
9/1/2022,2022,9,B161,8,49,138.13,113.43
9/1/2022,2022,9,B164,1,1,8.14,8.61
9/1/2022,2022,9,B165,2,4,4.84,5.22
9/1/2022,2022,9,B168,1,4,4,5
9/1/2022,2022,9,B169,2,146,145,156
9/1/2022,2022,9,B170,1,2,5.53,6.42
9/1/2022,2022,9,B171,4,247,500,541
9/1/2022,2022,9,B175,9,151,147.16,172.76
9/1/2022,2022,9,B177,1,85,85,74
9/1/2022,2022,9,B181,1,4,3,4
9/1/2022,2022,9,B189,3,94,94,107
9/1/2022,2022,9,B190,1,1,1,1
9/1/2022,2022,9,B192,17,1496,280.94,237.01
9/1/2022,2022,9,B205,17,1497,9277.99,7852.22
9/1/2022,2022,9,B207,1,56,55,46
9/1/2022,2022,9,B209,1,2,2,3
9/1/2022,2022,9,B210,1,2,2,3
9/1/2022,2022,9,B215,2,18,19,17
9/1/2022,2022,9,B225,1,1,1,1
9/1/2022,2022,9,B227,1,1,6,5
9/1/2022,2022,9,B229,3,246,1333.53,1431.25
9/1/2022,2022,9,B230,1,1,1,1
9/1/2022,2022,9,B237,17,1018,192.98,217.36
9/1/2022,2022,9,B238,1,18,1.85,2.02
9/1/2022,2022,9,B239,16,1420,1142.07,1314.27
9/1/2022,2022,9,B241,17,849,1214.96,1372.31
9/1/2022,2022,9,B242,8,693,223.43,245.52
9/1/2022,2022,9,B255,8,133,81.52,89.49
9/1/2022,2022,9,B259,8,447,22419,24678
9/1/2022,2022,9,B260,8,318,321,277
9/1/2022,2022,9,B261,5,7,7,6
9/1/2022,2022,9,B262,5,289,263.65,247.45
9/1/2022,2022,9,B263,9,301,141.24,121.93
9/1/2022,2022,9,B264,7,293,136.17,157.89
9/1/2022,2022,9,B265,16,516,478.46,523.5
9/1/2022,2022,9,B266,4,25,353,297
9/1/2022,2022,9,B270,9,1178,435,501
9/1/2022,2022,9,B284,1,4,4,3
9/1/2022,2022,9,B300,1,18,169,149
9/1/2022,2022,9,B301,2,146,562,612
9/1/2022,2022,9,B302,3,20,82,68
9/1/2022,2022,9,B303,2,2,5,6
9/1/2022,2022,9,B304,2,33,33,28
9/1/2022,2022,9,B305,3,14,19,21
9/1/2022,2022,9,B309,5,7,7,8
9/1/2022,2022,9,B314,3,148,289,321
9/1/2022,2022,9,B315,1,18,0.87,0.97
9/1/2022,2022,9,B319,17,1377,438.28,388.95
9/1/2022,2022,9,B320,10,326,152.16,128.6
9/1/2022,2022,9,B321,10,326,4478,4846
9/1/2022,2022,9,B322,9,319,10783,12655
9/1/2022,2022,9,B323,1,56,58,68
9/1/2022,2022,9,B324,2,232,952,856
9/1/2022,2022,9,B325,2,146,289,326
9/1/2022,2022,9,B327,1,1,10,11
9/1/2022,2022,9,B331,1,9,35,40
9/1/2022,2022,9,B333,1,9,46,38
9/1/2022,2022,9,B339,1,9,37,43
9/1/2022,2022,9,B344,1,9,35,38
9/1/2022,2022,9,B356,1,1,1,2
9/1/2022,2022,9,B359,1,99,589,634
9/1/2022,2022,9,B372,8,287,809.27,940.85
9/1/2022,2022,9,B375,3,27,74.14,78.07
9/1/2022,2022,9,B376,2,434,1000.5,1157.38
9/1/2022,2022,9,B377,17,1497,346.74,402.56
9/1/2022,2022,9,B380,2,483,282.31,330.05
9/1/2022,2022,9,B381,15,1438,810.75,935.2
9/1/2022,2022,9,B382,2,7,2.82,3.2
9/1/2022,2022,9,B387,2,246,237,252
9/1/2022,2022,9,B412,1,51,37,41
9/1/2022,2022,9,B490,1,1,1.87,1.67
9/1/2022,2022,9,B492,1,18,0.74,0.86
9/1/2022,2022,9,B494,1,56,55,49
9/1/2022,2022,9,B497,1,18,1.72,1.94
9/1/2022,2022,9,B507,1,1,0.43,0.49
9/1/2022,2022,9,B508,1,6,5.78,6.57
10/1/2022,2022,10,B002,1,114,107,113
10/1/2022,2022,10,B010,8,383,22.85,24.88
10/1/2022,2022,10,B011,2,6,1.03,1.15
10/1/2022,2022,10,B012,7,826,175.92,145.38
10/1/2022,2022,10,B013,5,788,105.46,112.79
10/1/2022,2022,10,B014,2,6,0.92,1.05
10/1/2022,2022,10,B015,2,35,9.59,8.95
10/1/2022,2022,10,B016,9,828,73.77,69.77
10/1/2022,2022,10,B017,1,117,14.01,12.34
10/1/2022,2022,10,B018,3,122,196.69,232.08
10/1/2022,2022,10,B020,1,3,3,4
10/1/2022,2022,10,B023,17,1095,1689.9,1548.97
10/1/2022,2022,10,B026,1,1,1,2
10/1/2022,2022,10,B029,1,114,115,134
10/1/2022,2022,10,B032,1,66,9.68,8.47
10/1/2022,2022,10,B042,2,282,96.48,107.19
10/1/2022,2022,10,B043,2,35,7.69,8.74
10/1/2022,2022,10,B048,2,2,0.34,0.39
10/1/2022,2022,10,B049,2,361,88.39,98.14
10/1/2022,2022,10,B051,1,3,0.99,1.09
10/1/2022,2022,10,B052,9,416,35.61,39.54
10/1/2022,2022,10,B053,2,5,1.8,1.56
10/1/2022,2022,10,B055,1,4,0.52,0.47
10/1/2022,2022,10,B057,8,47,9.31,8.54
10/1/2022,2022,10,B062,5,169,35.45,37.25
10/1/2022,2022,10,B065,2,231,44.77,41.69
10/1/2022,2022,10,B066,1,17,0.84,0.92
10/1/2022,2022,10,B069,9,385,385,454
10/1/2022,2022,10,B070,2,4,9,10
10/1/2022,2022,10,B071,17,1093,284.01,312.91
10/1/2022,2022,10,B072,1,2,4,3
10/1/2022,2022,10,B074,1,2,19.29,22.16
10/1/2022,2022,10,B076,1,3,13,15
10/1/2022,2022,10,B077,9,387,507,561
10/1/2022,2022,10,B078,4,8,5.87,5.04
10/1/2022,2022,10,B079,8,323,29283,24687
10/1/2022,2022,10,B080,1,123,131,122
10/1/2022,2022,10,B081,8,361,679.09,640.33
10/1/2022,2022,10,B082,6,155,1613.28,1508.51
10/1/2022,2022,10,B086,1,1,27.52,30.77
10/1/2022,2022,10,B087,5,20,162.39,185.08
10/1/2022,2022,10,B088,3,33,1267.31,1409.74
10/1/2022,2022,10,B089,1,265,5256.82,6165.41
10/1/2022,2022,10,B093,2,4,112.66,128.34
10/1/2022,2022,10,B096,5,37,791.16,889
10/1/2022,2022,10,B102,7,373,2905.4,3091.11
10/1/2022,2022,10,B103,1,34,140.61,118.12
10/1/2022,2022,10,B104,1,1,8.24,9.52
10/1/2022,2022,10,B108,8,374,746,787
10/1/2022,2022,10,B114,4,10,27,31
10/1/2022,2022,10,B115,3,13,24,22
10/1/2022,2022,10,B116,7,186,525,479
10/1/2022,2022,10,B117,2,231,43.77,46.42
10/1/2022,2022,10,B118,10,388,5172,5625
10/1/2022,2022,10,B119,6,116,116,124
10/1/2022,2022,10,B120,3,113,283,303
10/1/2022,2022,10,B123,8,374,370,400
10/1/2022,2022,10,B125,1,3,3,4
10/1/2022,2022,10,B127,5,7,14,15
10/1/2022,2022,10,B129,1,1,1,2
10/1/2022,2022,10,B131,1,34,35,32
10/1/2022,2022,10,B132,9,411,928.51,769.17
10/1/2022,2022,10,B135,1,359,1004.17,923.78
10/1/2022,2022,10,B138,4,25,18.55,16.23
10/1/2022,2022,10,B139,2,10,12.39,10.33
10/1/2022,2022,10,B143,2,4,8.1,7.24
10/1/2022,2022,10,B146,1,2,2.51,2.77
10/1/2022,2022,10,B150,1,1,1.03,1.12
10/1/2022,2022,10,B151,1,1,4.06,3.33
10/1/2022,2022,10,B152,1,13,9.08,9.72
10/1/2022,2022,10,B153,2,4,7.97,6.82
10/1/2022,2022,10,B154,1,15,12.26,12.97
10/1/2022,2022,10,B156,1,1,0.98,1.14
10/1/2022,2022,10,B158,5,38,132.49,150.88
10/1/2022,2022,10,B161,9,61,132.1,143.03
10/1/2022,2022,10,B164,1,1,8.6,7.99
10/1/2022,2022,10,B165,2,8,8.94,10.5
10/1/2022,2022,10,B168,1,3,3,4
10/1/2022,2022,10,B169,1,88,86,97
10/1/2022,2022,10,B170,2,3,9.2,9.87
10/1/2022,2022,10,B171,3,207,335,354
10/1/2022,2022,10,B175,9,170,157.81,168.17
10/1/2022,2022,10,B185,1,1,1,2
10/1/2022,2022,10,B188,1,6,6,7
10/1/2022,2022,10,B189,1,105,107,125
10/1/2022,2022,10,B192,17,1330,238.18,279.38
10/1/2022,2022,10,B193,1,1,86,71
10/1/2022,2022,10,B205,17,1333,8151.17,7269.39
10/1/2022,2022,10,B207,1,114,121,112
10/1/2022,2022,10,B209,2,3,3,4
10/1/2022,2022,10,B215,3,41,41,37
10/1/2022,2022,10,B227,1,1,6,7
10/1/2022,2022,10,B229,2,206,1173.23,1350.13
10/1/2022,2022,10,B230,2,3,3,4
10/1/2022,2022,10,B237,17,879,162.33,185.41
10/1/2022,2022,10,B238,1,17,1.8,1.58
10/1/2022,2022,10,B239,16,1175,948.64,1035.44
10/1/2022,2022,10,B241,17,806,927.66,771.62
10/1/2022,2022,10,B242,8,381,148.53,157.72
10/1/2022,2022,10,B255,10,168,86.14,94.25
10/1/2022,2022,10,B259,8,323,15372,18057
10/1/2022,2022,10,B260,8,374,371,428
10/1/2022,2022,10,B261,5,11,11,12
10/1/2022,2022,10,B262,4,209,225.4,255.81
10/1/2022,2022,10,B263,9,341,161.78,151.13
10/1/2022,2022,10,B264,7,329,152.8,161.34
10/1/2022,2022,10,B265,16,449,310.43,327.91
10/1/2022,2022,10,B266,5,47,637,740
10/1/2022,2022,10,B269,9,956,693,783
10/1/2022,2022,10,B300,1,22,215,182
10/1/2022,2022,10,B301,1,88,189,213
10/1/2022,2022,10,B303,2,2,5,6
10/1/2022,2022,10,B304,1,22,22,24
10/1/2022,2022,10,B305,3,5,10,11
10/1/2022,2022,10,B309,5,11,11,10
10/1/2022,2022,10,B312,3,24,104,122
10/1/2022,2022,10,B314,3,91,104,94
10/1/2022,2022,10,B315,1,17,0.91,1.03
10/1/2022,2022,10,B316,1,2,0.27,0.29
10/1/2022,2022,10,B319,17,1245,417.66,476.69
10/1/2022,2022,10,B320,10,388,181.05,164.17
10/1/2022,2022,10,B321,10,388,5272,5981
10/1/2022,2022,10,B322,9,375,12225,13809
10/1/2022,2022,10,B323,1,114,122,101
10/1/2022,2022,10,B324,1,53,198,228
10/1/2022,2022,10,B325,1,88,94,108
10/1/2022,2022,10,B326,1,1,3,4
10/1/2022,2022,10,B327,2,2,20,22
10/1/2022,2022,10,B331,1,9,38,43
10/1/2022,2022,10,B332,1,8,32,37
10/1/2022,2022,10,B333,1,9,46,51
10/1/2022,2022,10,B339,1,8,35,38
10/1/2022,2022,10,B352,2,111,107.37,97.68
10/1/2022,2022,10,B354,1,2,0.83,0.88
10/1/2022,2022,10,B356,1,1,1,2
10/1/2022,2022,10,B357,1,3,3,4
10/1/2022,2022,10,B359,1,117,711,806
10/1/2022,2022,10,B372,8,331,916.23,1040.23
10/1/2022,2022,10,B375,2,14,45.5,48.87
10/1/2022,2022,10,B376,1,286,661.03,561.99
10/1/2022,2022,10,B377,17,1333,300.8,320.23
10/1/2022,2022,10,B380,1,228,140.66,158.45
10/1/2022,2022,10,B381,15,1201,610.24,707.32
10/1/2022,2022,10,B382,2,3,1.19,1.38
10/1/2022,2022,10,B387,1,61,58,64
10/1/2022,2022,10,B490,1,1,2.1,1.83
10/1/2022,2022,10,B492,1,17,0.65,0.71
10/1/2022,2022,10,B494,1,114,117,108
10/1/2022,2022,10,B497,1,17,1.66,1.87
10/1/2022,2022,10,B507,1,1,0.38,0.44
10/1/2022,2022,10,B508,1,7,6.47,7.55
11/1/2022,2022,11,B002,1,133,136,112
11/1/2022,2022,11,B009,1,1,90,95
11/1/2022,2022,11,B010,8,425,26.38,29.98
11/1/2022,2022,11,B011,2,8,1.34,1.52
11/1/2022,2022,11,B012,6,830,157.54,183.47
11/1/2022,2022,11,B013,4,805,96.69,88.63
11/1/2022,2022,11,B014,2,8,1.33,1.42
11/1/2022,2022,11,B015,2,22,6.18,7.05
11/1/2022,2022,11,B016,8,835,69.18,73
11/1/2022,2022,11,B017,1,105,13.42,14.49
11/1/2022,2022,11,B018,2,110,167.4,189.41
11/1/2022,2022,11,B019,2,9,10,11
11/1/2022,2022,11,B020,2,14,14,15
11/1/2022,2022,11,B023,16,1161,1763.82,1992.52
11/1/2022,2022,11,B029,1,133,133,148
11/1/2022,2022,11,B032,1,144,29.17,32.41
11/1/2022,2022,11,B034,1,112,26.84,29.85
11/1/2022,2022,11,B040,2,182,69.99,77.72
11/1/2022,2022,11,B041,2,8,3.55,3.89
11/1/2022,2022,11,B043,2,76,13.09,11.36
11/1/2022,2022,11,B048,1,1,0.15,0.18
11/1/2022,2022,11,B049,1,174,44.28,51.86
11/1/2022,2022,11,B052,9,444,36.6,38.46
11/1/2022,2022,11,B053,1,4,1.5,1.76
11/1/2022,2022,11,B055,1,4,0.6,0.56
11/1/2022,2022,11,B057,7,51,7.54,8.58
11/1/2022,2022,11,B062,4,153,30.37,25.39
11/1/2022,2022,11,B065,2,221,44.72,47.63
11/1/2022,2022,11,B066,1,9,0.48,0.54
11/1/2022,2022,11,B069,9,427,422,356
11/1/2022,2022,11,B071,16,1044,264.81,249.7
11/1/2022,2022,11,B072,1,1,2,1
11/1/2022,2022,11,B075,1,1,9.34,9.96
11/1/2022,2022,11,B076,2,8,32,36
11/1/2022,2022,11,B077,9,428,599,515
11/1/2022,2022,11,B078,3,6,4.21,4.68
11/1/2022,2022,11,B079,7,257,23935,28072
11/1/2022,2022,11,B080,1,137,126,136
11/1/2022,2022,11,B081,7,448,859.82,946.46
11/1/2022,2022,11,B082,6,147,1341.39,1486.26
11/1/2022,2022,11,B086,1,3,52.32,58.79
11/1/2022,2022,11,B088,2,26,795.19,900.03
11/1/2022,2022,11,B089,1,191,4445.92,4733
11/1/2022,2022,11,B094,1,1,27.54,31.82
11/1/2022,2022,11,B096,4,31,646.78,708.88
11/1/2022,2022,11,B097,1,41,183.36,204.28
11/1/2022,2022,11,B102,7,404,3455.14,3721.88
11/1/2022,2022,11,B106,4,29,229.85,209.84
11/1/2022,2022,11,B108,8,420,900,979
11/1/2022,2022,11,B112,2,10,26,24
11/1/2022,2022,11,B114,3,6,10,9
11/1/2022,2022,11,B116,6,149,403,361
11/1/2022,2022,11,B117,2,221,42.47,46.73
11/1/2022,2022,11,B118,10,429,5872,6299
11/1/2022,2022,11,B119,7,181,182,204
11/1/2022,2022,11,B120,3,98,227,259
11/1/2022,2022,11,B123,8,420,414,393
11/1/2022,2022,11,B125,1,5,5,4
11/1/2022,2022,11,B127,4,7,14,13
11/1/2022,2022,11,B128,1,1,2,1
11/1/2022,2022,11,B131,1,41,40,44
11/1/2022,2022,11,B132,9,439,1049.3,1112.42
11/1/2022,2022,11,B136,1,1,4.62,5.11
11/1/2022,2022,11,B138,3,22,14.3,15.92
11/1/2022,2022,11,B139,1,8,8.71,9.91
11/1/2022,2022,11,B143,1,3,7.33,6.27
11/1/2022,2022,11,B144,1,48,33.78,35.74
11/1/2022,2022,11,B145,2,6,7.55,8.14
11/1/2022,2022,11,B147,1,286,839.14,941.13
11/1/2022,2022,11,B152,1,14,9.58,10.59
11/1/2022,2022,11,B153,1,1,2.08,2.25
11/1/2022,2022,11,B154,1,4,5.81,5.4
11/1/2022,2022,11,B158,3,42,100.91,111.7
11/1/2022,2022,11,B161,8,59,119.04,125.73
11/1/2022,2022,11,B164,1,3,17.59,20.29
11/1/2022,2022,11,B165,2,8,8.83,9.41
11/1/2022,2022,11,B166,1,105,699,739
11/1/2022,2022,11,B168,1,5,5,4
11/1/2022,2022,11,B169,1,60,57,65
11/1/2022,2022,11,B170,1,3,9.12,7.82
11/1/2022,2022,11,B171,3,167,338,318
11/1/2022,2022,11,B175,9,226,222.24,260.5
11/1/2022,2022,11,B185,1,2,2,1
11/1/2022,2022,11,B188,1,7,7,8
11/1/2022,2022,11,B189,2,90,89,104
11/1/2022,2022,11,B192,16,1396,224.79,243.58
11/1/2022,2022,11,B196,1,6,22,25
11/1/2022,2022,11,B205,16,1398,8006.85,7304.52
11/1/2022,2022,11,B207,1,133,135,124
11/1/2022,2022,11,B209,1,3,3,4
11/1/2022,2022,11,B215,4,40,37,33
11/1/2022,2022,11,B225,1,3,3,4
11/1/2022,2022,11,B227,1,1,6,7
11/1/2022,2022,11,B229,2,166,1030.03,1124.28
11/1/2022,2022,11,B237,16,831,153.6,142.74
11/1/2022,2022,11,B238,1,9,0.86,0.97
11/1/2022,2022,11,B239,15,1231,957,1053.42
11/1/2022,2022,11,B241,16,765,920.09,831.75
11/1/2022,2022,11,B242,7,325,121.65,114.18
11/1/2022,2022,11,B255,9,162,73.02,77.13
11/1/2022,2022,11,B259,7,257,12140,13713
11/1/2022,2022,11,B260,8,420,423,375
11/1/2022,2022,11,B261,4,7,7,8
11/1/2022,2022,11,B262,3,193,228.34,257.58
11/1/2022,2022,11,B263,9,388,193.76,206.96
11/1/2022,2022,11,B264,7,380,184.01,209.34
11/1/2022,2022,11,B265,15,437,347.66,377.31
11/1/2022,2022,11,B266,5,41,595,687
11/1/2022,2022,11,B269,8,982,752,844
11/1/2022,2022,11,B284,1,5,5,4
11/1/2022,2022,11,B300,1,20,157,133
11/1/2022,2022,11,B301,1,60,229,248
11/1/2022,2022,11,B303,2,2,5,6
11/1/2022,2022,11,B304,1,32,32,29
11/1/2022,2022,11,B305,2,5,10,11
11/1/2022,2022,11,B309,4,7,7,8
11/1/2022,2022,11,B312,3,22,98,111
11/1/2022,2022,11,B314,2,63,120,138
11/1/2022,2022,11,B315,1,9,0.43,0.5
11/1/2022,2022,11,B319,16,1307,464.63,543.54
11/1/2022,2022,11,B320,10,429,204.64,177.52
11/1/2022,2022,11,B321,10,429,5867,6618
11/1/2022,2022,11,B322,9,421,15138,17520
11/1/2022,2022,11,B323,1,133,132,147
11/1/2022,2022,11,B324,1,75,290,317
11/1/2022,2022,11,B325,1,60,119,136
11/1/2022,2022,11,B327,1,1,10,11
11/1/2022,2022,11,B339,1,9,36,39
11/1/2022,2022,11,B343,1,9,37,40
11/1/2022,2022,11,B352,3,97,93.83,109.09
11/1/2022,2022,11,B354,1,1,0.41,0.37
11/1/2022,2022,11,B356,1,3,1,2
11/1/2022,2022,11,B372,8,373,1152.12,1332.03
11/1/2022,2022,11,B375,2,19,58.64,66.8
11/1/2022,2022,11,B376,1,232,518.96,556.55
11/1/2022,2022,11,B377,16,1398,292.13,321.58
11/1/2022,2022,11,B380,1,218,137.56,119.61
11/1/2022,2022,11,B381,14,1169,573.62,624.99
11/1/2022,2022,11,B387,1,87,86,94
11/1/2022,2022,11,B433,1,82,68,74
11/1/2022,2022,11,B490,1,1,2.12,1.91
11/1/2022,2022,11,B492,1,9,0.36,0.3
11/1/2022,2022,11,B494,1,133,135,151
11/1/2022,2022,11,B497,1,9,0.87,1.01
11/1/2022,2022,11,B507,2,4,5.59,6.52
11/1/2022,2022,11,B508,1,10,8.31,9.23
12/1/2022,2022,12,B001,1,3,2.44,2.77
12/1/2022,2022,12,B002,1,92,96,112
12/1/2022,2022,12,B010,9,573,33.66,35.58
12/1/2022,2022,12,B011,2,8,1.15,1.21
12/1/2022,2022,12,B012,7,762,192.65,168.61
12/1/2022,2022,12,B013,4,707,115.85,130.87
12/1/2022,2022,12,B014,2,8,1.08,1.23
12/1/2022,2022,12,B015,3,53,15.12,13.68
12/1/2022,2022,12,B016,9,767,82.57,93.22
12/1/2022,2022,12,B017,1,93,11.63,10.85
12/1/2022,2022,12,B018,4,98,175.3,144.72
12/1/2022,2022,12,B019,2,12,12,13
12/1/2022,2022,12,B020,2,12,12,13
12/1/2022,2022,12,B022,3,35,394,438
12/1/2022,2022,12,B023,18,1221,2010.82,2285.1
12/1/2022,2022,12,B025,2,2,1,1
12/1/2022,2022,12,B032,1,129,28.02,31.11
12/1/2022,2022,12,B040,2,233,80.2,90.61
12/1/2022,2022,12,B043,3,109,17.37,20.35
12/1/2022,2022,12,B049,3,367,95.53,112.56
12/1/2022,2022,12,B052,11,602,47.28,39.53
12/1/2022,2022,12,B053,3,9,4.14,4.56
12/1/2022,2022,12,B055,2,7,1,1.07
12/1/2022,2022,12,B057,7,44,7.63,8.45
12/1/2022,2022,12,B062,4,171,34.03,31.82
12/1/2022,2022,12,B065,2,269,52.02,55.47
12/1/2022,2022,12,B066,2,26,1.3,1.45
12/1/2022,2022,12,B069,10,575,568,666
12/1/2022,2022,12,B071,18,1344,312.87,344.39
12/1/2022,2022,12,B072,1,1,2,3
12/1/2022,2022,12,B073,1,1,8.32,9.48
12/1/2022,2022,12,B076,2,12,46,52
12/1/2022,2022,12,B077,10,576,744,877
12/1/2022,2022,12,B078,4,6,4.24,4.8
12/1/2022,2022,12,B079,8,314,30361,32321
12/1/2022,2022,12,B081,8,304,404.22,370.32
12/1/2022,2022,12,B082,6,165,1457.76,1550.94
12/1/2022,2022,12,B086,1,1,13.81,15.14
12/1/2022,2022,12,B087,4,25,178.01,198.32
12/1/2022,2022,12,B088,3,32,1125.66,1187.22
12/1/2022,2022,12,B089,1,257,5724.89,6456.82
12/1/2022,2022,12,B096,4,23,357.99,326.82
12/1/2022,2022,12,B100,1,51,214.76,230.15
12/1/2022,2022,12,B102,7,556,4343.5,3984.62
12/1/2022,2022,12,B104,2,2,16.03,17.19
12/1/2022,2022,12,B108,9,567,1110,1191
12/1/2022,2022,12,B114,4,10,10,11
12/1/2022,2022,12,B115,3,14,30,28
12/1/2022,2022,12,B116,7,196,572,657
12/1/2022,2022,12,B117,2,269,53.69,49.23
12/1/2022,2022,12,B118,10,576,7766,6797
12/1/2022,2022,12,B119,7,165,163,136
12/1/2022,2022,12,B120,4,121,309,330
12/1/2022,2022,12,B123,9,567,561,502
12/1/2022,2022,12,B127,4,8,16,14
12/1/2022,2022,12,B131,1,51,52,43
12/1/2022,2022,12,B132,11,596,1325.67,1418.61
12/1/2022,2022,12,B135,1,117,386.62,416.74
12/1/2022,2022,12,B136,2,2,10.36,12.1
12/1/2022,2022,12,B138,3,23,18.14,20.66
12/1/2022,2022,12,B143,2,6,12.89,13.96
12/1/2022,2022,12,B144,1,57,43.82,40.72
12/1/2022,2022,12,B145,1,2,4.11,4.83
12/1/2022,2022,12,B146,2,3,2.78,2.31
12/1/2022,2022,12,B147,1,247,793.5,692.51
12/1/2022,2022,12,B150,1,1,0.98,1.05
12/1/2022,2022,12,B151,1,1,4.31,4.55
12/1/2022,2022,12,B152,2,18,15.34,17.32
12/1/2022,2022,12,B154,2,29,17.77,20.49
12/1/2022,2022,12,B156,1,1,1.06,1.12
12/1/2022,2022,12,B158,4,37,85.03,80.46
12/1/2022,2022,12,B161,8,53,100.33,106.23
12/1/2022,2022,12,B164,1,1,4.49,4.09
12/1/2022,2022,12,B165,2,8,6.27,7.35
12/1/2022,2022,12,B166,1,93,591,652
12/1/2022,2022,12,B168,1,4,4,5
12/1/2022,2022,12,B169,1,106,110,129
12/1/2022,2022,12,B170,1,4,11.7,12.5
12/1/2022,2022,12,B171,1,199,369,410
12/1/2022,2022,12,B175,9,228,216.09,182.88
12/1/2022,2022,12,B187,1,1,1,1
12/1/2022,2022,12,B188,1,11,11,10
12/1/2022,2022,12,B189,2,108,102,119
12/1/2022,2022,12,B191,1,1,83,92
12/1/2022,2022,12,B192,18,1436,255.81,272.87
12/1/2022,2022,12,B205,18,1440,8721.71,7884.59
12/1/2022,2022,12,B207,1,92,93,105
12/1/2022,2022,12,B209,1,4,4,5
12/1/2022,2022,12,B215,5,71,69,74
12/1/2022,2022,12,B225,1,4,4,5
12/1/2022,2022,12,B229,1,199,1118.99,1231.73
12/1/2022,2022,12,B237,18,1075,193.46,218.19
12/1/2022,2022,12,B238,2,26,2.6,2.98
12/1/2022,2022,12,B239,17,1289,998.96,1173.41
12/1/2022,2022,12,B241,18,989,1164.14,1365.33
12/1/2022,2022,12,B242,8,438,163.08,185.08
12/1/2022,2022,12,B255,11,171,111.89,121.43
12/1/2022,2022,12,B259,8,314,15757,17678
12/1/2022,2022,12,B260,9,567,567,605
12/1/2022,2022,12,B261,4,8,8,7
12/1/2022,2022,12,B262,3,221,243.95,280.65
12/1/2022,2022,12,B263,9,503,238.69,206.33
12/1/2022,2022,12,B264,8,495,237.54,250.09
12/1/2022,2022,12,B265,17,512,403.57,433.47
12/1/2022,2022,12,B266,6,38,502,445
12/1/2022,2022,12,B269,9,884,563,483
12/1/2022,2022,12,B284,1,4,4,5
12/1/2022,2022,12,B298,1,1,1,2
12/1/2022,2022,12,B299,1,92,79,90
12/1/2022,2022,12,B300,1,15,160,145
12/1/2022,2022,12,B301,1,106,342,388
12/1/2022,2022,12,B304,1,10,10,11
12/1/2022,2022,12,B305,2,2,3,4
12/1/2022,2022,12,B307,1,6,67,75
12/1/2022,2022,12,B309,4,8,8,9
12/1/2022,2022,12,B312,1,21,79,91
12/1/2022,2022,12,B314,2,110,173,189
12/1/2022,2022,12,B315,2,26,1.25,1.43
12/1/2022,2022,12,B319,18,1342,427.95,465.68
12/1/2022,2022,12,B320,10,576,282.24,267.44
12/1/2022,2022,12,B321,10,576,7822,8337
12/1/2022,2022,12,B322,9,567,17950,16889
12/1/2022,2022,12,B323,1,92,98,109
12/1/2022,2022,12,B324,1,114,473,433
12/1/2022,2022,12,B325,1,106,171,161
12/1/2022,2022,12,B326,1,1,2,3
12/1/2022,2022,12,B327,1,1,9,8
12/1/2022,2022,12,B331,2,10,39,35
12/1/2022,2022,12,B333,2,18,95,103
12/1/2022,2022,12,B339,1,8,30,34
12/1/2022,2022,12,B343,1,8,31,35
12/1/2022,2022,12,B348,1,8,32,37
12/1/2022,2022,12,B352,3,119,117.7,133.63
12/1/2022,2022,12,B354,1,1,0.41,0.47
12/1/2022,2022,12,B356,1,1,1,1
12/1/2022,2022,12,B372,8,494,1358.34,1432.28
12/1/2022,2022,12,B375,2,15,45.59,51.9
12/1/2022,2022,12,B376,1,296,709.06,640.16
12/1/2022,2022,12,B377,18,1440,316.6,345.47
12/1/2022,2022,12,B380,1,267,158.96,186.34
12/1/2022,2022,12,B381,16,1428,679.87,783.92
12/1/2022,2022,12,B382,2,8,2.7,2.99
12/1/2022,2022,12,B387,1,114,117,111
12/1/2022,2022,12,B490,1,2,4.2,4.53
12/1/2022,2022,12,B492,2,26,1.01,1.08
12/1/2022,2022,12,B494,1,92,85,98
12/1/2022,2022,12,B497,2,26,2.69,3.14
12/1/2022,2022,12,B508,2,19,17.14,18.09
1/1/2023,2023,1,B002,1,98,93,79
1/1/2023,2023,1,B010,6,204,12.34,11.4
1/1/2023,2023,1,B011,2,6,0.98,1.11
1/1/2023,2023,1,B012,5,491,126.78,115.17
1/1/2023,2023,1,B013,3,461,72.83,63.14
1/1/2023,2023,1,B014,2,6,0.89,0.84
1/1/2023,2023,1,B015,2,30,9.14,10
1/1/2023,2023,1,B016,7,497,55.4,62.75
1/1/2023,2023,1,B017,1,88,11.43,12.1
1/1/2023,2023,1,B019,2,10,9,10
1/1/2023,2023,1,B020,2,16,17,15
1/1/2023,2023,1,B022,2,11,124,102
1/1/2023,2023,1,B023,12,594,1051.98,916.09
1/1/2023,2023,1,B028,1,1,1,2
1/1/2023,2023,1,B029,1,98,100,112
1/1/2023,2023,1,B032,1,72,15.57,13.47
1/1/2023,2023,1,B033,2,195,52.73,43.8
1/1/2023,2023,1,B040,2,91,47.98,40.97
1/1/2023,2023,1,B043,2,86,11.47,13.21
1/1/2023,2023,1,B052,7,224,24.11,28.25
1/1/2023,2023,1,B053,1,4,2.12,2
1/1/2023,2023,1,B055,1,4,0.68,0.78
1/1/2023,2023,1,B057,6,26,2.75,3.05
1/1/2023,2023,1,B062,3,134,29.35,33.69
1/1/2023,2023,1,B063,1,10,1.89,1.75
1/1/2023,2023,1,B065,2,75,15.94,17.58
1/1/2023,2023,1,B066,1,14,0.71,0.75
1/1/2023,2023,1,B069,6,105,104,87
1/1/2023,2023,1,B071,13,656,203.15,168.27
1/1/2023,2023,1,B076,2,16,68,75
1/1/2023,2023,1,B077,6,204,284,325
1/1/2023,2023,1,B078,2,2,1.17,1.05
1/1/2023,2023,1,B079,6,136,17685,15934
1/1/2023,2023,1,B080,1,21,20,18
1/1/2023,2023,1,B081,6,245,385.58,358.17
1/1/2023,2023,1,B082,5,125,1129.9,1257.18
1/1/2023,2023,1,B086,1,1,27.57,29.29
1/1/2023,2023,1,B088,3,28,990.24,1151.21
1/1/2023,2023,1,B089,1,94,2991.03,3150.61
1/1/2023,2023,1,B096,3,24,322.12,378.18
1/1/2023,2023,1,B100,1,33,150.94,161.09
1/1/2023,2023,1,B102,4,186,1499.86,1614.82
1/1/2023,2023,1,B104,1,1,8.38,9.84
1/1/2023,2023,1,B106,3,19,173.33,182.79
1/1/2023,2023,1,B108,6,201,414,469
1/1/2023,2023,1,B113,3,99,100,83
1/1/2023,2023,1,B114,2,5,5,6
1/1/2023,2023,1,B115,3,9,15,17
1/1/2023,2023,1,B116,5,115,349,376
1/1/2023,2023,1,B117,2,75,16.46,13.7
1/1/2023,2023,1,B118,7,205,2757,2379
1/1/2023,2023,1,B119,5,76,76,68
1/1/2023,2023,1,B120,2,98,229,257
1/1/2023,2023,1,B123,6,201,200,230
1/1/2023,2023,1,B126,1,6,6,7
1/1/2023,2023,1,B127,2,3,6,5
1/1/2023,2023,1,B131,1,33,32,36
1/1/2023,2023,1,B132,7,222,519.03,548.71
1/1/2023,2023,1,B138,2,22,15.95,18.43
1/1/2023,2023,1,B140,1,59,43.8,46.12
1/1/2023,2023,1,B143,1,2,4.86,5.48
1/1/2023,2023,1,B145,1,2,4.29,4.58
1/1/2023,2023,1,B146,1,2,2.22,1.97
1/1/2023,2023,1,B147,1,193,752.17,649.72
1/1/2023,2023,1,B149,1,1,1.79,2.06
1/1/2023,2023,1,B150,1,1,1.02,1.19
1/1/2023,2023,1,B151,1,1,4,3.53
1/1/2023,2023,1,B152,1,11,8.41,7.49
1/1/2023,2023,1,B154,1,11,4.52,5.25
1/1/2023,2023,1,B156,1,1,0.99,1.13
1/1/2023,2023,1,B158,3,24,69.13,79.47
1/1/2023,2023,1,B161,7,45,102.84,117.64
1/1/2023,2023,1,B164,1,1,7.37,7
1/1/2023,2023,1,B165,2,7,8.51,9.53
1/1/2023,2023,1,B166,1,88,604,653
1/1/2023,2023,1,B168,1,3,3,2
1/1/2023,2023,1,B169,1,67,63,67
1/1/2023,2023,1,B175,5,96,93.3,101.57
1/1/2023,2023,1,B189,2,97,90,104
1/1/2023,2023,1,B192,13,799,169.2,149.87
1/1/2023,2023,1,B205,13,801,5519.18,6190.1
1/1/2023,2023,1,B207,1,98,104,94
1/1/2023,2023,1,B215,3,20,19,16
1/1/2023,2023,1,B217,1,1,88,93
1/1/2023,2023,1,B227,1,1,6,7
1/1/2023,2023,1,B228,2,156,331,359
1/1/2023,2023,1,B229,1,155,984.22,1064.43
1/1/2023,2023,1,B237,12,483,97.2,90.16
1/1/2023,2023,1,B238,1,14,1.42,1.52
1/1/2023,2023,1,B239,12,686,686.32,741.92
1/1/2023,2023,1,B241,13,432,647.8,704.83
1/1/2023,2023,1,B242,6,193,78.87,66.16
1/1/2023,2023,1,B255,6,115,75.38,87.08
1/1/2023,2023,1,B259,6,136,9366,10722
1/1/2023,2023,1,B260,6,201,203,175
1/1/2023,2023,1,B261,2,3,3,2
1/1/2023,2023,1,B262,3,206,221.31,254.47
1/1/2023,2023,1,B263,6,184,89.85,98.72
1/1/2023,2023,1,B264,5,180,88.64,96.82
1/1/2023,2023,1,B265,12,212,211.37,241.89
1/1/2023,2023,1,B266,4,10,139,151
1/1/2023,2023,1,B269,7,603,482,450
1/1/2023,2023,1,B284,1,3,3,4
1/1/2023,2023,1,B301,1,67,279,319
1/1/2023,2023,1,B303,1,1,3,4
1/1/2023,2023,1,B304,1,6,6,7
1/1/2023,2023,1,B305,2,11,13,15
1/1/2023,2023,1,B309,2,3,3,4
1/1/2023,2023,1,B310,1,21,202,221
1/1/2023,2023,1,B312,2,22,95,105
1/1/2023,2023,1,B314,1,67,136,149
1/1/2023,2023,1,B315,1,14,0.67,0.74
1/1/2023,2023,1,B319,13,752,280.06,302.72
1/1/2023,2023,1,B320,7,205,95.34,83.87
1/1/2023,2023,1,B321,7,205,2778,3075
1/1/2023,2023,1,B322,7,202,6915,5941
1/1/2023,2023,1,B323,1,98,106,112
1/1/2023,2023,1,B324,1,51,201,174
1/1/2023,2023,1,B325,1,67,132,147
1/1/2023,2023,1,B333,1,7,34,31
1/1/2023,2023,1,B339,1,7,30,28
1/1/2023,2023,1,B341,1,7,30,33
1/1/2023,2023,1,B342,1,7,25,29
1/1/2023,2023,1,B352,2,97,97.87,108.72
1/1/2023,2023,1,B356,1,1,1,2
1/1/2023,2023,1,B372,5,170,483.86,510.77
1/1/2023,2023,1,B374,3,93,158.67,178.85
1/1/2023,2023,1,B375,3,26,71.44,64.63
1/1/2023,2023,1,B376,1,113,334.61,351.55
1/1/2023,2023,1,B377,13,801,210.98,248.96
1/1/2023,2023,1,B380,1,72,42.57,47.66
1/1/2023,2023,1,B381,11,748,435.13,505.76
1/1/2023,2023,1,B382,2,6,2.24,1.85
1/1/2023,2023,1,B387,1,51,48,53
1/1/2023,2023,1,B392,1,24,21,24
1/1/2023,2023,1,B491,1,1,2.17,2.36
1/1/2023,2023,1,B492,1,14,0.55,0.65
1/1/2023,2023,1,B494,1,98,99,83
1/1/2023,2023,1,B497,1,14,1.43,1.54
1/1/2023,2023,1,B507,1,1,0.38,0.34
1/1/2023,2023,1,B508,1,7,6.64,7.4
2/1/2023,2023,2,B001,2,2,1.14,1.29
2/1/2023,2023,2,B002,1,103,107,97
2/1/2023,2023,2,B009,1,1,94,109
2/1/2023,2023,2,B010,7,371,21.93,18.77
2/1/2023,2023,2,B011,2,8,1.29,1.5
2/1/2023,2023,2,B012,6,641,123.03,101.28
2/1/2023,2023,2,B013,4,623,77.37,67.38
2/1/2023,2023,2,B014,2,8,1.26,1.42
2/1/2023,2023,2,B015,2,19,7.62,6.31
2/1/2023,2023,2,B016,8,649,52.9,56.71
2/1/2023,2023,2,B018,2,3,31.84,35.99
2/1/2023,2023,2,B019,3,22,21,24
2/1/2023,2023,2,B023,14,891,1386.4,1151.58
2/1/2023,2023,2,B025,1,1,1,1
2/1/2023,2023,2,B029,1,103,109,128
2/1/2023,2023,2,B032,1,109,21.71,25.35
2/1/2023,2023,2,B040,1,122,25.22,26.88
2/1/2023,2023,2,B043,2,65,11.22,10.57
2/1/2023,2023,2,B048,1,1,0.15,0.17
2/1/2023,2023,2,B049,2,233,49.08,53.59
2/1/2023,2023,2,B051,1,3,1.33,1.43
2/1/2023,2023,2,B052,9,387,31.7,36.39
2/1/2023,2023,2,B053,2,5,2.6,2.4
2/1/2023,2023,2,B055,1,4,0.69,0.76
2/1/2023,2023,2,B057,6,39,5.19,5.61
2/1/2023,2023,2,B062,4,180,35.66,38.59
2/1/2023,2023,2,B063,1,6,1.26,1.4
2/1/2023,2023,2,B065,1,231,42.64,46.45
2/1/2023,2023,2,B066,1,4,0.21,0.23
2/1/2023,2023,2,B069,7,370,371,334
2/1/2023,2023,2,B071,15,906,182.17,169.22
2/1/2023,2023,2,B072,1,1,2,3
2/1/2023,2023,2,B074,1,1,4.83,4.07
2/1/2023,2023,2,B076,3,22,90,96
2/1/2023,2023,2,B077,7,371,476,550
2/1/2023,2023,2,B079,7,266,24225,25518
2/1/2023,2023,2,B080,1,68,68,58
2/1/2023,2023,2,B081,7,366,670.13,781.82
2/1/2023,2023,2,B082,6,175,1568.07,1756.09
2/1/2023,2023,2,B086,1,1,14.19,16.66
2/1/2023,2023,2,B088,2,27,1211.33,1390.11
2/1/2023,2023,2,B089,1,202,4141.88,4585.83
2/1/2023,2023,2,B092,2,20,165.95,178.67
2/1/2023,2023,2,B093,1,1,26.76,22.19
2/1/2023,2023,2,B096,4,30,659.71,695.71
2/1/2023,2023,2,B101,1,29,117.58,127.65
2/1/2023,2023,2,B102,6,352,2777.57,2939.93
2/1/2023,2023,2,B104,1,1,8.92,10.06
2/1/2023,2023,2,B108,7,363,701,605
2/1/2023,2023,2,B111,3,74,190,156
2/1/2023,2023,2,B112,2,9,22,19
2/1/2023,2023,2,B114,3,8,12,11
2/1/2023,2023,2,B116,6,64,158,176
2/1/2023,2023,2,B117,1,231,41.87,35.37
2/1/2023,2023,2,B118,8,372,5030,5817
2/1/2023,2023,2,B119,7,109,112,127
2/1/2023,2023,2,B120,3,126,283,326
2/1/2023,2023,2,B121,3,22,23,26
2/1/2023,2023,2,B123,7,363,360,415
2/1/2023,2023,2,B127,4,7,14,16
2/1/2023,2023,2,B131,1,29,28,33
2/1/2023,2023,2,B132,9,384,837.32,969.8
2/1/2023,2023,2,B135,1,231,642.07,686.04
2/1/2023,2023,2,B136,1,1,5.3,4.71
2/1/2023,2023,2,B138,3,24,19.5,22.74
2/1/2023,2023,2,B139,1,9,9.34,10.74
2/1/2023,2023,2,B143,2,3,5.31,5.93
2/1/2023,2023,2,B144,1,41,29.68,34.47
2/1/2023,2023,2,B146,1,2,2.35,2.69
2/1/2023,2023,2,B150,1,1,0.93,1.05
2/1/2023,2023,2,B151,1,1,3.72,4.26
2/1/2023,2023,2,B152,1,10,9.47,10.92
2/1/2023,2023,2,B154,1,7,6.76,6.42
2/1/2023,2023,2,B158,4,43,106.79,98.76
2/1/2023,2023,2,B161,7,54,125.33,143.8
2/1/2023,2023,2,B162,1,1,0.96,1.04
2/1/2023,2023,2,B164,1,1,4.54,4.17
2/1/2023,2023,2,B165,2,5,4.48,4.88
2/1/2023,2023,2,B168,1,5,5,6
2/1/2023,2023,2,B169,1,53,52,59
2/1/2023,2023,2,B171,2,36,73,64
2/1/2023,2023,2,B175,8,157,150.43,159.7
2/1/2023,2023,2,B185,2,2,2,1
2/1/2023,2023,2,B188,1,5,5,6
2/1/2023,2023,2,B189,2,120,117,102
2/1/2023,2023,2,B192,15,1124,182.54,209.76
2/1/2023,2023,2,B205,15,1126,5874.34,4885.1
2/1/2023,2023,2,B207,1,103,95,100
2/1/2023,2023,2,B215,4,26,26,29
2/1/2023,2023,2,B226,1,18,30,34
2/1/2023,2023,2,B229,2,54,221.99,239.97
2/1/2023,2023,2,B238,1,4,0.39,0.43
2/1/2023,2023,2,B239,15,988,615.38,578.97
2/1/2023,2023,2,B240,14,802,138.92,119.42
2/1/2023,2023,2,B241,15,651,764.06,897.72
2/1/2023,2023,2,B242,7,328,128.94,108.95
2/1/2023,2023,2,B254,1,1,1,2
2/1/2023,2023,2,B255,8,41,59.14,67.68
2/1/2023,2023,2,B259,7,266,13145,12264
2/1/2023,2023,2,B260,7,363,367,416
2/1/2023,2023,2,B261,4,7,7,8
2/1/2023,2023,2,B262,4,157,100.52,107.94
2/1/2023,2023,2,B263,8,340,160.31,183.35
2/1/2023,2023,2,B264,7,332,154.59,181.1
2/1/2023,2023,2,B265,15,375,284.69,316.8
2/1/2023,2023,2,B266,5,32,460,536
2/1/2023,2023,2,B269,8,754,452,373
2/1/2023,2023,2,B284,1,5,5,6
2/1/2023,2023,2,B300,1,22,237,259
2/1/2023,2023,2,B301,1,53,210,225
2/1/2023,2023,2,B303,1,1,2,3
2/1/2023,2023,2,B304,1,24,24,26
2/1/2023,2023,2,B305,3,9,14,15
2/1/2023,2023,2,B309,4,7,7,8
2/1/2023,2023,2,B312,2,23,95,82
2/1/2023,2023,2,B314,1,53,100,86
2/1/2023,2023,2,B315,1,4,0.19,0.21
2/1/2023,2023,2,B319,15,1063,357.73,403.69
2/1/2023,2023,2,B320,8,372,179.21,195.28
2/1/2023,2023,2,B321,8,372,5118,5736
2/1/2023,2023,2,B322,8,364,11976,13737
2/1/2023,2023,2,B323,1,103,102,93
2/1/2023,2023,2,B324,1,79,308,283
2/1/2023,2023,2,B325,1,53,104,118
2/1/2023,2023,2,B339,1,4,15,13
2/1/2023,2023,2,B342,1,4,16,18
2/1/2023,2023,2,B352,3,125,121,138.45
2/1/2023,2023,2,B354,1,1,0.37,0.42
2/1/2023,2023,2,B356,1,1,1,2
2/1/2023,2023,2,B372,7,327,899.67,744.46
2/1/2023,2023,2,B375,3,22,59.74,51.29
2/1/2023,2023,2,B376,1,222,494.88,563.05
2/1/2023,2023,2,B377,15,1126,213.09,235.29
2/1/2023,2023,2,B380,1,231,138.38,118.85
2/1/2023,2023,2,B381,13,1001,406.11,448.48
2/1/2023,2023,2,B382,2,5,1.71,2
2/1/2023,2023,2,B387,1,88,86,99
2/1/2023,2023,2,B392,1,47,44,41
2/1/2023,2023,2,B490,1,1,2.12,2.34
2/1/2023,2023,2,B492,1,4,0.15,0.17
2/1/2023,2023,2,B493,1,1,0.71,0.59
2/1/2023,2023,2,B494,1,103,99,107
2/1/2023,2023,2,B497,1,4,0.43,0.38
3/1/2023,2023,3,B010,7,368,21.5,23.33
3/1/2023,2023,3,B011,2,8,1.18,1.29
3/1/2023,2023,3,B012,5,704,146.25,126.51
3/1/2023,2023,3,B013,3,678,91.5,76
3/1/2023,2023,3,B014,2,8,1.18,1.39
3/1/2023,2023,3,B015,2,24,6.97,6.23
3/1/2023,2023,3,B016,7,710,65.14,69.57
3/1/2023,2023,3,B018,2,47,95.41,103.12
3/1/2023,2023,3,B020,2,8,8,7
3/1/2023,2023,3,B023,14,989,1519,1749.09
3/1/2023,2023,3,B025,1,1,1,2
3/1/2023,2023,3,B026,1,1,1,2
3/1/2023,2023,3,B032,1,108,23.71,27.78
3/1/2023,2023,3,B033,2,283,47.49,44.74
3/1/2023,2023,3,B038,1,1,0.06,0.07
3/1/2023,2023,3,B040,1,181,52.61,59.62
3/1/2023,2023,3,B043,2,68,10.2,9.42
3/1/2023,2023,3,B051,2,8,2.78,2.3
3/1/2023,2023,3,B052,8,389,30.21,32.69
3/1/2023,2023,3,B053,1,3,1.15,1.28
3/1/2023,2023,3,B055,1,4,0.69,0.75
3/1/2023,2023,3,B057,6,38,7.81,8.95
3/1/2023,2023,3,B062,3,130,26.83,29.85
3/1/2023,2023,3,B063,1,20,3.77,3.96
3/1/2023,2023,3,B065,1,244,48.02,52.09
3/1/2023,2023,3,B066,1,7,0.37,0.39
3/1/2023,2023,3,B069,8,369,376,396
3/1/2023,2023,3,B071,14,1004,211.87,247.18
3/1/2023,2023,3,B072,1,1,2,3
3/1/2023,2023,3,B075,1,1,8.98,7.46
3/1/2023,2023,3,B076,2,8,34,40
3/1/2023,2023,3,B077,8,370,477,548
3/1/2023,2023,3,B078,3,7,4.39,5.04
3/1/2023,2023,3,B079,6,308,29942,33151
3/1/2023,2023,3,B081,6,329,509.46,580.89
3/1/2023,2023,3,B082,5,125,1116.5,1202.08
3/1/2023,2023,3,B088,2,25,857.26,971.9
3/1/2023,2023,3,B089,1,227,5303.26,6242.27
3/1/2023,2023,3,B091,1,1,15.54,16.87
3/1/2023,2023,3,B095,1,23,85.83,96.73
3/1/2023,2023,3,B096,4,50,957.38,1031.8
3/1/2023,2023,3,B102,6,360,2807.3,2404.74
3/1/2023,2023,3,B103,1,30,117.64,135.35
3/1/2023,2023,3,B104,1,2,17.8,18.95
3/1/2023,2023,3,B106,3,14,99.04,110.11
3/1/2023,2023,3,B108,7,361,712,823
3/1/2023,2023,3,B109,3,95,241,273
3/1/2023,2023,3,B112,3,12,24,26
3/1/2023,2023,3,B114,3,3,5,6
3/1/2023,2023,3,B116,5,87,249,289
3/1/2023,2023,3,B117,1,244,47.48,55.29
3/1/2023,2023,3,B118,8,370,5024,5805
3/1/2023,2023,3,B119,5,109,110,127
3/1/2023,2023,3,B120,2,87,197,207
3/1/2023,2023,3,B123,7,361,354,399
3/1/2023,2023,3,B125,2,8,8,9
3/1/2023,2023,3,B127,4,8,16,14
3/1/2023,2023,3,B131,1,53,55,49
3/1/2023,2023,3,B132,8,387,857.76,763.58
3/1/2023,2023,3,B137,1,47,36.67,31.46
3/1/2023,2023,3,B138,2,18,13.24,15.22
3/1/2023,2023,3,B143,1,2,4.49,4.97
3/1/2023,2023,3,B145,1,15,15.05,16.86
3/1/2023,2023,3,B146,1,3,2.8,3.03
3/1/2023,2023,3,B147,1,280,912.44,1053.18
3/1/2023,2023,3,B150,1,1,0.98,1.08
3/1/2023,2023,3,B151,1,1,4.13,4.74
3/1/2023,2023,3,B152,1,10,6.22,6.74
3/1/2023,2023,3,B153,1,1,2.11,2.47
3/1/2023,2023,3,B154,1,4,5.76,5.3
3/1/2023,2023,3,B156,1,1,0.99,0.82
3/1/2023,2023,3,B158,3,33,78.47,88.38
3/1/2023,2023,3,B161,7,68,175.46,153.55
3/1/2023,2023,3,B165,1,2,1.29,1.37
3/1/2023,2023,3,B166,1,45,243,281
3/1/2023,2023,3,B168,1,4,4,5
3/1/2023,2023,3,B169,1,104,103,119
3/1/2023,2023,3,B170,1,3,8.96,7.44
3/1/2023,2023,3,B171,2,150,244,264
3/1/2023,2023,3,B175,8,161,152.15,144.02
3/1/2023,2023,3,B185,1,1,1,2
3/1/2023,2023,3,B189,2,86,80,94
3/1/2023,2023,3,B192,14,1080,162.61,176.27
3/1/2023,2023,3,B195,1,2,4,3
3/1/2023,2023,3,B205,14,1081,6116.61,6756.96
3/1/2023,2023,3,B209,1,3,3,4
3/1/2023,2023,3,B215,3,29,29,25
3/1/2023,2023,3,B217,1,1,91,84
3/1/2023,2023,3,B225,1,3,3,4
3/1/2023,2023,3,B229,2,150,657.35,618.46
3/1/2023,2023,3,B237,14,825,152.35,163.82
3/1/2023,2023,3,B238,1,7,0.66,0.7
3/1/2023,2023,3,B239,13,1042,741.05,848.34
3/1/2023,2023,3,B241,14,692,897.67,739.13
3/1/2023,2023,3,B242,6,410,149.87,172.33
3/1/2023,2023,3,B255,7,75,50.19,55.85
3/1/2023,2023,3,B259,6,308,15396,12694
3/1/2023,2023,3,B260,7,361,359,391
3/1/2023,2023,3,B261,4,8,8,9
3/1/2023,2023,3,B262,3,165,161.63,133.02
3/1/2023,2023,3,B263,7,333,157.16,184.06
3/1/2023,2023,3,B264,6,325,152.22,170.46
3/1/2023,2023,3,B265,13,411,314.76,353.26
3/1/2023,2023,3,B266,5,37,504,438
3/1/2023,2023,3,B269,7,713,397,365
3/1/2023,2023,3,B271,1,1,2.86,2.67
3/1/2023,2023,3,B284,1,4,4,5
3/1/2023,2023,3,B300,1,12,111,98
3/1/2023,2023,3,B301,1,104,331,366
3/1/2023,2023,3,B303,1,1,2,3
3/1/2023,2023,3,B304,1,15,15,13
3/1/2023,2023,3,B305,2,23,27,30
3/1/2023,2023,3,B306,1,5,50,54
3/1/2023,2023,3,B309,4,8,8,9
3/1/2023,2023,3,B312,2,18,76,87
3/1/2023,2023,3,B314,2,107,162,149
3/1/2023,2023,3,B315,1,7,0.36,0.41
3/1/2023,2023,3,B319,14,1009,296.18,278.94
3/1/2023,2023,3,B320,8,370,181.88,191.97
3/1/2023,2023,3,B321,8,370,5020,5467
3/1/2023,2023,3,B322,7,361,11889,9934
3/1/2023,2023,3,B324,1,112,471,498
3/1/2023,2023,3,B325,1,104,155,169
3/1/2023,2023,3,B326,1,1,2,3
3/1/2023,2023,3,B343,1,7,27,31
3/1/2023,2023,3,B345,1,7,27,31
3/1/2023,2023,3,B352,2,86,90.25,95.27
3/1/2023,2023,3,B354,1,1,0.36,0.31
3/1/2023,2023,3,B372,7,327,903.32,1057.54
3/1/2023,2023,3,B375,2,29,56.65,61.7
3/1/2023,2023,3,B376,1,280,689.73,730.55
3/1/2023,2023,3,B377,14,1081,217.79,251.21
3/1/2023,2023,3,B380,1,244,146.59,127.78
3/1/2023,2023,3,B381,12,996,453.39,478.27
3/1/2023,2023,3,B387,1,127,132,123
3/1/2023,2023,3,B434,1,76,66,62
3/1/2023,2023,3,B492,1,7,0.29,0.32
3/1/2023,2023,3,B497,1,7,0.75,0.8
3/1/2023,2023,3,B508,1,45,5.87,5.04
4/1/2023,2023,4,B002,1,69,69,60
4/1/2023,2023,4,B009,1,1,94,110
4/1/2023,2023,4,B010,8,374,22.77,19.44
4/1/2023,2023,4,B011,2,6,1,0.84
4/1/2023,2023,4,B012,5,454,116.41,135.9
4/1/2023,2023,4,B013,3,421,71.1,81.87
4/1/2023,2023,4,B014,2,6,0.89,0.95
4/1/2023,2023,4,B015,2,31,9.59,10.58
4/1/2023,2023,4,B016,7,457,48.63,55.1
4/1/2023,2023,4,B018,1,2,12.25,13.37
4/1/2023,2023,4,B019,2,15,16,18
4/1/2023,2023,4,B020,2,15,15,16
4/1/2023,2023,4,B023,15,724,1352.5,1274.1
4/1/2023,2023,4,B029,1,69,70,76
4/1/2023,2023,4,B032,1,126,26.48,30.4
4/1/2023,2023,4,B038,1,1,0.07,0.08
4/1/2023,2023,4,B040,2,17,4.52,4.8
4/1/2023,2023,4,B042,1,10,2.74,2.96
4/1/2023,2023,4,B043,2,83,11.32,12.56
4/1/2023,2023,4,B049,1,196,46.99,42.34
4/1/2023,2023,4,B052,8,373,31.56,35.12
4/1/2023,2023,4,B053,2,4,1.82,1.91
4/1/2023,2023,4,B055,1,3,0.5,0.54
4/1/2023,2023,4,B057,7,37,6.11,7.06
4/1/2023,2023,4,B059,2,6,2.3,2.42
4/1/2023,2023,4,B062,3,118,27.1,30.35
4/1/2023,2023,4,B065,2,153,29.07,24.14
4/1/2023,2023,4,B066,1,16,0.78,0.92
4/1/2023,2023,4,B069,9,376,377,417
4/1/2023,2023,4,B071,15,835,162.2,184.94
4/1/2023,2023,4,B072,1,1,2,3
4/1/2023,2023,4,B075,1,1,8.85,10.05
4/1/2023,2023,4,B076,2,15,60,63
4/1/2023,2023,4,B077,9,377,515,473
4/1/2023,2023,4,B078,3,4,3.02,3.42
4/1/2023,2023,4,B079,6,174,19703,23192
4/1/2023,2023,4,B081,6,240,220.07,238.91
4/1/2023,2023,4,B082,5,123,612.68,648.49
4/1/2023,2023,4,B084,1,5,101.79,114.85
4/1/2023,2023,4,B086,1,2,41.39,44.61
4/1/2023,2023,4,B088,2,5,83.78,72.3
4/1/2023,2023,4,B089,1,159,4294.47,3840.69
4/1/2023,2023,4,B093,1,1,30.09,34.62
4/1/2023,2023,4,B096,3,10,248.44,276.22
4/1/2023,2023,4,B097,1,37,149.81,126.56
4/1/2023,2023,4,B102,7,359,2951.78,3120.55
4/1/2023,2023,4,B106,4,21,173.43,201.37
4/1/2023,2023,4,B108,8,369,748,864
4/1/2023,2023,4,B114,3,5,9,8
4/1/2023,2023,4,B115,2,7,9,10
4/1/2023,2023,4,B116,5,153,503,447
4/1/2023,2023,4,B117,2,153,29.83,25.77
4/1/2023,2023,4,B118,10,378,5174,6033
4/1/2023,2023,4,B119,7,135,135,155
4/1/2023,2023,4,B120,3,112,261,305
4/1/2023,2023,4,B123,8,369,368,325
4/1/2023,2023,4,B127,3,7,14,12
4/1/2023,2023,4,B131,1,37,39,45
4/1/2023,2023,4,B132,8,373,890.73,1027.27
4/1/2023,2023,4,B138,2,2,1.74,1.61
4/1/2023,2023,4,B143,2,3,5.88,6.87
4/1/2023,2023,4,B144,1,54,38.14,35.07
4/1/2023,2023,4,B145,1,14,13.82,15.05
4/1/2023,2023,4,B147,1,196,822.57,962.63
4/1/2023,2023,4,B149,1,1,1.58,1.8
4/1/2023,2023,4,B152,1,13,8.53,9.96
4/1/2023,2023,4,B153,1,1,2.07,1.79
4/1/2023,2023,4,B154,1,12,11.13,12.28
4/1/2023,2023,4,B158,2,8,26.25,29.86
4/1/2023,2023,4,B161,7,37,89.63,97.15
4/1/2023,2023,4,B164,1,2,12.29,13.73
4/1/2023,2023,4,B165,2,3,4.23,4
4/1/2023,2023,4,B168,1,3,3,4
4/1/2023,2023,4,B169,1,103,104,90
4/1/2023,2023,4,B170,1,2,5.84,6.74
4/1/2023,2023,4,B171,3,105,167,181
4/1/2023,2023,4,B175,9,191,188.38,211.28
4/1/2023,2023,4,B185,1,1,1,1
4/1/2023,2023,4,B188,1,8,8,9
4/1/2023,2023,4,B189,2,103,112,122
4/1/2023,2023,4,B192,15,904,153.18,175.95
4/1/2023,2023,4,B205,15,906,5019.35,4394.06
4/1/2023,2023,4,B207,1,69,70,65
4/1/2023,2023,4,B209,1,2,2,3
4/1/2023,2023,4,B212,1,1,1,1
4/1/2023,2023,4,B215,3,32,33,36
4/1/2023,2023,4,B227,1,1,6,7
4/1/2023,2023,4,B229,2,104,313.02,358.34
4/1/2023,2023,4,B237,15,710,130.76,150.93
4/1/2023,2023,4,B238,1,16,1.68,1.77
4/1/2023,2023,4,B239,14,810,606.27,565.66
4/1/2023,2023,4,B241,15,578,779.3,856.62
4/1/2023,2023,4,B242,6,286,90.42,97.09
4/1/2023,2023,4,B255,8,35,63.54,71.31
4/1/2023,2023,4,B259,6,174,9622,8850
4/1/2023,2023,4,B260,8,369,369,427
4/1/2023,2023,4,B261,3,7,7,6
4/1/2023,2023,4,B262,3,145,121.72,132.34
4/1/2023,2023,4,B263,9,345,165.63,152.82
4/1/2023,2023,4,B264,7,337,160.6,176.72
4/1/2023,2023,4,B265,14,329,277.47,310.87
4/1/2023,2023,4,B266,4,33,442,485
4/1/2023,2023,4,B269,7,540,285,329
4/1/2023,2023,4,B283,1,2,2,3
4/1/2023,2023,4,B301,1,103,320,359
4/1/2023,2023,4,B303,2,2,5,4
4/1/2023,2023,4,B304,1,25,26,24
4/1/2023,2023,4,B305,2,4,8,9
4/1/2023,2023,4,B309,3,7,7,6
4/1/2023,2023,4,B312,2,2,21,18
4/1/2023,2023,4,B314,2,105,166,175
4/1/2023,2023,4,B315,1,16,0.78,0.85
4/1/2023,2023,4,B319,15,830,267.98,225.22
4/1/2023,2023,4,B320,10,378,181.67,169.6
4/1/2023,2023,4,B321,10,378,5115,5760
4/1/2023,2023,4,B322,9,370,12865,14291
4/1/2023,2023,4,B323,1,69,66,73
4/1/2023,2023,4,B324,1,94,369,311
4/1/2023,2023,4,B325,1,103,170,161
4/1/2023,2023,4,B331,1,4,17,20
4/1/2023,2023,4,B333,1,7,34,39
4/1/2023,2023,4,B339,1,9,37,35
4/1/2023,2023,4,B344,1,9,35,39
4/1/2023,2023,4,B346,1,3,13,14
4/1/2023,2023,4,B352,3,111,112.38,92.99
4/1/2023,2023,4,B354,1,1,0.4,0.45
4/1/2023,2023,4,B356,1,2,1,2
4/1/2023,2023,4,B357,1,3,3,4
4/1/2023,2023,4,B372,7,330,928.4,980.15
4/1/2023,2023,4,B375,2,15,47.5,55.19
4/1/2023,2023,4,B376,1,190,488.24,427.61
4/1/2023,2023,4,B377,15,906,181.12,168.95
4/1/2023,2023,4,B380,1,152,83.56,91.49
4/1/2023,2023,4,B381,13,898,350.38,291.61
4/1/2023,2023,4,B387,1,108,105,111
4/1/2023,2023,4,B490,1,1,1.91,1.72
4/1/2023,2023,4,B492,1,16,0.62,0.72
4/1/2023,2023,4,B494,1,69,70,75
4/1/2023,2023,4,B497,1,16,1.64,1.35
4/1/2023,2023,4,B507,1,1,0.42,0.39
4/1/2023,2023,4,B508,1,9,7.76,8.23
5/1/2023,2023,5,B009,1,1,86,101
5/1/2023,2023,5,B010,8,353,20.69,22.05
5/1/2023,2023,5,B011,2,6,0.94,0.78
5/1/2023,2023,5,B012,6,640,160.58,188.13
5/1/2023,2023,5,B013,4,613,95.28,89.76
5/1/2023,2023,5,B014,2,6,0.96,1.07
5/1/2023,2023,5,B015,2,28,7.49,8.56
5/1/2023,2023,5,B016,8,645,70.08,74.81
5/1/2023,2023,5,B017,1,89,11.13,12.34
5/1/2023,2023,5,B018,3,95,175.37,194.65
5/1/2023,2023,5,B020,2,5,5,6
5/1/2023,2023,5,B021,1,47,177,191
5/1/2023,2023,5,B023,16,910,1497.82,1383.23
5/1/2023,2023,5,B025,1,2,2,3
5/1/2023,2023,5,B032,1,107,22.59,24.44
5/1/2023,2023,5,B040,2,140,59.76,54.42
5/1/2023,2023,5,B043,2,73,8.59,9.03
5/1/2023,2023,5,B047,1,5,1.05,1.21
5/1/2023,2023,5,B049,2,248,77.91,82.07
5/1/2023,2023,5,B052,9,375,33.3,37.29
5/1/2023,2023,5,B053,2,5,1.42,1.51
5/1/2023,2023,5,B055,1,4,0.57,0.47
5/1/2023,2023,5,B057,7,34,6.25,7.18
5/1/2023,2023,5,B062,4,131,28.08,30.23
5/1/2023,2023,5,B065,2,158,32.23,36.59
5/1/2023,2023,5,B066,1,15,0.72,0.76
5/1/2023,2023,5,B069,9,353,354,417
5/1/2023,2023,5,B071,16,924,226.37,245.75
5/1/2023,2023,5,B072,1,1,2,3
5/1/2023,2023,5,B075,1,1,9.4,10.59
5/1/2023,2023,5,B076,2,5,20,22
5/1/2023,2023,5,B077,9,354,466,388
5/1/2023,2023,5,B078,3,5,3.43,2.96
5/1/2023,2023,5,B079,7,187,21722,19427
5/1/2023,2023,5,B080,1,77,74,83
5/1/2023,2023,5,B081,7,319,496.68,408.99
5/1/2023,2023,5,B082,6,122,1231.21,1054.66
5/1/2023,2023,5,B084,4,30,445.59,474.48
5/1/2023,2023,5,B085,1,139,3587.7,3082.8
5/1/2023,2023,5,B086,1,2,40.63,45.17
5/1/2023,2023,5,B088,3,24,928.33,1073.51
5/1/2023,2023,5,B098,4,18,128.13,148.05
5/1/2023,2023,5,B102,7,340,2767.66,3205.56
5/1/2023,2023,5,B103,1,46,204.45,230.68
5/1/2023,2023,5,B104,1,2,17.03,13.97
5/1/2023,2023,5,B108,8,345,707,824
5/1/2023,2023,5,B110,2,63,176,206
5/1/2023,2023,5,B114,2,2,2,3
5/1/2023,2023,5,B115,3,9,15,13
5/1/2023,2023,5,B116,5,105,291,333
5/1/2023,2023,5,B117,2,158,31.79,27.27
5/1/2023,2023,5,B118,10,355,4788,5504
5/1/2023,2023,5,B119,6,121,120,100
5/1/2023,2023,5,B120,3,84,186,209
5/1/2023,2023,5,B123,8,345,344,381
5/1/2023,2023,5,B125,2,5,5,6
5/1/2023,2023,5,B127,5,8,15,17
5/1/2023,2023,5,B131,1,46,48,55
5/1/2023,2023,5,B132,9,373,865.55,938.16
5/1/2023,2023,5,B135,1,246,933.88,1016.67
5/1/2023,2023,5,B138,3,19,14.89,16.77
5/1/2023,2023,5,B143,2,5,9.33,8.09
5/1/2023,2023,5,B144,1,45,33.02,36.43
5/1/2023,2023,5,B145,2,7,8.79,9.33
5/1/2023,2023,5,B146,1,2,0.83,0.96
5/1/2023,2023,5,B152,1,13,6.13,5.43
5/1/2023,2023,5,B158,3,33,81.28,95.85
5/1/2023,2023,5,B161,8,51,117.65,127.71
5/1/2023,2023,5,B164,1,2,12.23,13.25
5/1/2023,2023,5,B165,2,7,8.1,9.08
5/1/2023,2023,5,B166,1,89,634,675
5/1/2023,2023,5,B168,1,3,3,4
5/1/2023,2023,5,B169,1,89,88,103
5/1/2023,2023,5,B170,1,2,6.11,6.46
5/1/2023,2023,5,B171,2,179,334,365
5/1/2023,2023,5,B174,1,1,0.86,0.94
5/1/2023,2023,5,B175,8,152,141.5,117.67
5/1/2023,2023,5,B176,2,2,2,3
5/1/2023,2023,5,B177,2,78,83,88
5/1/2023,2023,5,B188,1,5,5,6
5/1/2023,2023,5,B192,16,1001,169.2,145.19
5/1/2023,2023,5,B205,16,1003,6195.21,6845.79
5/1/2023,2023,5,B209,1,2,2,1
5/1/2023,2023,5,B215,4,36,36,42
5/1/2023,2023,5,B225,1,2,2,3
5/1/2023,2023,5,B227,1,1,6,7
5/1/2023,2023,5,B229,1,178,1045.3,975.28
5/1/2023,2023,5,B237,16,693,133.88,112.89
5/1/2023,2023,5,B238,1,15,1.39,1.26
5/1/2023,2023,5,B239,15,971,833.36,687.09
5/1/2023,2023,5,B241,16,628,827.96,950.06
5/1/2023,2023,5,B242,7,290,100.97,83.1
5/1/2023,2023,5,B255,8,127,76.89,86.15
5/1/2023,2023,5,B259,7,187,11331,13100
5/1/2023,2023,5,B260,8,345,341,316
5/1/2023,2023,5,B261,5,8,8,9
5/1/2023,2023,5,B262,4,196,238.18,279.6
5/1/2023,2023,5,B263,9,318,154.8,171.09
5/1/2023,2023,5,B264,7,309,147.97,171.22
5/1/2023,2023,5,B265,14,298,253.99,284.92
5/1/2023,2023,5,B266,5,37,506,564
5/1/2023,2023,5,B268,8,657,304,325
5/1/2023,2023,5,B284,1,3,3,2
5/1/2023,2023,5,B301,1,89,303,330
5/1/2023,2023,5,B303,1,1,3,4
5/1/2023,2023,5,B304,1,15,15,16
5/1/2023,2023,5,B305,3,9,14,15
5/1/2023,2023,5,B307,1,17,170,199
5/1/2023,2023,5,B309,5,8,8,7
5/1/2023,2023,5,B312,2,18,80,89
5/1/2023,2023,5,B314,2,91,142,120
5/1/2023,2023,5,B315,1,15,0.73,0.69
5/1/2023,2023,5,B319,16,921,303.02,339.59
5/1/2023,2023,5,B320,10,355,169.29,160.62
5/1/2023,2023,5,B321,10,355,4711,3918
5/1/2023,2023,5,B322,9,346,11605,13279
5/1/2023,2023,5,B324,1,61,235,267
5/1/2023,2023,5,B325,1,89,151,173
5/1/2023,2023,5,B326,1,1,2,3
5/1/2023,2023,5,B327,1,1,10,11
5/1/2023,2023,5,B331,1,3,10,11
5/1/2023,2023,5,B332,1,11,43,46
5/1/2023,2023,5,B333,1,4,20,23
5/1/2023,2023,5,B339,1,11,44,48
5/1/2023,2023,5,B340,1,1,6,7
5/1/2023,2023,5,B352,3,83,78.21,91.56
5/1/2023,2023,5,B354,1,1,0.38,0.34
5/1/2023,2023,5,B356,1,2,1,2
5/1/2023,2023,5,B372,8,310,884.94,937.62
5/1/2023,2023,5,B375,3,15,35.73,40.51
5/1/2023,2023,5,B376,1,171,460.03,520.16
5/1/2023,2023,5,B377,16,1003,212.93,225.69
5/1/2023,2023,5,B380,1,155,82.17,89.04
5/1/2023,2023,5,B381,14,918,475.99,501.95
5/1/2023,2023,5,B382,2,6,2.2,2.46
5/1/2023,2023,5,B387,1,113,115,123
5/1/2023,2023,5,B492,1,15,0.56,0.5
5/1/2023,2023,5,B497,1,15,1.55,1.42
5/1/2023,2023,5,B507,1,1,0.39,0.41
5/1/2023,2023,5,B508,1,8,7.08,7.7
5/1/2023,2023,5,B509,1,6,7.77,8.33
6/1/2023,2023,6,B002,1,82,77,90
6/1/2023,2023,6,B010,8,308,18.71,21.2
6/1/2023,2023,6,B011,2,11,2,2.15
6/1/2023,2023,6,B012,6,735,168.68,193.65
6/1/2023,2023,6,B013,4,703,104.9,96.87
6/1/2023,2023,6,B014,2,11,2,2.17
6/1/2023,2023,6,B015,2,30,7.19,7.93
6/1/2023,2023,6,B016,8,743,73.58,77.99
6/1/2023,2023,6,B017,1,73,8.69,9.39
6/1/2023,2023,6,B018,3,77,133.22,143.34
6/1/2023,2023,6,B020,2,11,11,12
6/1/2023,2023,6,B021,1,123,479,397
6/1/2023,2023,6,B023,16,975,1471.45,1632.21
6/1/2023,2023,6,B029,1,82,81,73
6/1/2023,2023,6,B032,1,129,26.78,29.8
6/1/2023,2023,6,B040,2,188,64.35,54.84
6/1/2023,2023,6,B043,2,81,11.41,12.14
6/1/2023,2023,6,B049,2,309,82.14,90.94
6/1/2023,2023,6,B052,9,343,27.81,29.94
6/1/2023,2023,6,B053,2,3,2.33,1.93
6/1/2023,2023,6,B055,1,1,0.22,0.25
6/1/2023,2023,6,B057,7,40,8.3,8.97
6/1/2023,2023,6,B062,4,146,28.32,29.98
6/1/2023,2023,6,B065,2,244,47.32,53.33
6/1/2023,2023,6,B066,1,18,0.86,0.93
6/1/2023,2023,6,B069,9,310,311,278
6/1/2023,2023,6,B071,16,975,245.17,201.89
6/1/2023,2023,6,B072,1,1,2,1
6/1/2023,2023,6,B073,1,1,2.86,3.29
6/1/2023,2023,6,B076,2,7,27,30
6/1/2023,2023,6,B077,9,311,425,359
6/1/2023,2023,6,B078,3,6,4.97,5.75
6/1/2023,2023,6,B079,7,289,28732,32584
6/1/2023,2023,6,B080,1,80,84,97
6/1/2023,2023,6,B081,7,353,563.9,626.58
6/1/2023,2023,6,B082,5,136,1458.09,1541.46
6/1/2023,2023,6,B084,4,37,622.57,664.94
6/1/2023,2023,6,B086,1,1,24.76,28.75
6/1/2023,2023,6,B088,3,37,1357.24,1568.27
6/1/2023,2023,6,B089,1,210,4870.78,5616.13
6/1/2023,2023,6,B093,1,1,29.71,33.52
6/1/2023,2023,6,B102,7,300,2448.27,2179.44
6/1/2023,2023,6,B103,1,49,220.31,246.08
6/1/2023,2023,6,B104,1,1,8.77,10.19
6/1/2023,2023,6,B106,4,15,106.99,122.29
6/1/2023,2023,6,B108,8,299,589,677
6/1/2023,2023,6,B109,6,182,462,385
6/1/2023,2023,6,B112,3,17,34,39
6/1/2023,2023,6,B114,3,7,11,10
6/1/2023,2023,6,B117,2,244,47.86,55.24
6/1/2023,2023,6,B118,10,312,4252,3932
6/1/2023,2023,6,B119,6,101,99,105
6/1/2023,2023,6,B120,3,78,207,186
6/1/2023,2023,6,B123,8,299,292,341
6/1/2023,2023,6,B126,2,11,11,10
6/1/2023,2023,6,B127,5,11,22,25
6/1/2023,2023,6,B131,1,49,51,45
6/1/2023,2023,6,B132,9,339,752.54,879.09
6/1/2023,2023,6,B136,1,1,5.02,5.81
6/1/2023,2023,6,B137,1,14,10.28,11.85
6/1/2023,2023,6,B138,3,29,21.53,24.49
6/1/2023,2023,6,B143,1,1,1.04,0.94
6/1/2023,2023,6,B144,1,28,21.02,23.49
6/1/2023,2023,6,B145,2,11,12.38,11.72
6/1/2023,2023,6,B146,1,2,2.33,2.65
6/1/2023,2023,6,B150,1,1,1,1.15
6/1/2023,2023,6,B152,1,11,7.85,9.02
6/1/2023,2023,6,B154,1,15,6.23,6.75
6/1/2023,2023,6,B155,1,1,1.46,1.64
6/1/2023,2023,6,B156,1,1,1.06,1.13
6/1/2023,2023,6,B158,4,51,123.07,143.29
6/1/2023,2023,6,B159,1,307,1054.85,1241.66
6/1/2023,2023,6,B161,8,56,116.86,127.78
6/1/2023,2023,6,B164,1,1,8.62,9.44
6/1/2023,2023,6,B165,1,4,5.89,4.9
6/1/2023,2023,6,B166,1,73,524,589
6/1/2023,2023,6,B168,1,8,8,9
6/1/2023,2023,6,B169,1,96,99,108
6/1/2023,2023,6,B170,1,3,8.7,8.12
6/1/2023,2023,6,B175,8,142,136.23,150.49
6/1/2023,2023,6,B183,1,1,42,47
6/1/2023,2023,6,B185,1,1,1,1
6/1/2023,2023,6,B188,1,5,5,6
6/1/2023,2023,6,B189,1,71,65,70
6/1/2023,2023,6,B192,16,1137,202.47,169.85
6/1/2023,2023,6,B205,16,1140,6836.07,7896.9
6/1/2023,2023,6,B207,1,82,81,87
6/1/2023,2023,6,B209,1,3,3,4
6/1/2023,2023,6,B213,1,4,16,18
6/1/2023,2023,6,B215,3,14,14,16
6/1/2023,2023,6,B225,1,3,3,4
6/1/2023,2023,6,B226,3,171,255,297
6/1/2023,2023,6,B227,1,1,6,5
6/1/2023,2023,6,B229,2,170,871.33,718.39
6/1/2023,2023,6,B237,16,741,145.61,160.44
6/1/2023,2023,6,B238,1,18,1.77,1.58
6/1/2023,2023,6,B239,15,1039,815,749.64
6/1/2023,2023,6,B241,16,674,849.13,791.41
6/1/2023,2023,6,B242,7,397,142.97,130.5
6/1/2023,2023,6,B255,8,122,55.6,62.37
6/1/2023,2023,6,B259,7,289,14813,16966
6/1/2023,2023,6,B260,8,299,298,326
6/1/2023,2023,6,B261,5,11,11,12
6/1/2023,2023,6,B262,3,175,223.06,247.66
6/1/2023,2023,6,B263,9,289,137.97,156.78
6/1/2023,2023,6,B264,7,277,128.75,140.68
6/1/2023,2023,6,B265,14,379,304.39,334.24
6/1/2023,2023,6,B266,5,23,323,341
6/1/2023,2023,6,B270,8,839,339,298
6/1/2023,2023,6,B284,1,8,8,7
6/1/2023,2023,6,B293,1,1,1,2
6/1/2023,2023,6,B301,1,96,316,356
6/1/2023,2023,6,B303,2,2,5,6
6/1/2023,2023,6,B304,1,10,10,9
6/1/2023,2023,6,B305,2,4,9,8
6/1/2023,2023,6,B306,1,27,251,266
6/1/2023,2023,6,B309,5,11,11,12
6/1/2023,2023,6,B312,3,29,130,149
6/1/2023,2023,6,B314,2,99,154,175
6/1/2023,2023,6,B315,1,18,0.94,1.08
6/1/2023,2023,6,B316,1,1,0.05,0.06
6/1/2023,2023,6,B319,16,1059,336.41,314.14
6/1/2023,2023,6,B320,10,312,148.21,125.94
6/1/2023,2023,6,B321,10,312,4201,4783
6/1/2023,2023,6,B322,9,300,10198,10765
6/1/2023,2023,6,B323,1,82,82,94
6/1/2023,2023,6,B325,1,96,153,138
6/1/2023,2023,6,B326,1,1,2,3
6/1/2023,2023,6,B331,1,11,44,51
6/1/2023,2023,6,B333,1,11,52,59
6/1/2023,2023,6,B335,1,7,25,21
6/1/2023,2023,6,B339,1,7,29,34
6/1/2023,2023,6,B352,2,76,74.58,70.42
6/1/2023,2023,6,B354,1,1,0.38,0.44
6/1/2023,2023,6,B356,1,1,1,1
6/1/2023,2023,6,B372,8,283,797.89,890.41
6/1/2023,2023,6,B375,2,9,24.28,27.71
6/1/2023,2023,6,B376,1,248,625.43,686
6/1/2023,2023,6,B377,16,1140,251.49,269.82
6/1/2023,2023,6,B380,1,242,145.45,166.38
6/1/2023,2023,6,B381,14,1046,536.68,579.62
6/1/2023,2023,6,B382,2,11,4.44,5.2
6/1/2023,2023,6,B387,1,133,126,142
6/1/2023,2023,6,B490,1,1,2.12,1.91
6/1/2023,2023,6,B492,1,18,0.72,0.77
6/1/2023,2023,6,B493,1,1,2.05,1.77
6/1/2023,2023,6,B494,1,82,80,91
6/1/2023,2023,6,B497,1,18,1.9,2
6/1/2023,2023,6,B507,1,1,0.4,0.33
6/1/2023,2023,6,B508,1,8,6.82,7.32
7/1/2023,2023,7,B009,1,1,92,77
7/1/2023,2023,7,B010,8,488,28.77,30.52
7/1/2023,2023,7,B011,2,7,1.17,0.97
7/1/2023,2023,7,B012,6,741,152.52,165.03
7/1/2023,2023,7,B013,4,707,90.05,99.89
7/1/2023,2023,7,B014,2,7,1.09,1.16
7/1/2023,2023,7,B015,2,32,8.41,9.16
7/1/2023,2023,7,B016,8,745,64.71,71.39
7/1/2023,2023,7,B017,1,82,10.7,12.26
7/1/2023,2023,7,B018,3,87,148.34,133.72
7/1/2023,2023,7,B020,3,32,32,29
7/1/2023,2023,7,B023,16,1225,1958.96,2059.65
7/1/2023,2023,7,B027,1,1,1,2
7/1/2023,2023,7,B029,1,117,118,124
7/1/2023,2023,7,B032,1,79,17.55,19.65
7/1/2023,2023,7,B038,1,1,0.05,0.06
7/1/2023,2023,7,B040,2,204,70.22,74.94
7/1/2023,2023,7,B044,2,89,13.19,15.48
7/1/2023,2023,7,B049,2,340,88.96,104.71
7/1/2023,2023,7,B052,9,501,37,39.16
7/1/2023,2023,7,B053,2,7,3.06,2.53
7/1/2023,2023,7,B055,1,6,0.94,1.06
7/1/2023,2023,7,B057,7,52,8.27,6.88
7/1/2023,2023,7,B062,3,59,7.14,6.12
7/1/2023,2023,7,B063,1,10,2.01,2.31
7/1/2023,2023,7,B065,2,201,41.03,35.26
7/1/2023,2023,7,B066,1,13,0.62,0.69
7/1/2023,2023,7,B069,9,491,484,549
7/1/2023,2023,7,B071,16,1088,250.41,278.25
7/1/2023,2023,7,B076,3,32,134,156
7/1/2023,2023,7,B077,9,491,620,722
7/1/2023,2023,7,B078,3,3,1.33,1.54
7/1/2023,2023,7,B079,7,306,30791,35503
7/1/2023,2023,7,B081,7,299,542.22,635
7/1/2023,2023,7,B082,5,52,873.04,1011.17
7/1/2023,2023,7,B086,1,1,15.09,13.42
7/1/2023,2023,7,B088,3,23,931.29,1085.89
7/1/2023,2023,7,B089,1,230,5947.46,6836.22
7/1/2023,2023,7,B091,1,1,27.79,24.51
7/1/2023,2023,7,B092,2,11,96.46,85.87
7/1/2023,2023,7,B096,4,40,855.04,977.34
7/1/2023,2023,7,B097,1,63,276.37,237.1
7/1/2023,2023,7,B102,6,464,3498.83,4035.17
7/1/2023,2023,7,B104,1,1,8.36,7.94
7/1/2023,2023,7,B106,4,17,150.54,162.66
7/1/2023,2023,7,B108,8,485,938,867
7/1/2023,2023,7,B110,2,78,226,203
7/1/2023,2023,7,B114,3,6,10,9
7/1/2023,2023,7,B115,3,8,11,12
7/1/2023,2023,7,B116,6,126,366,303
7/1/2023,2023,7,B117,2,201,39.34,46.04
7/1/2023,2023,7,B118,9,491,6669,7511
7/1/2023,2023,7,B119,7,135,136,155
7/1/2023,2023,7,B120,2,12,52,59
7/1/2023,2023,7,B123,8,485,486,421
7/1/2023,2023,7,B126,3,32,33,38
7/1/2023,2023,7,B127,4,6,12,14
7/1/2023,2023,7,B131,1,63,58,63
7/1/2023,2023,7,B132,9,501,1070.55,948.23
7/1/2023,2023,7,B133,1,1,0.55,0.5
7/1/2023,2023,7,B138,3,20,14.88,17.55
7/1/2023,2023,7,B143,2,5,11.01,12.79
7/1/2023,2023,7,B144,1,69,50.42,54.63
7/1/2023,2023,7,B145,2,14,16.65,18.67
7/1/2023,2023,7,B146,1,2,2.51,2.67
7/1/2023,2023,7,B147,1,338,1188.79,1076.64
7/1/2023,2023,7,B149,1,1,2.05,2.41
7/1/2023,2023,7,B150,1,1,1.05,1.11
7/1/2023,2023,7,B151,1,1,4.06,4.44
7/1/2023,2023,7,B153,1,1,1.88,2.13
7/1/2023,2023,7,B154,1,15,12.74,13.95
7/1/2023,2023,7,B158,4,38,90.6,105.84
7/1/2023,2023,7,B160,1,9,7.9,7.37
7/1/2023,2023,7,B161,8,75,185.55,197.19
7/1/2023,2023,7,B164,1,1,4.43,5.08
7/1/2023,2023,7,B165,1,4,2.71,2.99
7/1/2023,2023,7,B166,1,82,549,620
7/1/2023,2023,7,B168,1,4,4,5
7/1/2023,2023,7,B169,1,124,123,133
7/1/2023,2023,7,B171,2,208,357,325
7/1/2023,2023,7,B175,9,184,181.7,159.06
7/1/2023,2023,7,B181,1,5,4,5
7/1/2023,2023,7,B185,2,2,2,3
7/1/2023,2023,7,B188,1,5,5,6
7/1/2023,2023,7,B189,1,1,2,1
7/1/2023,2023,7,B192,16,1354,221.19,186.9
7/1/2023,2023,7,B205,16,1356,7898.04,9038.46
7/1/2023,2023,7,B206,4,41,35.36,38.31
7/1/2023,2023,7,B207,1,117,120,139
7/1/2023,2023,7,B208,1,117,92,97
7/1/2023,2023,7,B229,2,208,1077.47,991.06
7/1/2023,2023,7,B237,16,876,163.44,142.02
7/1/2023,2023,7,B238,1,13,1.26,1.47
7/1/2023,2023,7,B239,15,1195,980.58,1133.67
7/1/2023,2023,7,B241,16,870,1111.79,1270.79
7/1/2023,2023,7,B242,7,383,143.42,168.36
7/1/2023,2023,7,B243,1,1,0.73,0.81
7/1/2023,2023,7,B255,8,126,73.5,80.71
7/1/2023,2023,7,B259,7,306,16178,17487
7/1/2023,2023,7,B260,8,485,488,429
7/1/2023,2023,7,B261,4,6,6,7
7/1/2023,2023,7,B262,4,124,246.94,212.17
7/1/2023,2023,7,B263,8,444,205.65,216.05
7/1/2023,2023,7,B264,7,438,200.23,172.87
7/1/2023,2023,7,B265,15,443,362.95,405.06
7/1/2023,2023,7,B266,6,47,637,684
7/1/2023,2023,7,B267,8,873,418,463
7/1/2023,2023,7,B284,1,4,4,5
7/1/2023,2023,7,B301,1,124,379,315
7/1/2023,2023,7,B303,1,2,4,5
7/1/2023,2023,7,B304,1,20,20,23
7/1/2023,2023,7,B305,3,15,21,24
7/1/2023,2023,7,B308,1,18,181,193
7/1/2023,2023,7,B309,4,4,3,2
7/1/2023,2023,7,B311,2,3,3,4
7/1/2023,2023,7,B312,2,20,89,94
7/1/2023,2023,7,B314,1,124,199,174
7/1/2023,2023,7,B315,1,13,0.63,0.57
7/1/2023,2023,7,B319,16,1266,437.45,480.78
7/1/2023,2023,7,B320,9,491,234.57,262.62
7/1/2023,2023,7,B321,9,491,6689,7775
7/1/2023,2023,7,B322,8,485,15844,13111
7/1/2023,2023,7,B323,1,117,110,96
7/1/2023,2023,7,B324,1,92,359,404
7/1/2023,2023,7,B325,1,124,198,170
7/1/2023,2023,7,B327,1,1,10,11
7/1/2023,2023,7,B331,1,9,34,38
7/1/2023,2023,7,B333,1,9,48,51
7/1/2023,2023,7,B336,1,4,16,17
7/1/2023,2023,7,B339,1,4,15,17
7/1/2023,2023,7,B352,2,11,11.66,10.97
7/1/2023,2023,7,B356,1,1,1,2
7/1/2023,2023,7,B372,6,422,1151.43,1349.14
7/1/2023,2023,7,B375,3,32,86.31,100.43
7/1/2023,2023,7,B376,1,293,735.92,820.61
7/1/2023,2023,7,B377,16,1356,281.28,316.44
7/1/2023,2023,7,B380,1,198,110.31,126.36
7/1/2023,2023,7,B381,14,1198,534.67,629.8
7/1/2023,2023,7,B382,2,7,2.7,2.92
7/1/2023,2023,7,B387,1,103,108,90
7/1/2023,2023,7,B392,1,149,147,158
7/1/2023,2023,7,B492,1,13,0.52,0.59
7/1/2023,2023,7,B494,1,117,112,125
7/1/2023,2023,7,B497,1,13,1.39,1.16
7/1/2023,2023,7,B508,1,6,5.17,5.81
8/1/2023,2023,8,B010,8,439,24.28,22.11
8/1/2023,2023,8,B011,2,7,1.16,1.08
8/1/2023,2023,8,B012,6,608,165.17,183.78
8/1/2023,2023,8,B013,4,568,99.96,105.1
8/1/2023,2023,8,B014,2,7,1.15,0.97
8/1/2023,2023,8,B015,2,39,11.69,12.68
8/1/2023,2023,8,B016,8,613,73.35,77.92
8/1/2023,2023,8,B017,1,105,12.79,14.78
8/1/2023,2023,8,B018,3,111,197.2,229.26
8/1/2023,2023,8,B019,2,11,12,13
8/1/2023,2023,8,B020,2,19,19,16
8/1/2023,2023,8,B023,16,948,1540.95,1639.14
8/1/2023,2023,8,B025,1,1,1,1
8/1/2023,2023,8,B029,1,136,125,138
8/1/2023,2023,8,B032,1,113,22.49,24.21
8/1/2023,2023,8,B040,2,88,34.93,37.18
8/1/2023,2023,8,B041,1,4,1.5,1.63
8/1/2023,2023,8,B042,1,97,39.93,42.26
8/1/2023,2023,8,B043,2,85,13.72,11.36
8/1/2023,2023,8,B048,1,1,0.14,0.12
8/1/2023,2023,8,B049,2,131,39.57,35.39
8/1/2023,2023,8,B052,9,441,38.31,32.82
8/1/2023,2023,8,B053,2,5,1.12,1.29
8/1/2023,2023,8,B055,1,5,0.72,0.62
8/1/2023,2023,8,B057,6,52,7.59,6.41
8/1/2023,2023,8,B062,4,147,28.94,30.59
8/1/2023,2023,8,B063,1,12,2.43,2.8
8/1/2023,2023,8,B065,2,193,36.95,40.19
8/1/2023,2023,8,B066,1,15,0.75,0.87
8/1/2023,2023,8,B068,1,76,20.5,23.69
8/1/2023,2023,8,B069,9,440,445,513
8/1/2023,2023,8,B071,16,1055,255.51,299.23
8/1/2023,2023,8,B072,1,1,2,3
8/1/2023,2023,8,B075,1,1,8.47,9.05
8/1/2023,2023,8,B076,2,19,77,68
8/1/2023,2023,8,B077,9,441,498,430
8/1/2023,2023,8,B078,3,6,3.36,3.92
8/1/2023,2023,8,B079,7,188,18075,20776
8/1/2023,2023,8,B081,7,280,298.27,263.1
8/1/2023,2023,8,B082,6,131,1086.93,967.58
8/1/2023,2023,8,B086,1,2,39.14,44.74
8/1/2023,2023,8,B088,3,15,666.72,766.43
8/1/2023,2023,8,B089,1,110,3135.08,3656.61
8/1/2023,2023,8,B093,1,1,29.76,32.97
8/1/2023,2023,8,B096,4,47,831.64,898.61
8/1/2023,2023,8,B097,1,41,168.3,194.26
8/1/2023,2023,8,B102,7,414,2878.08,3119.53
8/1/2023,2023,8,B104,1,2,15.91,14.63
8/1/2023,2023,8,B106,4,32,256.61,212.66
8/1/2023,2023,8,B108,8,432,739,832
8/1/2023,2023,8,B109,3,92,188,215
8/1/2023,2023,8,B114,3,9,13,14
8/1/2023,2023,8,B115,3,10,13,14
8/1/2023,2023,8,B116,6,86,198,229
8/1/2023,2023,8,B117,2,193,35.99,41.49
8/1/2023,2023,8,B118,10,442,5893,6704
8/1/2023,2023,8,B119,6,64,65,75
8/1/2023,2023,8,B120,3,99,212,176
8/1/2023,2023,8,B123,8,432,433,392
8/1/2023,2023,8,B126,1,8,8,9
8/1/2023,2023,8,B127,5,8,16,14
8/1/2023,2023,8,B131,1,41,42,46
8/1/2023,2023,8,B132,9,441,967.51,1111.8
8/1/2023,2023,8,B138,3,10,9.87,11.49
8/1/2023,2023,8,B143,2,5,10.26,11.62
8/1/2023,2023,8,B144,1,51,36.05,39.48
8/1/2023,2023,8,B145,1,2,3.97,3.3
8/1/2023,2023,8,B146,1,2,0.86,0.97
8/1/2023,2023,8,B147,1,205,733.85,776.31
8/1/2023,2023,8,B153,1,1,1.84,1.58
8/1/2023,2023,8,B154,1,8,7.28,8.36
8/1/2023,2023,8,B158,3,29,68.24,74.05
8/1/2023,2023,8,B160,1,17,14.45,16.79
8/1/2023,2023,8,B161,7,82,180.47,164.26
8/1/2023,2023,8,B164,1,2,12.73,13.42
8/1/2023,2023,8,B165,2,9,9.6,8.4
8/1/2023,2023,8,B166,1,105,698,792
8/1/2023,2023,8,B168,1,4,4,5
8/1/2023,2023,8,B169,1,60,61,66
8/1/2023,2023,8,B170,1,2,5.75,5.2
8/1/2023,2023,8,B171,3,167,329,358
8/1/2023,2023,8,B174,1,2,4.46,4.97
8/1/2023,2023,8,B175,8,122,118.3,130.72
8/1/2023,2023,8,B176,1,1,1,2
8/1/2023,2023,8,B185,2,2,1,2
8/1/2023,2023,8,B188,1,6,6,7
8/1/2023,2023,8,B189,2,92,86,98
8/1/2023,2023,8,B192,16,1191,226.29,260.2
8/1/2023,2023,8,B193,1,1,79,87
8/1/2023,2023,8,B205,16,1194,7111.48,7913.49
8/1/2023,2023,8,B207,1,136,144,121
8/1/2023,2023,8,B208,1,136,104,94
8/1/2023,2023,8,B209,1,2,2,1
8/1/2023,2023,8,B215,3,22,23,26
8/1/2023,2023,8,B225,1,2,2,3
8/1/2023,2023,8,B227,1,1,6,5
8/1/2023,2023,8,B229,2,166,1078.95,1247.4
8/1/2023,2023,8,B237,16,774,131.35,149.67
8/1/2023,2023,8,B238,1,15,1.5,1.6
8/1/2023,2023,8,B239,15,1026,821.17,940.5
8/1/2023,2023,8,B241,16,718,853.91,912.99
8/1/2023,2023,8,B242,7,306,89.18,99.01
8/1/2023,2023,8,B255,7,135,94.07,104.98
8/1/2023,2023,8,B259,7,188,9951,11230
8/1/2023,2023,8,B260,8,432,433,472
8/1/2023,2023,8,B261,5,8,8,9
8/1/2023,2023,8,B262,4,206,242.39,278.03
8/1/2023,2023,8,B263,9,414,178.75,163.66
8/1/2023,2023,8,B264,7,405,176.05,161.73
8/1/2023,2023,8,B265,15,241,215.66,244.02
8/1/2023,2023,8,B266,5,28,381,340
8/1/2023,2023,8,B269,8,753,514,484
8/1/2023,2023,8,B271,1,2,19.38,21.11
8/1/2023,2023,8,B284,1,3,3,2
8/1/2023,2023,8,B286,1,1,1,2
8/1/2023,2023,8,B300,1,8,99,84
8/1/2023,2023,8,B301,1,60,252,287
8/1/2023,2023,8,B303,2,2,5,6
8/1/2023,2023,8,B304,1,12,11,10
8/1/2023,2023,8,B305,3,16,22,20
8/1/2023,2023,8,B309,5,8,8,9
8/1/2023,2023,8,B312,3,10,55,46
8/1/2023,2023,8,B314,2,62,117,132
8/1/2023,2023,8,B315,1,15,0.8,0.69
8/1/2023,2023,8,B319,16,1096,376.99,437.07
8/1/2023,2023,8,B320,10,442,209.51,179.94
8/1/2023,2023,8,B321,10,442,6043,6673
8/1/2023,2023,8,B322,9,433,12882,15081
8/1/2023,2023,8,B323,1,136,125,133
8/1/2023,2023,8,B324,1,131,542,482
8/1/2023,2023,8,B325,1,60,123,134
8/1/2023,2023,8,B326,1,1,2,3
8/1/2023,2023,8,B331,1,7,28,30
8/1/2023,2023,8,B333,1,7,37,39
8/1/2023,2023,8,B339,1,8,34,40
8/1/2023,2023,8,B343,1,8,33,37
8/1/2023,2023,8,B352,3,98,102.1,113.94
8/1/2023,2023,8,B354,1,1,0.38,0.42
8/1/2023,2023,8,B356,1,2,1,1
8/1/2023,2023,8,B357,1,1,2,3
8/1/2023,2023,8,B372,7,391,934.49,1011.17
8/1/2023,2023,8,B375,3,35,89.12,104.45
8/1/2023,2023,8,B376,1,151,354.9,413.6
8/1/2023,2023,8,B377,16,1194,257.05,213.54
8/1/2023,2023,8,B380,1,190,105.41,95.35
8/1/2023,2023,8,B381,14,1184,552.23,632.21
8/1/2023,2023,8,B382,2,3,1.32,1.42
8/1/2023,2023,8,B387,1,131,135,116
8/1/2023,2023,8,B492,1,15,0.63,0.55
8/1/2023,2023,8,B494,1,136,134,114
8/1/2023,2023,8,B497,1,15,1.55,1.68
8/1/2023,2023,8,B507,2,10,8.7,7.53
9/1/2023,2023,9,B002,1,112,109,121
9/1/2023,2023,9,B009,1,1,83,88
9/1/2023,2023,9,B010,8,292,17.97,15.31
9/1/2023,2023,9,B011,2,9,1.39,1.62
9/1/2023,2023,9,B012,7,683,150.32,168.34
9/1/2023,2023,9,B013,5,640,90.14,95.88
9/1/2023,2023,9,B014,2,9,1.25,1.43
9/1/2023,2023,9,B015,2,42,11.78,9.78
9/1/2023,2023,9,B016,9,690,68.19,80.06
9/1/2023,2023,9,B017,1,47,5.65,6.49
9/1/2023,2023,9,B018,3,54,114.77,131.71
9/1/2023,2023,9,B020,3,18,18,19
9/1/2023,2023,9,B023,17,796,1336.39,1108.25
9/1/2023,2023,9,B027,1,1,1,1
9/1/2023,2023,9,B029,1,112,111,130
9/1/2023,2023,9,B032,1,99,19.6,20.75
9/1/2023,2023,9,B040,2,51,27.32,30.61
9/1/2023,2023,9,B043,2,71,12.03,13.84
9/1/2023,2023,9,B049,2,220,64.96,73.67
9/1/2023,2023,9,B052,10,336,34.17,36.12
9/1/2023,2023,9,B053,2,7,2.91,3.35
9/1/2023,2023,9,B055,1,6,0.96,1.04
9/1/2023,2023,9,B057,7,39,7.51,8.75
9/1/2023,2023,9,B059,2,9,3.29,3.79
9/1/2023,2023,9,B062,5,266,52.5,60.81
9/1/2023,2023,9,B063,2,19,3.85,4.34
9/1/2023,2023,9,B065,2,103,21.77,23.26
9/1/2023,2023,9,B066,1,18,0.87,0.77
9/1/2023,2023,9,B071,17,924,227.11,200.33
9/1/2023,2023,9,B072,1,1,2,1
9/1/2023,2023,9,B075,1,1,9.51,7.8
9/1/2023,2023,9,B077,9,294,411,353
9/1/2023,2023,9,B078,3,5,3.31,3.81
9/1/2023,2023,9,B079,8,254,25329,21115
9/1/2023,2023,9,B080,1,35,38,43
9/1/2023,2023,9,B081,8,373,613.21,701.46
9/1/2023,2023,9,B082,7,248,2081.04,2400.04
9/1/2023,2023,9,B086,1,3,56.51,61.06
9/1/2023,2023,9,B088,4,40,1296.02,1198.57
9/1/2023,2023,9,B089,1,143,3487.93,3690.68
9/1/2023,2023,9,B090,1,9,37.27,41.13
9/1/2023,2023,9,B096,5,58,883.72,732.35
9/1/2023,2023,9,B098,4,17,147.7,166.35
9/1/2023,2023,9,B102,7,280,2321.05,2711.36
9/1/2023,2023,9,B103,1,19,86.21,74.74
9/1/2023,2023,9,B104,1,1,9.23,10.18
9/1/2023,2023,9,B108,8,285,607,691
9/1/2023,2023,9,B111,3,94,244,264
9/1/2023,2023,9,B113,9,293,299,271
9/1/2023,2023,9,B115,4,21,43,40
9/1/2023,2023,9,B116,7,117,291,332
9/1/2023,2023,9,B117,2,103,20.97,17.54
9/1/2023,2023,9,B118,10,295,4021,4742
9/1/2023,2023,9,B119,7,114,109,95
9/1/2023,2023,9,B120,3,180,389,449
9/1/2023,2023,9,B123,8,285,287,333
9/1/2023,2023,9,B127,5,8,16,14
9/1/2023,2023,9,B131,1,28,29,32
9/1/2023,2023,9,B132,10,326,739.29,801.39
9/1/2023,2023,9,B136,1,1,5.01,5.63
9/1/2023,2023,9,B138,3,24,16.96,19.81
9/1/2023,2023,9,B143,2,5,11.08,9.5
9/1/2023,2023,9,B144,1,43,32.02,36.75
9/1/2023,2023,9,B145,2,15,18.34,20.26
9/1/2023,2023,9,B146,1,2,2.39,2.7
9/1/2023,2023,9,B147,1,218,783.96,891.26
9/1/2023,2023,9,B150,1,1,0.97,1.13
9/1/2023,2023,9,B151,1,1,4.31,3.92
9/1/2023,2023,9,B152,1,15,13,11.15
9/1/2023,2023,9,B156,1,1,1.02,1.16
9/1/2023,2023,9,B158,5,57,112.84,120.9
9/1/2023,2023,9,B161,9,80,178.77,194.51
9/1/2023,2023,9,B164,1,3,17.06,19
9/1/2023,2023,9,B165,2,8,8.72,9.64
9/1/2023,2023,9,B167,1,20,14,13
9/1/2023,2023,9,B168,1,5,5,6
9/1/2023,2023,9,B169,1,82,82,77
9/1/2023,2023,9,B170,1,2,6.22,5.35
9/1/2023,2023,9,B171,3,131,220,258
9/1/2023,2023,9,B175,9,154,149.54,172.75
9/1/2023,2023,9,B185,1,2,2,3
9/1/2023,2023,9,B188,1,5,5,6
9/1/2023,2023,9,B189,2,174,187,174
9/1/2023,2023,9,B192,17,1097,209.63,225.1
9/1/2023,2023,9,B195,2,7,7,8
9/1/2023,2023,9,B196,3,18,73,85
9/1/2023,2023,9,B205,17,1098,6359.27,7137.19
9/1/2023,2023,9,B207,1,112,118,130
9/1/2023,2023,9,B209,1,2,2,1
9/1/2023,2023,9,B210,3,18,18,21
9/1/2023,2023,9,B212,1,1,1,1
9/1/2023,2023,9,B215,3,31,31,35
9/1/2023,2023,9,B225,1,2,2,3
9/1/2023,2023,9,B227,1,1,6,7
9/1/2023,2023,9,B229,2,130,606.26,694.36
9/1/2023,2023,9,B237,17,772,139.51,160.8
9/1/2023,2023,9,B238,1,18,1.76,1.66
9/1/2023,2023,9,B239,16,949,799.69,864.39
9/1/2023,2023,9,B241,17,622,809.29,895.89
9/1/2023,2023,9,B242,8,278,122.16,104.96
9/1/2023,2023,9,B255,9,107,95.94,108.56
9/1/2023,2023,9,B259,8,254,13430,12648
9/1/2023,2023,9,B260,8,285,287,303
9/1/2023,2023,9,B261,5,8,8,9
9/1/2023,2023,9,B262,5,275,217.05,252.75
9/1/2023,2023,9,B263,9,255,126.98,139.81
9/1/2023,2023,9,B264,7,246,116.95,123.54
9/1/2023,2023,9,B265,16,320,260.59,283.69
9/1/2023,2023,9,B266,5,40,563,642
9/1/2023,2023,9,B269,9,811,538,452
9/1/2023,2023,9,B284,1,5,5,6
9/1/2023,2023,9,B301,1,82,254,295
9/1/2023,2023,9,B302,4,25,101,84
9/1/2023,2023,9,B303,2,2,5,4
9/1/2023,2023,9,B304,1,19,19,21
9/1/2023,2023,9,B305,4,25,28,24
9/1/2023,2023,9,B309,5,8,8,9
9/1/2023,2023,9,B313,2,23,194,206
9/1/2023,2023,9,B314,2,84,124,110
9/1/2023,2023,9,B315,1,18,0.93,1.01
9/1/2023,2023,9,B319,17,1032,352.68,395.26
9/1/2023,2023,9,B320,10,295,140.54,122.5
9/1/2023,2023,9,B321,10,295,4051,4273
9/1/2023,2023,9,B322,9,286,9900,9348
9/1/2023,2023,9,B323,1,112,118,124
9/1/2023,2023,9,B324,1,54,225,262
9/1/2023,2023,9,B325,1,82,123,143
9/1/2023,2023,9,B333,1,11,58,65
9/1/2023,2023,9,B339,1,7,26,28
9/1/2023,2023,9,B343,1,5,19,16
9/1/2023,2023,9,B344,1,2,10,11
9/1/2023,2023,9,B346,1,11,46,50
9/1/2023,2023,9,B352,3,179,175,205.05
9/1/2023,2023,9,B354,1,1,0.36,0.42
9/1/2023,2023,9,B356,1,3,1,2
9/1/2023,2023,9,B359,1,47,376,419
9/1/2023,2023,9,B372,9,250,778.09,837.05
9/1/2023,2023,9,B375,4,33,73.35,80.82
9/1/2023,2023,9,B376,1,155,380.99,318.15
9/1/2023,2023,9,B377,17,1098,238.18,204.62
9/1/2023,2023,9,B380,1,99,55.24,62.03
9/1/2023,2023,9,B381,15,1027,501.02,574.96
9/1/2023,2023,9,B384,1,26,26,30
9/1/2023,2023,9,B387,1,66,69,64
9/1/2023,2023,9,B492,1,18,0.68,0.77
9/1/2023,2023,9,B494,1,112,119,112
9/1/2023,2023,9,B497,1,18,1.78,1.54
9/1/2023,2023,9,B507,1,1,0.37,0.42
9/1/2023,2023,9,B508,1,5,4.67,4.31
10/1/2023,2023,10,B009,1,1,94,104
10/1/2023,2023,10,B010,8,308,18.22,19.45
10/1/2023,2023,10,B011,2,8,1.43,1.23
10/1/2023,2023,10,B012,6,706,176.74,190.29
10/1/2023,2023,10,B013,4,674,103.53,85.86
10/1/2023,2023,10,B014,2,8,1.27,1.05
10/1/2023,2023,10,B015,2,31,9.72,11.03
10/1/2023,2023,10,B016,8,712,74.06,78.1
10/1/2023,2023,10,B017,1,91,11.52,12.45
10/1/2023,2023,10,B018,2,95,139.41,158.05
10/1/2023,2023,10,B019,3,14,14,16
10/1/2023,2023,10,B020,3,14,14,15
10/1/2023,2023,10,B023,16,879,1450.86,1201.16
10/1/2023,2023,10,B024,1,1,1,2
10/1/2023,2023,10,B032,1,123,26.12,22.37
10/1/2023,2023,10,B043,2,105,14.1,16.25
10/1/2023,2023,10,B045,2,184,68.73,74.76
10/1/2023,2023,10,B049,2,313,89.16,102.8
10/1/2023,2023,10,B050,1,1,0.13,0.14
10/1/2023,2023,10,B052,9,317,30.15,34.92
10/1/2023,2023,10,B053,2,3,2.35,2.65
10/1/2023,2023,10,B055,1,2,0.47,0.5
10/1/2023,2023,10,B057,7,48,7.49,6.47
10/1/2023,2023,10,B062,4,191,40.88,36.39
10/1/2023,2023,10,B063,1,13,2.54,2.84
10/1/2023,2023,10,B065,2,216,42.44,34.82
10/1/2023,2023,10,B066,1,18,0.91,1.04
10/1/2023,2023,10,B069,9,310,311,259
10/1/2023,2023,10,B071,16,1023,279.7,319.95
10/1/2023,2023,10,B077,9,310,417,481
10/1/2023,2023,10,B078,3,5,3.47,3.21
10/1/2023,2023,10,B079,7,287,27408,29001
10/1/2023,2023,10,B081,7,289,365.82,419.73
10/1/2023,2023,10,B082,6,181,1211.39,1313.02
10/1/2023,2023,10,B085,1,74,1609.38,1752.06
10/1/2023,2023,10,B086,1,1,24.8,20.55
10/1/2023,2023,10,B087,4,24,195.37,228.64
10/1/2023,2023,10,B088,3,19,661.83,745.39
10/1/2023,2023,10,B089,1,154,3769.94,4306.25
10/1/2023,2023,10,B093,1,1,29.38,25.47
10/1/2023,2023,10,B096,4,46,898.87,1040.56
10/1/2023,2023,10,B102,7,290,2300.58,2037.72
10/1/2023,2023,10,B103,1,34,135.14,122.4
10/1/2023,2023,10,B108,8,303,607,716
10/1/2023,2023,10,B114,3,3,5,6
10/1/2023,2023,10,B115,3,15,30,34
10/1/2023,2023,10,B116,6,208,600,639
10/1/2023,2023,10,B117,2,216,43.49,39.39
10/1/2023,2023,10,B118,10,311,4180,4867
10/1/2023,2023,10,B119,7,101,100,118
10/1/2023,2023,10,B120,3,145,335,354
10/1/2023,2023,10,B123,8,303,298,338
10/1/2023,2023,10,B127,4,7,14,15
10/1/2023,2023,10,B130,1,34,28,26
10/1/2023,2023,10,B132,9,312,727.87,836.04
10/1/2023,2023,10,B136,1,1,5.25,5.93
10/1/2023,2023,10,B138,2,9,8.43,9.15
10/1/2023,2023,10,B143,1,1,0.98,1.11
10/1/2023,2023,10,B144,1,71,55.08,58.08
10/1/2023,2023,10,B145,1,3,6.14,5.38
10/1/2023,2023,10,B146,1,1,1.94,2.2
10/1/2023,2023,10,B147,1,312,1097.66,1177.11
10/1/2023,2023,10,B150,1,1,0.92,0.83
10/1/2023,2023,10,B151,1,1,4.09,4.45
10/1/2023,2023,10,B152,1,12,7.61,6.38
10/1/2023,2023,10,B153,1,1,2.02,2.27
10/1/2023,2023,10,B154,1,7,3.59,4
10/1/2023,2023,10,B156,1,1,1,1.15
10/1/2023,2023,10,B158,4,26,62.7,68.84
10/1/2023,2023,10,B161,8,74,164.06,192.76
10/1/2023,2023,10,B164,1,1,8.37,9.79
10/1/2023,2023,10,B165,1,5,7.55,8.72
10/1/2023,2023,10,B166,1,91,647,754
10/1/2023,2023,10,B168,1,5,5,6
10/1/2023,2023,10,B169,1,107,110,126
10/1/2023,2023,10,B170,1,2,6.13,5.3
10/1/2023,2023,10,B171,3,201,369,304
10/1/2023,2023,10,B174,1,1,2.39,2.61
10/1/2023,2023,10,B175,8,143,136.79,156.54
10/1/2023,2023,10,B188,1,9,10,9
10/1/2023,2023,10,B189,2,135,126,104
10/1/2023,2023,10,B192,16,1023,189.19,155.7
10/1/2023,2023,10,B195,1,2,4,5
10/1/2023,2023,10,B196,3,14,58,50
10/1/2023,2023,10,B205,16,1025,6587.81,7380.93
10/1/2023,2023,10,B209,1,2,2,3
10/1/2023,2023,10,B215,3,17,17,19
10/1/2023,2023,10,B225,1,2,2,3
10/1/2023,2023,10,B227,1,1,6,7
10/1/2023,2023,10,B229,2,200,1080.07,1167.45
10/1/2023,2023,10,B237,16,797,147,162.69
10/1/2023,2023,10,B238,1,18,1.78,2.04
10/1/2023,2023,10,B239,15,1006,868.61,980.21
10/1/2023,2023,10,B241,16,675,928.38,1040.41
10/1/2023,2023,10,B242,7,376,143.2,164.25
10/1/2023,2023,10,B255,9,130,77.18,84.02
10/1/2023,2023,10,B259,7,287,14464,12156
10/1/2023,2023,10,B260,8,303,298,278
10/1/2023,2023,10,B261,4,7,7,8
10/1/2023,2023,10,B262,4,238,221.97,246.57
10/1/2023,2023,10,B263,9,288,137.34,151.05
10/1/2023,2023,10,B264,7,280,130.04,109.58
10/1/2023,2023,10,B265,15,370,323.47,306.88
10/1/2023,2023,10,B266,5,23,339,359
10/1/2023,2023,10,B269,8,723,435,488
10/1/2023,2023,10,B284,1,5,5,4
10/1/2023,2023,10,B301,1,107,387,427
10/1/2023,2023,10,B303,2,3,7,8
10/1/2023,2023,10,B304,1,13,12,11
10/1/2023,2023,10,B305,3,17,21,23
10/1/2023,2023,10,B310,1,8,102,89
10/1/2023,2023,10,B311,4,7,7,8
10/1/2023,2023,10,B312,3,11,58,55
10/1/2023,2023,10,B314,2,109,190,221
10/1/2023,2023,10,B315,1,18,0.92,1.07
10/1/2023,2023,10,B319,16,944,298.68,351.26
10/1/2023,2023,10,B320,10,311,150.46,164.75
10/1/2023,2023,10,B321,10,311,4213,3506
10/1/2023,2023,10,B322,9,304,10548,9920
10/1/2023,2023,10,B324,1,95,353,375
10/1/2023,2023,10,B325,1,107,185,210
10/1/2023,2023,10,B327,1,1,10,11
10/1/2023,2023,10,B333,1,9,46,39
10/1/2023,2023,10,B339,1,9,34,40
10/1/2023,2023,10,B342,1,9,34,40
10/1/2023,2023,10,B352,3,144,140.28,151.79
10/1/2023,2023,10,B372,8,277,786.39,892.58
10/1/2023,2023,10,B375,3,30,76.95,88.07
10/1/2023,2023,10,B376,1,247,599.19,529.43
10/1/2023,2023,10,B377,16,1025,237.74,222.06
10/1/2023,2023,10,B380,1,212,125.6,132.84
10/1/2023,2023,10,B381,14,1015,562.98,643.29
10/1/2023,2023,10,B382,2,8,3.2,3.75
10/1/2023,2023,10,B387,1,95,89,105
10/1/2023,2023,10,B492,1,18,0.76,0.65
10/1/2023,2023,10,B497,1,18,1.82,2.08
10/1/2023,2023,10,B507,2,7,3.56,3.38
10/1/2023,2023,10,B508,1,7,6.74,7.48
10/1/2023,2023,10,B5120,1,9,37,43
11/1/2023,2023,11,B009,1,2,173,204
11/1/2023,2023,11,B010,9,559,33.84,36.02
11/1/2023,2023,11,B011,2,9,1.48,1.61
11/1/2023,2023,11,B012,6,715,131.28,138.95
11/1/2023,2023,11,B013,4,678,79.48,65.8
11/1/2023,2023,11,B014,2,9,1.38,1.56
11/1/2023,2023,11,B015,2,38,12.55,14.14
11/1/2023,2023,11,B016,8,724,57.74,62.23
11/1/2023,2023,11,B018,2,6,52.89,45.64
11/1/2023,2023,11,B019,3,14,14,13
11/1/2023,2023,11,B020,3,24,25,28
11/1/2023,2023,11,B023,16,1146,1904.9,2191.63
11/1/2023,2023,11,B027,1,1,1,1
11/1/2023,2023,11,B032,1,45,6.72,7.1
11/1/2023,2023,11,B034,1,160,27.98,29.88
11/1/2023,2023,11,B040,2,170,39.37,41.46
11/1/2023,2023,11,B043,1,23,5.92,6.68
11/1/2023,2023,11,B049,2,139,26.14,30.05
11/1/2023,2023,11,B052,10,589,48.52,43.19
11/1/2023,2023,11,B053,2,9,5.53,6.18
11/1/2023,2023,11,B055,1,7,1.31,1.07
11/1/2023,2023,11,B057,7,40,8.13,6.97
11/1/2023,2023,11,B059,1,4,1.58,1.84
11/1/2023,2023,11,B062,4,191,42.35,48.84
11/1/2023,2023,11,B063,1,14,2.72,3.01
11/1/2023,2023,11,B065,2,215,44.02,49.32
11/1/2023,2023,11,B066,1,15,0.73,0.79
11/1/2023,2023,11,B069,9,558,554,586
11/1/2023,2023,11,B070,1,1,3,2
11/1/2023,2023,11,B071,17,1172,211.43,242.59
11/1/2023,2023,11,B072,1,1,2,1
11/1/2023,2023,11,B074,1,1,3.31,3.04
11/1/2023,2023,11,B076,3,15,61,51
11/1/2023,2023,11,B077,9,559,754,882
11/1/2023,2023,11,B078,3,5,3.4,3.83
11/1/2023,2023,11,B079,7,311,24420,27894
11/1/2023,2023,11,B080,1,66,63,72
11/1/2023,2023,11,B081,7,353,624.01,546.09
11/1/2023,2023,11,B082,6,182,1519.23,1774.71
11/1/2023,2023,11,B086,1,3,54.28,62.84
11/1/2023,2023,11,B088,3,29,953.57,1084.79
11/1/2023,2023,11,B089,1,235,3984.88,4619.46
11/1/2023,2023,11,B093,1,1,28.68,25.98
11/1/2023,2023,11,B096,4,45,811.34,924.29
11/1/2023,2023,11,B102,7,545,4488.45,5157.84
11/1/2023,2023,11,B103,1,61,243.42,282.79
11/1/2023,2023,11,B104,1,1,8.17,8.85
11/1/2023,2023,11,B106,4,18,152.4,162.19
11/1/2023,2023,11,B108,9,554,1134,1320
11/1/2023,2023,11,B114,3,8,12,13
11/1/2023,2023,11,B115,3,14,26,22
11/1/2023,2023,11,B116,6,152,378,425
11/1/2023,2023,11,B117,2,215,43.63,46.15
11/1/2023,2023,11,B118,10,560,7600,8879
11/1/2023,2023,11,B119,8,198,204,222
11/1/2023,2023,11,B120,3,133,292,273
11/1/2023,2023,11,B123,9,554,552,473
11/1/2023,2023,11,B126,1,10,10,11
11/1/2023,2023,11,B127,3,3,6,7
11/1/2023,2023,11,B130,1,23,17,20
11/1/2023,2023,11,B131,1,38,36,33
11/1/2023,2023,11,B132,10,586,1334.27,1144.9
11/1/2023,2023,11,B136,1,3,15.65,17.77
11/1/2023,2023,11,B138,3,20,14.38,15.41
11/1/2023,2023,11,B143,2,4,7.86,8.82
11/1/2023,2023,11,B145,2,19,22.56,24.93
11/1/2023,2023,11,B146,1,3,4.65,5.33
11/1/2023,2023,11,B147,1,296,667.46,726.63
11/1/2023,2023,11,B148,1,2,2.09,2.29
11/1/2023,2023,11,B151,1,2,8.16,9.59
11/1/2023,2023,11,B152,1,14,10.5,8.87
11/1/2023,2023,11,B153,1,1,2.1,2.26
11/1/2023,2023,11,B154,1,13,10.11,11.83
11/1/2023,2023,11,B156,1,1,1.5,1.75
11/1/2023,2023,11,B157,1,1,0.64,0.69
11/1/2023,2023,11,B158,4,45,107.02,113.7
11/1/2023,2023,11,B161,8,67,190.46,156.82
11/1/2023,2023,11,B164,1,3,17.65,19.28
11/1/2023,2023,11,B165,2,7,8.01,9.17
11/1/2023,2023,11,B168,1,4,4,5
11/1/2023,2023,11,B169,1,53,51,48
11/1/2023,2023,11,B170,1,2,5.8,6.58
11/1/2023,2023,11,B171,3,55,53,58
11/1/2023,2023,11,B175,9,255,247.66,275.59
11/1/2023,2023,11,B185,2,4,4,5
11/1/2023,2023,11,B188,1,7,7,6
11/1/2023,2023,11,B189,2,125,124,114
11/1/2023,2023,11,B192,17,1375,211.02,192.61
11/1/2023,2023,11,B196,1,9,36,40
11/1/2023,2023,11,B205,17,1378,6869.01,7705.41
11/1/2023,2023,11,B207,1,91,96,109
11/1/2023,2023,11,B208,1,91,66,71
11/1/2023,2023,11,B209,1,2,2,3
11/1/2023,2023,11,B215,4,43,41,45
11/1/2023,2023,11,B225,1,2,2,3
11/1/2023,2023,11,B227,1,1,6,7
11/1/2023,2023,11,B229,2,54,102.65,115.84
11/1/2023,2023,11,B237,16,1083,179.45,194.19
11/1/2023,2023,11,B238,1,15,1.52,1.29
11/1/2023,2023,11,B239,16,1234,865.75,815.35
11/1/2023,2023,11,B241,17,897,975.98,1062.86
11/1/2023,2023,11,B242,7,343,132.07,110.35
11/1/2023,2023,11,B255,8,55,100.44,95.29
11/1/2023,2023,11,B259,7,311,13158,14746
11/1/2023,2023,11,B260,9,554,553,525
11/1/2023,2023,11,B261,3,4,4,3
11/1/2023,2023,11,B262,4,208,206.96,236.81
11/1/2023,2023,11,B263,9,502,238.81,277.42
11/1/2023,2023,11,B264,8,497,239.39,271.52
11/1/2023,2023,11,B265,16,503,350.7,402.73
11/1/2023,2023,11,B266,7,58,819,905
11/1/2023,2023,11,B270,8,827,295,251
11/1/2023,2023,11,B284,1,4,4,5
11/1/2023,2023,11,B299,1,91,82,92
11/1/2023,2023,11,B300,1,11,106,92
11/1/2023,2023,11,B301,1,53,105,111
11/1/2023,2023,11,B303,2,2,5,6
11/1/2023,2023,11,B304,1,29,29,34
11/1/2023,2023,11,B305,3,21,30,35
11/1/2023,2023,11,B309,3,4,4,5
11/1/2023,2023,11,B312,3,20,95,89
11/1/2023,2023,11,B313,1,7,57,64
11/1/2023,2023,11,B314,2,55,59,63
11/1/2023,2023,11,B315,1,15,0.75,0.85
11/1/2023,2023,11,B317,1,1,0.06,0.06
11/1/2023,2023,11,B319,17,1281,426.46,458.43
11/1/2023,2023,11,B320,10,560,267.74,290.14
11/1/2023,2023,11,B321,10,560,7635,8051
11/1/2023,2023,11,B322,10,555,19131,21349
11/1/2023,2023,11,B323,1,91,89,75
11/1/2023,2023,11,B324,1,45,190,211
11/1/2023,2023,11,B325,1,53,50,57
11/1/2023,2023,11,B326,1,1,2,1
11/1/2023,2023,11,B328,1,1,4,5
11/1/2023,2023,11,B331,1,5,19,21
11/1/2023,2023,11,B333,1,7,34,39
11/1/2023,2023,11,B338,1,8,28,26
11/1/2023,2023,11,B339,1,8,34,38
11/1/2023,2023,11,B352,3,132,138.26,148.74
11/1/2023,2023,11,B355,1,1,0.39,0.43
11/1/2023,2023,11,B356,1,3,1,1
11/1/2023,2023,11,B372,8,494,1448.21,1694.92
11/1/2023,2023,11,B375,3,26,61.5,70.04
11/1/2023,2023,11,B376,1,280,635.14,694.24
11/1/2023,2023,11,B377,17,1378,241.31,284.52
11/1/2023,2023,11,B380,1,211,129.82,119.25
11/1/2023,2023,11,B381,15,1254,464,383.74
11/1/2023,2023,11,B382,2,5,1.74,1.54
11/1/2023,2023,11,B383,1,46,36,42
11/1/2023,2023,11,B387,1,61,61,56
11/1/2023,2023,11,B490,1,1,2.04,2.28
11/1/2023,2023,11,B492,1,15,0.6,0.67
11/1/2023,2023,11,B494,1,91,92,100
11/1/2023,2023,11,B497,1,15,1.42,1.35
11/1/2023,2023,11,B507,1,1,0.4,0.44
11/1/2023,2023,11,B508,1,10,9.7,11.11
11/1/2023,2023,11,B5120,1,2,9,10
12/1/2023,2023,12,B002,1,156,148,157
12/1/2023,2023,12,B010,11,674,39.59,44.36
12/1/2023,2023,12,B011,2,7,1.1,0.91
12/1/2023,2023,12,B012,7,1031,224.32,192.15
12/1/2023,2023,12,B013,4,1001,131.32,151.09
12/1/2023,2023,12,B014,2,7,1.1,1.03
12/1/2023,2023,12,B015,3,27,8.21,7.05
12/1/2023,2023,12,B016,9,1034,92.79,103.16
12/1/2023,2023,12,B017,1,138,16.79,14.18
12/1/2023,2023,12,B018,3,142,215.9,249.66
12/1/2023,2023,12,B019,3,18,18,20
12/1/2023,2023,12,B020,3,18,18,21
12/1/2023,2023,12,B022,4,37,458,484
12/1/2023,2023,12,B023,20,1552,2598.95,2995.32
12/1/2023,2023,12,B025,1,1,1,1
12/1/2023,2023,12,B029,1,156,147,169
12/1/2023,2023,12,B032,1,166,32.88,38.08
12/1/2023,2023,12,B042,2,304,106.06,94.41
12/1/2023,2023,12,B043,2,101,15.12,16.89
12/1/2023,2023,12,B049,2,507,127.67,148.91
12/1/2023,2023,12,B052,12,692,49.92,57.57
12/1/2023,2023,12,B053,2,10,2.77,3.07
12/1/2023,2023,12,B055,1,8,0.79,0.89
12/1/2023,2023,12,B057,8,65,9.57,11.05
12/1/2023,2023,12,B062,4,211,43.58,47.24
12/1/2023,2023,12,B063,1,12,2.48,2.9
12/1/2023,2023,12,B065,2,332,64.28,69.98
12/1/2023,2023,12,B066,1,6,0.31,0.26
12/1/2023,2023,12,B069,13,677,676,772
12/1/2023,2023,12,B070,9,17,35,40
12/1/2023,2023,12,B071,20,1596,383.08,335.25
12/1/2023,2023,12,B072,1,1,2,3
12/1/2023,2023,12,B075,1,1,9.71,10.31
12/1/2023,2023,12,B076,3,18,71,82
12/1/2023,2023,12,B077,13,678,865,997
12/1/2023,2023,12,B078,3,5,3.25,3.7
12/1/2023,2023,12,B079,7,464,42057,48754
12/1/2023,2023,12,B081,7,403,705.21,764.34
12/1/2023,2023,12,B082,5,212,1884.39,1669.08
12/1/2023,2023,12,B086,1,2,40.73,46.4
12/1/2023,2023,12,B088,2,38,1212.98,1430.38
12/1/2023,2023,12,B089,1,392,8628.5,9749.22
12/1/2023,2023,12,B096,4,32,759.64,808.43
12/1/2023,2023,12,B102,10,641,4951.31,5367.25
12/1/2023,2023,12,B103,1,38,170.3,192.96
12/1/2023,2023,12,B104,1,2,17.68,19.36
12/1/2023,2023,12,B106,5,41,372.46,418.47
12/1/2023,2023,12,B108,11,660,1286,1502
12/1/2023,2023,12,B111,6,253,753,800
12/1/2023,2023,12,B114,3,6,6,7
12/1/2023,2023,12,B115,2,10,24,27
12/1/2023,2023,12,B117,2,332,64.16,72.94
12/1/2023,2023,12,B118,14,679,9215,10000
12/1/2023,2023,12,B119,9,192,194,210
12/1/2023,2023,12,B120,3,149,314,365
12/1/2023,2023,12,B123,11,660,669,755
12/1/2023,2023,12,B131,1,38,36,39
12/1/2023,2023,12,B132,12,685,1499.01,1257.5
12/1/2023,2023,12,B138,3,32,19.88,21.83
12/1/2023,2023,12,B143,2,9,20.28,21.79
12/1/2023,2023,12,B144,1,70,48.45,56.68
12/1/2023,2023,12,B145,1,16,15.6,18.02
12/1/2023,2023,12,B146,1,2,0.74,0.86
12/1/2023,2023,12,B147,1,505,1599.12,1719.55
12/1/2023,2023,12,B149,1,1,4.62,5.29
12/1/2023,2023,12,B158,3,55,118.31,124.95
12/1/2023,2023,12,B160,1,13,10.82,12.27
12/1/2023,2023,12,B161,9,77,202.16,222.22
12/1/2023,2023,12,B164,1,2,12.71,14.89
12/1/2023,2023,12,B165,2,12,11.24,12.51
12/1/2023,2023,12,B166,1,138,875,1020
12/1/2023,2023,12,B168,1,3,3,2
12/1/2023,2023,12,B169,1,136,139,115
12/1/2023,2023,12,B170,1,2,5.93,6.46
12/1/2023,2023,12,B175,13,289,277.88,311.87
12/1/2023,2023,12,B186,2,2,2,3
12/1/2023,2023,12,B188,1,5,5,6
12/1/2023,2023,12,B189,1,143,137,158
12/1/2023,2023,12,B192,20,1869,327.68,384.66
12/1/2023,2023,12,B193,1,2,164,181
12/1/2023,2023,12,B205,20,1871,11453.32,12576.36
12/1/2023,2023,12,B207,1,156,154,178
12/1/2023,2023,12,B209,1,2,2,3
12/1/2023,2023,12,B212,1,1,1,1
12/1/2023,2023,12,B215,5,63,62,69
12/1/2023,2023,12,B225,1,2,2,3
12/1/2023,2023,12,B227,1,1,6,7
12/1/2023,2023,12,B228,3,276,506,429
12/1/2023,2023,12,B229,2,275,1584.64,1492.4
12/1/2023,2023,12,B237,20,1351,243.23,284.68
12/1/2023,2023,12,B238,1,6,0.58,0.53
12/1/2023,2023,12,B239,19,1645,1326.05,1114.47
12/1/2023,2023,12,B241,20,1236,1507.86,1697.92
12/1/2023,2023,12,B242,7,526,206.39,229.27
12/1/2023,2023,12,B255,12,215,102.92,118.19
12/1/2023,2023,12,B259,7,464,21659,20225
12/1/2023,2023,12,B260,11,660,661,562
12/1/2023,2023,12,B261,9,17,17,19
12/1/2023,2023,12,B262,4,277,271.62,286.73
12/1/2023,2023,12,B263,13,605,285.58,326.05
12/1/2023,2023,12,B264,10,587,277.7,313.03
12/1/2023,2023,12,B265,19,677,503.19,455.23
12/1/2023,2023,12,B266,7,37,535,562
12/1/2023,2023,12,B268,5,627,312,350
12/1/2023,2023,12,B269,9,577,423,465
12/1/2023,2023,12,B271,1,1,4.24,4.93
12/1/2023,2023,12,B284,1,3,3,2
12/1/2023,2023,12,B293,1,1,1,2
12/1/2023,2023,12,B301,1,136,454,378
12/1/2023,2023,12,B303,2,2,5,6
12/1/2023,2023,12,B304,1,26,26,28
12/1/2023,2023,12,B305,3,18,23,26
12/1/2023,2023,12,B308,1,30,248,280
12/1/2023,2023,12,B309,9,17,17,18
12/1/2023,2023,12,B312,3,32,139,155
12/1/2023,2023,12,B314,2,138,226,250
12/1/2023,2023,12,B315,1,6,0.3,0.34
12/1/2023,2023,12,B319,20,1768,561.65,470.35
12/1/2023,2023,12,B320,14,679,316.25,361.75
12/1/2023,2023,12,B321,14,679,9102,9830
12/1/2023,2023,12,B322,12,661,21471,25158
12/1/2023,2023,12,B323,1,156,161,185
12/1/2023,2023,12,B324,1,73,307,360
12/1/2023,2023,12,B325,1,136,230,268
12/1/2023,2023,12,B332,1,6,21,23
12/1/2023,2023,12,B339,1,6,25,27
12/1/2023,2023,12,B352,2,148,148.93,169.04
12/1/2023,2023,12,B354,1,1,0.38,0.44
12/1/2023,2023,12,B356,1,2,1,1
12/1/2023,2023,12,B372,11,579,1589.2,1409.22
12/1/2023,2023,12,B375,4,44,123.58,109.61
12/1/2023,2023,12,B376,1,415,957.79,1063.03
12/1/2023,2023,12,B377,20,1871,408.18,373.82
12/1/2023,2023,12,B380,1,331,205.86,219.51
12/1/2023,2023,12,B381,18,1745,822.39,893.04
12/1/2023,2023,12,B382,2,7,2.58,3.04
12/1/2023,2023,12,B384,1,117,106,89
12/1/2023,2023,12,B387,1,89,87,94
12/1/2023,2023,12,B490,1,2,4.28,4.69
12/1/2023,2023,12,B492,1,6,0.24,0.2
12/1/2023,2023,12,B494,1,156,166,192
12/1/2023,2023,12,B497,1,6,0.59,0.65
12/1/2023,2023,12,B507,1,1,0.42,0.35
12/1/2023,2023,12,B508,1,8,6.99,6.38
12/1/2023,2023,12,B509,1,8,11.58,9.93
1/1/2024,2024,1,B009,1,1,88,103
1/1/2024,2024,1,B010,7,338,19.37,17.23
1/1/2024,2024,1,B011,2,6,0.95,1.07
1/1/2024,2024,1,B012,4,526,117.51,109.36
1/1/2024,2024,1,B013,3,521,65.49,73.59
1/1/2024,2024,1,B014,2,6,0.91,0.78
1/1/2024,2024,1,B015,1,2,3.18,3.52
1/1/2024,2024,1,B016,6,529,46.27,54.4
1/1/2024,2024,1,B017,1,71,8.46,9.64
1/1/2024,2024,1,B019,2,6,6,5
1/1/2024,2024,1,B020,2,3,3,4
1/1/2024,2024,1,B023,13,862,1533.11,1396.6
1/1/2024,2024,1,B032,1,52,7.99,8.83
1/1/2024,2024,1,B040,2,175,58.41,62.67
1/1/2024,2024,1,B043,1,84,8.73,9.27
1/1/2024,2024,1,B049,1,324,94.29,110.74
1/1/2024,2024,1,B051,2,6,2.21,2.39
1/1/2024,2024,1,B052,8,352,29.25,31.24
1/1/2024,2024,1,B057,5,18,2.23,2.58
1/1/2024,2024,1,B062,2,37,5.42,5.03
1/1/2024,2024,1,B063,1,10,1.82,2.15
1/1/2024,2024,1,B064,1,8,1.49,1.64
1/1/2024,2024,1,B065,2,156,31.62,35.16
1/1/2024,2024,1,B069,8,340,335,376
1/1/2024,2024,1,B071,13,774,207.64,173.12
1/1/2024,2024,1,B072,1,1,2,3
1/1/2024,2024,1,B075,1,1,8.79,10.23
1/1/2024,2024,1,B076,2,6,25,28
1/1/2024,2024,1,B077,8,341,432,360
1/1/2024,2024,1,B078,1,1,0.1,0.11
1/1/2024,2024,1,B079,5,272,27745,29839
1/1/2024,2024,1,B081,5,154,388.19,412.68
1/1/2024,2024,1,B082,3,26,637.82,596.54
1/1/2024,2024,1,B086,1,2,42.04,46.95
1/1/2024,2024,1,B088,2,13,586.29,688.14
1/1/2024,2024,1,B089,1,228,5601.32,5973.58
1/1/2024,2024,1,B090,1,25,96.23,101.85
1/1/2024,2024,1,B096,3,32,459.16,422.42
1/1/2024,2024,1,B102,7,331,2466.42,2851.76
1/1/2024,2024,1,B106,2,11,93.54,108.86
1/1/2024,2024,1,B108,7,329,612,643
1/1/2024,2024,1,B114,1,1,1,2
1/1/2024,2024,1,B115,2,7,16,18
1/1/2024,2024,1,B116,4,194,600,631
1/1/2024,2024,1,B117,2,156,33.05,29.54
1/1/2024,2024,1,B118,9,342,4499,4247
1/1/2024,2024,1,B119,6,86,89,99
1/1/2024,2024,1,B122,1,3,3,2
1/1/2024,2024,1,B123,7,329,323,300
1/1/2024,2024,1,B127,5,11,21,24
1/1/2024,2024,1,B129,1,1,2,3
1/1/2024,2024,1,B131,1,25,26,23
1/1/2024,2024,1,B132,8,349,775.79,656.03
1/1/2024,2024,1,B138,2,9,8.7,7.42
1/1/2024,2024,1,B140,1,70,48.81,55.82
1/1/2024,2024,1,B141,1,324,1195.01,1290.29
1/1/2024,2024,1,B145,2,12,15.91,18.46
1/1/2024,2024,1,B158,2,21,48.58,52.64
1/1/2024,2024,1,B161,6,45,109.72,115.6
1/1/2024,2024,1,B164,1,2,12.68,14.92
1/1/2024,2024,1,B165,1,6,7.96,8.69
1/1/2024,2024,1,B168,1,3,3,2
1/1/2024,2024,1,B169,1,118,119,126
1/1/2024,2024,1,B171,2,127,235,196
1/1/2024,2024,1,B175,8,145,136.42,155.73
1/1/2024,2024,1,B186,1,1,1,1
1/1/2024,2024,1,B192,13,870,144.8,154.59
1/1/2024,2024,1,B205,13,870,5669.16,6023.64
1/1/2024,2024,1,B206,4,31,27.11,28.84
1/1/2024,2024,1,B226,1,63,100,108
1/1/2024,2024,1,B227,1,1,6,5
1/1/2024,2024,1,B229,1,189,976.04,803.21
1/1/2024,2024,1,B237,13,651,128.62,142.53
1/1/2024,2024,1,B239,12,837,885.02,999.68
1/1/2024,2024,1,B241,13,692,940.4,794.93
1/1/2024,2024,1,B242,5,292,128.8,151.45
1/1/2024,2024,1,B255,5,56,33.28,31.07
1/1/2024,2024,1,B257,3,34,11.05,11.65
1/1/2024,2024,1,B258,1,22,6.19,6.93
1/1/2024,2024,1,B259,5,272,14793,16339
1/1/2024,2024,1,B260,7,329,331,366
1/1/2024,2024,1,B261,5,11,11,10
1/1/2024,2024,1,B262,3,116,189.07,202.03
1/1/2024,2024,1,B263,8,310,143.14,156.18
1/1/2024,2024,1,B264,6,298,135.79,144.04
1/1/2024,2024,1,B265,12,355,298.95,250.66
1/1/2024,2024,1,B266,5,32,436,476
1/1/2024,2024,1,B269,6,532,410,478
1/1/2024,2024,1,B284,1,3,3,4
1/1/2024,2024,1,B300,1,8,110,125
1/1/2024,2024,1,B301,1,118,407,449
1/1/2024,2024,1,B303,1,1,3,4
1/1/2024,2024,1,B304,1,20,20,23
1/1/2024,2024,1,B305,2,20,23,27
1/1/2024,2024,1,B309,5,7,7,8
1/1/2024,2024,1,B311,2,4,4,5
1/1/2024,2024,1,B312,2,9,43,40
1/1/2024,2024,1,B314,1,118,191,159
1/1/2024,2024,1,B319,13,814,278.61,296.95
1/1/2024,2024,1,B320,9,342,166.96,187.06
1/1/2024,2024,1,B321,9,342,4590,4926
1/1/2024,2024,1,B322,8,330,10497,11418
1/1/2024,2024,1,B324,1,39,146,160
1/1/2024,2024,1,B325,1,118,197,212
1/1/2024,2024,1,B354,1,1,0.4,0.45
1/1/2024,2024,1,B356,1,2,1,2
1/1/2024,2024,1,B360,1,71,583,614
1/1/2024,2024,1,B372,8,305,834.15,933.23
1/1/2024,2024,1,B374,2,75,118.51,129.83
1/1/2024,2024,1,B375,2,26,54.53,57.43
1/1/2024,2024,1,B376,1,242,592.63,686.92
1/1/2024,2024,1,B377,13,870,192.53,177.03
1/1/2024,2024,1,B380,1,152,100.29,108.75
1/1/2024,2024,1,B381,11,768,432.17,473.25
1/1/2024,2024,1,B384,1,96,96,111
1/1/2024,2024,1,B387,1,48,49,56
1/1/2024,2024,1,B507,1,1,0.37,0.31
2/1/2024,2024,2,B010,6,242,16.12,17.24
2/1/2024,2024,2,B011,2,8,1.32,1.5
2/1/2024,2024,2,B012,6,596,123.12,111.42
2/1/2024,2024,2,B013,4,573,74.36,67.74
2/1/2024,2024,2,B014,2,8,1.17,1.31
2/1/2024,2024,2,B015,2,22,7.99,8.86
2/1/2024,2024,2,B016,8,602,53.31,60.43
2/1/2024,2024,2,B017,1,87,10.54,10
2/1/2024,2024,2,B018,3,90,147.61,157.32
2/1/2024,2024,2,B019,1,10,9,8
2/1/2024,2024,2,B020,1,10,11,10
2/1/2024,2024,2,B023,14,835,1253.9,1426.75
2/1/2024,2024,2,B024,1,1,1,1
2/1/2024,2024,2,B032,1,105,20.62,23.99
2/1/2024,2024,2,B040,2,193,63.55,70.78
2/1/2024,2024,2,B043,2,23,5.15,4.59
2/1/2024,2024,2,B046,1,1,0.07,0.08
2/1/2024,2024,2,B052,8,266,28.25,26.22
2/1/2024,2024,2,B053,2,5,2.6,3.07
2/1/2024,2024,2,B055,1,4,0.75,0.83
2/1/2024,2024,2,B057,6,33,6.34,7.34
2/1/2024,2024,2,B061,1,4,1.4,1.17
2/1/2024,2024,2,B062,3,50,6.9,8.01
2/1/2024,2024,2,B063,1,13,2.49,2.26
2/1/2024,2024,2,B065,2,211,42.03,48.94
2/1/2024,2024,2,B066,1,9,0.44,0.49
2/1/2024,2024,2,B068,2,315,64.69,72.91
2/1/2024,2024,2,B069,7,243,248,267
2/1/2024,2024,2,B071,14,755,212.14,225.52
2/1/2024,2024,2,B072,1,1,2,1
2/1/2024,2024,2,B075,1,1,9.08,7.65
2/1/2024,2024,2,B076,1,10,39,44
2/1/2024,2024,2,B077,7,244,363,392
2/1/2024,2024,2,B078,3,4,3.09,3.63
2/1/2024,2024,2,B079,7,254,20585,21953
2/1/2024,2024,2,B080,1,92,94,89
2/1/2024,2024,2,B081,7,195,403.08,472.04
2/1/2024,2024,2,B082,5,45,838.27,916.45
2/1/2024,2024,2,B083,1,1,10.49,11.74
2/1/2024,2024,2,B084,2,16,285.87,322.44
2/1/2024,2024,2,B088,2,23,878.12,932.25
2/1/2024,2024,2,B089,1,201,3456.42,3725.03
2/1/2024,2024,2,B093,1,1,28.68,33.15
2/1/2024,2024,2,B096,4,21,412.17,479.66
2/1/2024,2024,2,B102,6,235,2092.79,1769.22
2/1/2024,2024,2,B103,1,62,242.58,278.67
2/1/2024,2024,2,B104,1,1,8.85,9.7
2/1/2024,2024,2,B106,3,12,108.33,113.87
2/1/2024,2024,2,B108,6,238,529,499
2/1/2024,2024,2,B114,3,3,6,7
2/1/2024,2024,2,B115,2,8,18,19
2/1/2024,2024,2,B116,6,127,296,246
2/1/2024,2024,2,B117,2,211,39.98,45.56
2/1/2024,2024,2,B118,8,245,3431,2983
2/1/2024,2024,2,B119,5,124,121,137
2/1/2024,2024,2,B120,2,7,43,47
2/1/2024,2024,2,B123,6,238,235,258
2/1/2024,2024,2,B127,4,5,10,11
2/1/2024,2024,2,B131,1,62,65,70
2/1/2024,2024,2,B132,8,263,640.94,734.34
2/1/2024,2024,2,B136,1,1,4.65,4.18
2/1/2024,2024,2,B138,3,20,15.17,13.86
2/1/2024,2024,2,B139,1,8,8.12,6.86
2/1/2024,2024,2,B143,2,3,5.84,5.43
2/1/2024,2024,2,B146,1,2,2.48,2.1
2/1/2024,2024,2,B147,1,313,747.99,853.18
2/1/2024,2024,2,B150,1,1,1.07,1.15
2/1/2024,2024,2,B151,1,1,3.93,4.14
2/1/2024,2024,2,B152,1,14,9.51,10.21
2/1/2024,2024,2,B153,1,1,1.85,1.73
2/1/2024,2024,2,B154,1,5,9.96,11.72
2/1/2024,2024,2,B156,1,1,0.99,0.82
2/1/2024,2024,2,B158,4,33,84.42,74.71
2/1/2024,2024,2,B161,7,54,134.32,156.46
2/1/2024,2024,2,B164,1,1,8.62,9.82
2/1/2024,2024,2,B165,2,6,7.57,8.64
2/1/2024,2024,2,B166,1,87,625,712
2/1/2024,2024,2,B168,1,4,4,3
2/1/2024,2024,2,B169,1,37,37,39
2/1/2024,2024,2,B170,1,2,5.66,6.11
2/1/2024,2024,2,B171,2,125,224,239
2/1/2024,2024,2,B175,7,157,153.96,171.75
2/1/2024,2024,2,B185,1,1,1,2
2/1/2024,2024,2,B188,1,5,5,6
2/1/2024,2024,2,B189,1,1,2,3
2/1/2024,2024,2,B192,14,847,146.47,133.64
2/1/2024,2024,2,B193,1,1,30,32
2/1/2024,2024,2,B195,1,3,4,5
2/1/2024,2024,2,B205,14,849,5330.17,4854.24
2/1/2024,2024,2,B209,1,2,2,1
2/1/2024,2024,2,B215,2,18,19,22
2/1/2024,2024,2,B225,1,2,2,3
2/1/2024,2024,2,B227,1,1,6,7
2/1/2024,2024,2,B229,1,124,838.53,947.17
2/1/2024,2024,2,B237,14,586,112,127.72
2/1/2024,2024,2,B238,1,9,0.96,1.1
2/1/2024,2024,2,B239,13,829,767.35,808.85
2/1/2024,2024,2,B241,14,572,658.86,707.07
2/1/2024,2024,2,B242,7,302,112.97,95.93
2/1/2024,2024,2,B255,7,115,73.34,61.49
2/1/2024,2024,2,B259,7,254,10822,12617
2/1/2024,2024,2,B260,6,238,243,256
2/1/2024,2024,2,B261,4,5,5,6
2/1/2024,2024,2,B262,4,129,263.84,302.68
2/1/2024,2024,2,B263,7,222,110.64,118.89
2/1/2024,2024,2,B264,5,216,116.48,99.69
2/1/2024,2024,2,B265,13,363,250.36,264.53
2/1/2024,2024,2,B266,4,23,322,302
2/1/2024,2024,2,B270,8,612,261,221
2/1/2024,2024,2,B284,1,4,4,3
2/1/2024,2024,2,B286,1,1,1,1
2/1/2024,2024,2,B300,1,17,172,186
2/1/2024,2024,2,B301,1,37,88,93
2/1/2024,2024,2,B302,1,6,24,22
2/1/2024,2024,2,B303,1,1,3,4
2/1/2024,2024,2,B304,1,27,27,23
2/1/2024,2024,2,B305,3,15,20,23
2/1/2024,2024,2,B309,4,4,3,4
2/1/2024,2024,2,B311,2,2,2,3
2/1/2024,2024,2,B312,2,12,54,59
2/1/2024,2024,2,B314,2,39,46,50
2/1/2024,2024,2,B315,1,9,0.44,0.47
2/1/2024,2024,2,B319,14,744,247.45,265.26
2/1/2024,2024,2,B320,8,245,114.53,130.19
2/1/2024,2024,2,B321,8,245,3308,3131
2/1/2024,2024,2,B322,7,239,9224,10452
2/1/2024,2024,2,B324,1,50,212,240
2/1/2024,2024,2,B325,1,37,46,39
2/1/2024,2024,2,B326,1,1,2,3
2/1/2024,2024,2,B342,1,4,14,13
2/1/2024,2024,2,B343,1,5,22,24
2/1/2024,2024,2,B345,1,9,31,35
2/1/2024,2024,2,B352,2,6,7.34,8.38
2/1/2024,2024,2,B355,1,1,0.34,0.38
2/1/2024,2024,2,B372,7,216,699.44,812.69
2/1/2024,2024,2,B375,2,22,53.82,57.56
2/1/2024,2024,2,B376,1,251,565.78,635.86
2/1/2024,2024,2,B377,14,849,184.68,210.66
2/1/2024,2024,2,B380,1,210,134.16,149.19
2/1/2024,2024,2,B381,12,747,445.84,381.55
2/1/2024,2024,2,B382,2,4,1.72,1.94
2/1/2024,2024,2,B387,1,58,58,61
2/1/2024,2024,2,B490,1,1,1.88,2.11
2/1/2024,2024,2,B492,1,9,0.38,0.35
2/1/2024,2024,2,B497,1,9,0.9,0.76
2/1/2024,2024,2,B507,1,1,0.43,0.48
2/1/2024,2024,2,B508,1,6,5.04,4.45
3/1/2024,2024,3,B010,7,236,13.9,11.96
3/1/2024,2024,3,B011,1,2,0.35,0.32
3/1/2024,2024,3,B012,6,702,145.95,161.26
3/1/2024,2024,3,B013,4,678,85.81,97.64
3/1/2024,2024,3,B014,1,2,0.3,0.28
3/1/2024,2024,3,B015,2,23,8.54,10
3/1/2024,2024,3,B016,7,702,59.81,54.38
3/1/2024,2024,3,B017,1,75,9.44,7.99
3/1/2024,2024,3,B018,3,79,135.35,158.82
3/1/2024,2024,3,B022,5,42,479,557
3/1/2024,2024,3,B023,14,831,1263.83,1342.32
3/1/2024,2024,3,B026,1,1,1,2
3/1/2024,2024,3,B030,1,46,30.67,34.16
3/1/2024,2024,3,B032,1,57,8.29,8.85
3/1/2024,2024,3,B040,2,125,39.11,44.35
3/1/2024,2024,3,B043,2,26,4.64,5.47
3/1/2024,2024,3,B044,1,29,5.41,5.94
3/1/2024,2024,3,B045,1,102,33.24,36.96
3/1/2024,2024,3,B048,1,1,0.15,0.17
3/1/2024,2024,3,B049,2,279,69.22,77.71
3/1/2024,2024,3,B052,8,258,26.78,31.1
3/1/2024,2024,3,B053,2,3,2.26,2.05
3/1/2024,2024,3,B055,1,1,0.2,0.23
3/1/2024,2024,3,B057,6,38,5.18,4.32
3/1/2024,2024,3,B059,1,2,0.71,0.76
3/1/2024,2024,3,B062,4,168,34.67,32.43
3/1/2024,2024,3,B063,1,13,2.75,2.98
3/1/2024,2024,3,B065,2,209,41.71,48.26
3/1/2024,2024,3,B066,1,7,0.34,0.38
3/1/2024,2024,3,B069,8,238,232,247
3/1/2024,2024,3,B071,14,824,229.46,268.72
3/1/2024,2024,3,B076,2,7,26,24
3/1/2024,2024,3,B077,8,238,315,335
3/1/2024,2024,3,B078,2,2,1.27,1.35
3/1/2024,2024,3,B079,6,303,28001,30177
3/1/2024,2024,3,B080,1,54,52,55
3/1/2024,2024,3,B081,6,324,570.37,646.66
3/1/2024,2024,3,B082,4,150,1495.58,1729.24
3/1/2024,2024,3,B086,1,2,40.42,47.04
3/1/2024,2024,3,B088,3,35,1198.67,1259.59
3/1/2024,2024,3,B089,1,233,4864.25,5647.85
3/1/2024,2024,3,B094,1,1,27.37,30.01
3/1/2024,2024,3,B096,3,34,635.56,668.03
3/1/2024,2024,3,B102,6,216,1677.35,1426.92
3/1/2024,2024,3,B104,1,1,8.79,10.33
3/1/2024,2024,3,B106,4,24,207.58,172.2
3/1/2024,2024,3,B108,7,234,480,417
3/1/2024,2024,3,B114,3,7,10,9
3/1/2024,2024,3,B115,2,7,14,15
3/1/2024,2024,3,B116,6,174,433,370
3/1/2024,2024,3,B117,2,209,39.79,43.03
3/1/2024,2024,3,B118,9,239,3217,2744
3/1/2024,2024,3,B119,5,76,76,63
3/1/2024,2024,3,B120,3,105,232,265
3/1/2024,2024,3,B122,2,14,14,16
3/1/2024,2024,3,B123,7,234,239,202
3/1/2024,2024,3,B125,2,14,13,15
3/1/2024,2024,3,B127,3,4,8,7
3/1/2024,2024,3,B132,8,254,577.58,671.29
3/1/2024,2024,3,B136,1,1,4.7,3.98
3/1/2024,2024,3,B138,2,28,18.02,19.52
3/1/2024,2024,3,B143,1,1,1.03,0.96
3/1/2024,2024,3,B144,1,32,24.03,28.27
3/1/2024,2024,3,B145,2,10,11.3,12.34
3/1/2024,2024,3,B146,1,2,2.39,1.97
3/1/2024,2024,3,B147,1,277,812.96,728.67
3/1/2024,2024,3,B148,1,1,1.01,0.89
3/1/2024,2024,3,B151,1,1,3.92,4.57
3/1/2024,2024,3,B153,1,1,1.94,1.66
3/1/2024,2024,3,B154,1,15,12.95,14.75
3/1/2024,2024,3,B156,1,1,1.08,1.23
3/1/2024,2024,3,B158,4,44,104.06,94.07
3/1/2024,2024,3,B160,1,7,8.85,9.55
3/1/2024,2024,3,B161,7,63,144.22,153.63
3/1/2024,2024,3,B164,1,2,12.02,13.79
3/1/2024,2024,3,B165,1,8,10.28,11.47
3/1/2024,2024,3,B166,1,75,525,498
3/1/2024,2024,3,B169,1,74,72,79
3/1/2024,2024,3,B171,3,151,254,278
3/1/2024,2024,3,B175,8,106,105.98,121.17
3/1/2024,2024,3,B183,1,1,82,87
3/1/2024,2024,3,B185,1,1,1,2
3/1/2024,2024,3,B188,1,8,8,9
3/1/2024,2024,3,B189,1,96,96,109
3/1/2024,2024,3,B192,14,941,164.52,153.26
3/1/2024,2024,3,B196,1,7,27,29
3/1/2024,2024,3,B205,14,943,5572.43,6354.39
3/1/2024,2024,3,B215,3,33,32,34
3/1/2024,2024,3,B227,1,1,6,7
3/1/2024,2024,3,B229,2,150,800.54,843.84
3/1/2024,2024,3,B237,14,662,127.72,134.67
3/1/2024,2024,3,B238,1,7,0.67,0.75
3/1/2024,2024,3,B239,13,910,707.58,781.54
3/1/2024,2024,3,B241,14,606,751.32,712.82
3/1/2024,2024,3,B242,6,340,130.47,139.41
3/1/2024,2024,3,B244,1,1,2.04,1.92
3/1/2024,2024,3,B255,8,113,71.49,75.54
3/1/2024,2024,3,B259,6,303,14404,12810
3/1/2024,2024,3,B260,7,234,236,200
3/1/2024,2024,3,B261,3,4,4,5
3/1/2024,2024,3,B262,4,158,117.52,98.69
3/1/2024,2024,3,B263,8,197,93.81,108.61
3/1/2024,2024,3,B264,6,192,92.67,103.32
3/1/2024,2024,3,B265,13,344,273.43,251.98
3/1/2024,2024,3,B269,7,718,474,555
3/1/2024,2024,3,B300,1,27,252,282
3/1/2024,2024,3,B301,1,74,227,244
3/1/2024,2024,3,B302,3,29,116,126
3/1/2024,2024,3,B303,2,2,5,4
3/1/2024,2024,3,B304,1,16,16,18
3/1/2024,2024,3,B305,3,17,21,23
3/1/2024,2024,3,B309,3,4,4,5
3/1/2024,2024,3,B314,1,74,112,127
3/1/2024,2024,3,B315,1,7,0.36,0.42
3/1/2024,2024,3,B319,14,898,305.11,261.06
3/1/2024,2024,3,B320,9,239,108.69,117.07
3/1/2024,2024,3,B321,9,239,3199,3595
3/1/2024,2024,3,B322,8,235,7548,8376
3/1/2024,2024,3,B324,1,54,215,190
3/1/2024,2024,3,B325,1,74,114,101
3/1/2024,2024,3,B327,1,1,9,8
3/1/2024,2024,3,B330,1,1,7,8
3/1/2024,2024,3,B331,1,2,7,6
3/1/2024,2024,3,B333,1,7,33,36
3/1/2024,2024,3,B352,2,58,61.52,68.83
3/1/2024,2024,3,B356,1,2,1,2
3/1/2024,2024,3,B372,7,181,521.95,588.16
3/1/2024,2024,3,B375,3,32,84.59,69.98
3/1/2024,2024,3,B376,1,220,467.75,509.16
3/1/2024,2024,3,B377,14,943,210.43,222.61
3/1/2024,2024,3,B380,1,207,123.88,130.49
3/1/2024,2024,3,B381,13,822,473.84,552.88
3/1/2024,2024,3,B387,1,63,59,66
3/1/2024,2024,3,B407,1,63,60,63
3/1/2024,2024,3,B492,1,7,0.3,0.33
3/1/2024,2024,3,B497,1,7,0.66,0.74
3/1/2024,2024,3,B507,1,1,0.43,0.47
3/1/2024,2024,3,B508,1,12,10.74,12.38
3/1/2024,2024,3,B5120,1,4,14,13
4/1/2024,2024,4,B002,1,102,98,108
4/1/2024,2024,4,B009,1,1,86,73
4/1/2024,2024,4,B010,10,401,25.2,27.04
4/1/2024,2024,4,B011,2,6,0.97,0.82
4/1/2024,2024,4,B012,6,778,175.14,203.74
4/1/2024,2024,4,B013,4,749,107.8,114.5
4/1/2024,2024,4,B014,2,6,0.94,1.1
4/1/2024,2024,4,B015,2,26,8.23,9.19
4/1/2024,2024,4,B016,8,781,72.59,82.16
4/1/2024,2024,4,B017,1,91,11.35,12.05
4/1/2024,2024,4,B018,3,94,142.01,118.13
4/1/2024,2024,4,B019,3,30,31,26
4/1/2024,2024,4,B023,18,1075,1757.96,1565.38
4/1/2024,2024,4,B029,1,102,103,114
4/1/2024,2024,4,B032,1,120,26.05,24.18
4/1/2024,2024,4,B033,2,320,62.91,74.21
4/1/2024,2024,4,B040,2,239,79.4,86.54
4/1/2024,2024,4,B043,2,72,11.39,10.35
4/1/2024,2024,4,B051,2,6,2.41,2.56
4/1/2024,2024,4,B052,9,412,36.09,33.75
4/1/2024,2024,4,B053,1,4,1.31,1.42
4/1/2024,2024,4,B055,1,4,0.5,0.58
4/1/2024,2024,4,B057,9,58,9.1,9.82
4/1/2024,2024,4,B062,4,154,32.32,35.33
4/1/2024,2024,4,B063,1,11,2.19,2.45
4/1/2024,2024,4,B065,2,268,54.33,58.36
4/1/2024,2024,4,B066,1,13,0.68,0.63
4/1/2024,2024,4,B069,11,403,400,431
4/1/2024,2024,4,B071,18,1079,275.92,312.83
4/1/2024,2024,4,B072,1,1,2,3
4/1/2024,2024,4,B075,1,1,9.55,11.24
4/1/2024,2024,4,B076,3,30,119,100
4/1/2024,2024,4,B077,11,404,569,664
4/1/2024,2024,4,B078,3,5,3.33,3.5
4/1/2024,2024,4,B079,7,323,30556,35478
4/1/2024,2024,4,B080,1,106,112,101
4/1/2024,2024,4,B081,7,366,615.87,693.99
4/1/2024,2024,4,B082,5,142,1454.87,1229.93
4/1/2024,2024,4,B086,1,2,41.78,43.91
4/1/2024,2024,4,B088,2,30,1155.14,1090.52
4/1/2024,2024,4,B089,1,270,5596.89,6203.63
4/1/2024,2024,4,B093,1,1,28.94,26.84
4/1/2024,2024,4,B096,4,39,823.77,683.37
4/1/2024,2024,4,B098,3,17,141.68,123.17
4/1/2024,2024,4,B102,6,373,3108.75,2628.85
4/1/2024,2024,4,B104,1,1,8.35,7.22
4/1/2024,2024,4,B106,6,17,139.09,159.26
4/1/2024,2024,4,B108,10,392,822,701
4/1/2024,2024,4,B114,3,6,11,10
4/1/2024,2024,4,B115,2,9,22,25
4/1/2024,2024,4,B116,6,180,502,451
4/1/2024,2024,4,B117,2,268,53.35,45.57
4/1/2024,2024,4,B118,11,404,5612,5126
4/1/2024,2024,4,B119,8,160,161,136
4/1/2024,2024,4,B120,3,104,230,210
4/1/2024,2024,4,B122,3,30,30,25
4/1/2024,2024,4,B123,10,392,394,366
4/1/2024,2024,4,B127,5,11,22,25
4/1/2024,2024,4,B132,9,406,952.56,1022.63
4/1/2024,2024,4,B133,1,1,0.99,0.92
4/1/2024,2024,4,B138,3,25,18.88,16.71
4/1/2024,2024,4,B140,1,39,28.17,30.87
4/1/2024,2024,4,B143,1,3,7.11,6.09
4/1/2024,2024,4,B145,2,11,11.86,13.54
4/1/2024,2024,4,B146,1,2,2.48,2.82
4/1/2024,2024,4,B147,1,318,971.86,1031.01
4/1/2024,2024,4,B148,1,1,1,0.9
4/1/2024,2024,4,B151,1,1,3.97,4.23
4/1/2024,2024,4,B152,1,13,9.25,10.88
4/1/2024,2024,4,B153,1,1,1.85,2
4/1/2024,2024,4,B154,1,11,11.42,13.1
4/1/2024,2024,4,B158,4,33,98.21,110.72
4/1/2024,2024,4,B161,10,79,207.29,226.59
4/1/2024,2024,4,B164,1,2,13.07,14.86
4/1/2024,2024,4,B165,2,9,10.09,11.54
4/1/2024,2024,4,B168,1,3,3,4
4/1/2024,2024,4,B169,1,96,97,111
4/1/2024,2024,4,B170,1,2,6.42,6.94
4/1/2024,2024,4,B171,3,87,154,162
4/1/2024,2024,4,B175,10,208,195.86,208.11
4/1/2024,2024,4,B181,1,3,2,3
4/1/2024,2024,4,B185,2,3,3,2
4/1/2024,2024,4,B188,1,3,3,4
4/1/2024,2024,4,B189,1,97,91,86
4/1/2024,2024,4,B192,18,1287,231.32,198.55
4/1/2024,2024,4,B205,18,1289,7980.61,8587.59
4/1/2024,2024,4,B207,1,102,95,105
4/1/2024,2024,4,B209,1,2,2,3
4/1/2024,2024,4,B216,3,24,19,18
4/1/2024,2024,4,B225,1,2,2,1
4/1/2024,2024,4,B227,1,1,6,7
4/1/2024,2024,4,B228,2,102,188,210
4/1/2024,2024,4,B229,2,188,1014.56,1120.6
4/1/2024,2024,4,B237,18,852,166.02,152.3
4/1/2024,2024,4,B238,1,13,1.32,1.53
4/1/2024,2024,4,B239,16,1161,874.06,1019.01
4/1/2024,2024,4,B241,18,798,1004.25,1170.56
4/1/2024,2024,4,B242,7,420,160.8,184.47
4/1/2024,2024,4,B255,9,148,80.23,73.93
4/1/2024,2024,4,B259,7,323,16431,19223
4/1/2024,2024,4,B260,10,392,391,445
4/1/2024,2024,4,B261,5,11,11,12
4/1/2024,2024,4,B262,4,165,123.32,143.98
4/1/2024,2024,4,B263,9,373,183.22,202.76
4/1/2024,2024,4,B264,8,362,175.74,144.21
4/1/2024,2024,4,B265,16,492,369.58,416.18
4/1/2024,2024,4,B266,6,31,436,406
4/1/2024,2024,4,B269,8,895,611,660
4/1/2024,2024,4,B284,1,3,3,2
4/1/2024,2024,4,B286,1,1,1,2
4/1/2024,2024,4,B300,1,23,226,257
4/1/2024,2024,4,B301,1,96,293,277
4/1/2024,2024,4,B302,3,25,106,120
4/1/2024,2024,4,B303,2,2,5,6
4/1/2024,2024,4,B304,1,20,21,24
4/1/2024,2024,4,B305,3,17,26,22
4/1/2024,2024,4,B309,5,11,11,10
4/1/2024,2024,4,B314,2,98,141,124
4/1/2024,2024,4,B315,1,13,0.66,0.59
4/1/2024,2024,4,B318,1,1,0.15,0.17
4/1/2024,2024,4,B319,18,1251,426.3,349.71
4/1/2024,2024,4,B320,11,404,195.25,227.88
4/1/2024,2024,4,B321,11,404,5492,4539
4/1/2024,2024,4,B322,10,392,14178,12856
4/1/2024,2024,4,B323,1,102,103,113
4/1/2024,2024,4,B324,1,96,399,449
4/1/2024,2024,4,B325,1,96,155,137
4/1/2024,2024,4,B326,1,1,2,3
4/1/2024,2024,4,B327,1,1,9,10
4/1/2024,2024,4,B331,1,2,10,11
4/1/2024,2024,4,B333,1,5,25,27
4/1/2024,2024,4,B339,1,8,29,31
4/1/2024,2024,4,B340,1,3,12,11
4/1/2024,2024,4,B343,1,8,32,34
4/1/2024,2024,4,B352,2,103,103.78,120.58
4/1/2024,2024,4,B354,1,1,0.41,0.47
4/1/2024,2024,4,B356,1,2,1,2
4/1/2024,2024,4,B360,1,91,592,658
4/1/2024,2024,4,B372,7,353,1064.59,1234.3
4/1/2024,2024,4,B375,4,36,96.17,100.99
4/1/2024,2024,4,B376,1,253,558.45,617.13
4/1/2024,2024,4,B377,18,1289,288.34,320.16
4/1/2024,2024,4,B380,1,266,166.83,175.46
4/1/2024,2024,4,B381,16,1175,600.73,677.28
4/1/2024,2024,4,B387,1,106,106,119
4/1/2024,2024,4,B491,1,1,2.45,2.75
4/1/2024,2024,4,B492,1,13,0.52,0.6
4/1/2024,2024,4,B494,1,102,97,107
4/1/2024,2024,4,B497,1,13,1.26,1.37
4/1/2024,2024,4,B507,1,1,0.4,0.43
4/1/2024,2024,4,B508,1,8,6.89,7.41
5/1/2024,2024,5,B002,1,121,113,131
5/1/2024,2024,5,B009,1,1,91,75
5/1/2024,2024,5,B010,7,250,15.17,16.9
5/1/2024,2024,5,B011,2,8,1.42,1.54
5/1/2024,2024,5,B012,6,457,112.36,120.01
5/1/2024,2024,5,B013,4,422,61.63,54.88
5/1/2024,2024,5,B014,2,8,1.24,1.32
5/1/2024,2024,5,B015,2,33,10.39,8.62
5/1/2024,2024,5,B016,8,462,51.49,57.62
5/1/2024,2024,5,B017,1,58,7.19,8.31
5/1/2024,2024,5,B018,3,64,126.15,141.01
5/1/2024,2024,5,B019,2,7,7,8
5/1/2024,2024,5,B022,2,15,169,157
5/1/2024,2024,5,B023,15,703,1068.1,1259.92
5/1/2024,2024,5,B025,1,1,1,2
5/1/2024,2024,5,B029,1,121,129,145
5/1/2024,2024,5,B032,1,84,17.28,20.07
5/1/2024,2024,5,B034,1,78,21.83,24.54
5/1/2024,2024,5,B040,2,95,39.69,43.04
5/1/2024,2024,5,B043,2,34,7.99,8.65
5/1/2024,2024,5,B049,2,128,38.31,40.86
5/1/2024,2024,5,B052,8,262,26.88,29.39
5/1/2024,2024,5,B053,2,5,2.46,2.75
5/1/2024,2024,5,B055,1,4,0.69,0.74
5/1/2024,2024,5,B057,7,38,6.62,7.03
5/1/2024,2024,5,B062,3,48,6.63,7.67
5/1/2024,2024,5,B063,1,7,1.46,1.69
5/1/2024,2024,5,B065,2,121,25.62,30.15
5/1/2024,2024,5,B066,1,15,0.76,0.88
5/1/2024,2024,5,B069,8,252,249,289
5/1/2024,2024,5,B071,15,647,164.43,185.29
5/1/2024,2024,5,B075,1,1,9.39,10.44
5/1/2024,2024,5,B076,2,4,14,15
5/1/2024,2024,5,B077,8,253,346,309
5/1/2024,2024,5,B078,3,4,2.33,2.2
5/1/2024,2024,5,B079,7,126,12819,14209
5/1/2024,2024,5,B081,7,195,364.82,307.61
5/1/2024,2024,5,B082,5,46,713.54,607.01
5/1/2024,2024,5,B086,1,1,26.02,21.59
5/1/2024,2024,5,B088,3,15,615.84,535.39
5/1/2024,2024,5,B089,1,84,1716.91,1941.08
5/1/2024,2024,5,B090,1,62,237.55,258.29
5/1/2024,2024,5,B093,1,1,30.19,33.13
5/1/2024,2024,5,B096,4,29,658.42,753.91
5/1/2024,2024,5,B102,6,236,1943.57,2226.78
5/1/2024,2024,5,B104,1,1,8.62,9.49
5/1/2024,2024,5,B106,4,20,148.63,133.48
5/1/2024,2024,5,B107,1,1,1,1
5/1/2024,2024,5,B108,7,244,495,452
5/1/2024,2024,5,B114,3,7,11,12
5/1/2024,2024,5,B115,3,11,19,22
5/1/2024,2024,5,B116,6,104,232,196
5/1/2024,2024,5,B117,2,121,25.41,28.98
5/1/2024,2024,5,B118,9,254,3467,3756
5/1/2024,2024,5,B119,5,89,90,81
5/1/2024,2024,5,B120,2,13,54,58
5/1/2024,2024,5,B122,2,7,7,8
5/1/2024,2024,5,B123,7,244,243,227
5/1/2024,2024,5,B127,4,8,17,15
5/1/2024,2024,5,B130,1,26,19,21
5/1/2024,2024,5,B131,1,36,36,30
5/1/2024,2024,5,B132,8,260,600.32,631.69
5/1/2024,2024,5,B136,1,1,4.87,5.54
5/1/2024,2024,5,B138,3,10,10.43,9.43
5/1/2024,2024,5,B143,2,3,5.37,5.81
5/1/2024,2024,5,B145,2,13,16.5,18.41
5/1/2024,2024,5,B146,1,2,2.24,2.12
5/1/2024,2024,5,B147,1,204,553.07,472.79
5/1/2024,2024,5,B152,1,14,10.54,11.25
5/1/2024,2024,5,B153,1,1,2.13,2.51
5/1/2024,2024,5,B154,1,14,12.07,13.72
5/1/2024,2024,5,B155,1,1,3.78,4.32
5/1/2024,2024,5,B157,1,1,0.3,0.28
5/1/2024,2024,5,B158,4,28,65.34,71.15
5/1/2024,2024,5,B161,8,51,135.93,143.22
5/1/2024,2024,5,B164,1,1,8.36,9.86
5/1/2024,2024,5,B165,2,6,7.33,7.79
5/1/2024,2024,5,B166,1,58,480,511
5/1/2024,2024,5,B168,1,5,5,6
5/1/2024,2024,5,B169,1,35,34,39
5/1/2024,2024,5,B170,1,1,2.91,3.19
5/1/2024,2024,5,B175,7,146,142.31,129.6
5/1/2024,2024,5,B188,1,11,10,9
5/1/2024,2024,5,B189,1,1,2,1
5/1/2024,2024,5,B190,1,1,1,1
5/1/2024,2024,5,B192,15,837,165.26,179.38
5/1/2024,2024,5,B196,1,3,13,11
5/1/2024,2024,5,B205,15,838,4997.06,5279.99
5/1/2024,2024,5,B207,1,121,125,143
5/1/2024,2024,5,B209,1,1,1,2
5/1/2024,2024,5,B215,3,29,29,27
5/1/2024,2024,5,B225,1,1,1,1
5/1/2024,2024,5,B227,1,1,6,5
5/1/2024,2024,5,B228,3,95,179,207
5/1/2024,2024,5,B229,2,94,588.22,685.77
5/1/2024,2024,5,B237,15,476,88.39,93.87
5/1/2024,2024,5,B238,1,15,1.48,1.68
5/1/2024,2024,5,B239,14,692,691.5,614.99
5/1/2024,2024,5,B241,15,469,552.95,596.61
5/1/2024,2024,5,B242,7,195,66.65,55.97
5/1/2024,2024,5,B255,8,100,81.75,92.06
5/1/2024,2024,5,B259,7,126,6602,7130
5/1/2024,2024,5,B260,7,244,240,273
5/1/2024,2024,5,B261,4,8,8,9
5/1/2024,2024,5,B262,4,133,273.01,290.78
5/1/2024,2024,5,B263,8,224,110.22,124.7
5/1/2024,2024,5,B264,6,215,103.34,119.56
5/1/2024,2024,5,B265,13,234,176.68,205.36
5/1/2024,2024,5,B266,4,15,198,212
5/1/2024,2024,5,B269,8,595,447,474
5/1/2024,2024,5,B284,1,5,5,6
5/1/2024,2024,5,B301,1,35,88,99
5/1/2024,2024,5,B303,2,2,5,4
5/1/2024,2024,5,B304,1,19,19,17
5/1/2024,2024,5,B305,3,11,16,14
5/1/2024,2024,5,B308,1,8,100,115
5/1/2024,2024,5,B309,4,8,8,7
5/1/2024,2024,5,B312,3,10,53,48
5/1/2024,2024,5,B314,2,36,50,56
5/1/2024,2024,5,B315,1,15,0.75,0.84
5/1/2024,2024,5,B317,1,1,0.14,0.16
5/1/2024,2024,5,B319,15,750,275.23,243.44
5/1/2024,2024,5,B320,9,254,115.12,121.19
5/1/2024,2024,5,B321,9,254,3449,4049
5/1/2024,2024,5,B322,8,245,8441,9634
5/1/2024,2024,5,B323,1,121,114,123
5/1/2024,2024,5,B324,1,74,287,313
5/1/2024,2024,5,B325,1,35,48,54
5/1/2024,2024,5,B326,1,1,2,3
5/1/2024,2024,5,B327,1,1,11,12
5/1/2024,2024,5,B331,1,7,30,33
5/1/2024,2024,5,B333,1,7,38,40
5/1/2024,2024,5,B339,1,8,32,28
5/1/2024,2024,5,B342,1,8,31,36
5/1/2024,2024,5,B352,2,12,13.72,15.46
5/1/2024,2024,5,B354,1,1,0.37,0.39
5/1/2024,2024,5,B356,1,1,1,2
5/1/2024,2024,5,B372,7,215,614.3,714.42
5/1/2024,2024,5,B373,1,1,0.36,0.4
5/1/2024,2024,5,B375,3,18,42.96,48.01
5/1/2024,2024,5,B376,1,129,327.64,379.78
5/1/2024,2024,5,B377,15,838,184.07,207.26
5/1/2024,2024,5,B380,1,117,68,72.78
5/1/2024,2024,5,B381,13,760,379.6,327.28
5/1/2024,2024,5,B382,2,8,3.13,2.66
5/1/2024,2024,5,B384,1,69,69,78
5/1/2024,2024,5,B387,1,84,84,89
5/1/2024,2024,5,B492,1,15,0.58,0.62
5/1/2024,2024,5,B494,1,121,129,145
5/1/2024,2024,5,B497,1,15,1.44,1.55
5/1/2024,2024,5,B507,1,1,0.4,0.45
5/1/2024,2024,5,B508,1,7,6.27,6.96
6/1/2024,2024,6,B002,1,69,70,75
6/1/2024,2024,6,B009,1,1,94,104
6/1/2024,2024,6,B010,8,372,24.09,27.32
6/1/2024,2024,6,B011,2,8,1.4,1.58
6/1/2024,2024,6,B012,6,616,122.08,113.3
6/1/2024,2024,6,B013,4,592,74.57,87.96
6/1/2024,2024,6,B014,2,8,1.25,1.37
6/1/2024,2024,6,B015,2,25,9.72,10.81
6/1/2024,2024,6,B016,8,624,52.45,58.31
6/1/2024,2024,6,B018,3,33,82.54,92.27
6/1/2024,2024,6,B020,3,21,22,24
6/1/2024,2024,6,B023,15,867,1382.25,1256.53
6/1/2024,2024,6,B025,1,1,1,2
6/1/2024,2024,6,B030,1,38,22.93,24.87
6/1/2024,2024,6,B032,1,62,9.42,8.81
6/1/2024,2024,6,B040,2,153,41.15,43.55
6/1/2024,2024,6,B043,1,17,6.99,7.82
6/1/2024,2024,6,B048,1,1,0.15,0.16
6/1/2024,2024,6,B051,1,3,1.44,1.63
6/1/2024,2024,6,B052,9,382,34.03,39.35
6/1/2024,2024,6,B053,2,4,3.09,3.57
6/1/2024,2024,6,B054,2,239,38.31,33.87
6/1/2024,2024,6,B055,1,2,0.38,0.45
6/1/2024,2024,6,B057,7,51,9.29,10.84
6/1/2024,2024,6,B062,4,174,37.17,31.42
6/1/2024,2024,6,B063,1,10,2.09,2.4
6/1/2024,2024,6,B065,2,187,36.11,40.14
6/1/2024,2024,6,B066,1,8,0.4,0.42
6/1/2024,2024,6,B069,8,371,371,411
6/1/2024,2024,6,B071,16,921,190.97,161.02
6/1/2024,2024,6,B075,1,1,9.03,9.59
6/1/2024,2024,6,B076,3,11,45,37
6/1/2024,2024,6,B077,8,372,556,634
6/1/2024,2024,6,B078,2,5,3.14,2.73
6/1/2024,2024,6,B079,7,255,20398,23061
6/1/2024,2024,6,B081,7,294,474.89,414.76
6/1/2024,2024,6,B082,5,169,1301.62,1100.69
6/1/2024,2024,6,B086,1,2,39.68,45.43
6/1/2024,2024,6,B088,2,20,689.32,588.01
6/1/2024,2024,6,B089,1,206,3390.79,2806.92
6/1/2024,2024,6,B093,1,1,28.62,33.08
6/1/2024,2024,6,B096,4,40,885.26,795.01
6/1/2024,2024,6,B102,6,353,3122.71,3629.34
6/1/2024,2024,6,B103,1,30,117.87,109.6
6/1/2024,2024,6,B104,1,1,8.34,9.53
6/1/2024,2024,6,B106,4,24,215.47,182.42
6/1/2024,2024,6,B107,1,1,2,3
6/1/2024,2024,6,B108,8,365,797,864
6/1/2024,2024,6,B109,6,141,297,267
6/1/2024,2024,6,B112,3,9,15,16
6/1/2024,2024,6,B114,3,3,5,6
6/1/2024,2024,6,B117,2,187,37.49,33.6
6/1/2024,2024,6,B118,9,373,5149,4557
6/1/2024,2024,6,B119,7,175,173,183
6/1/2024,2024,6,B120,2,127,254,278
6/1/2024,2024,6,B123,8,365,364,312
6/1/2024,2024,6,B127,3,6,12,13
6/1/2024,2024,6,B131,1,30,31,33
6/1/2024,2024,6,B132,9,381,906.36,1066
6/1/2024,2024,6,B136,1,1,4.96,4.7
6/1/2024,2024,6,B138,2,17,11.09,12.5
6/1/2024,2024,6,B141,1,236,529.25,578.51
6/1/2024,2024,6,B143,1,1,0.95,1.12
6/1/2024,2024,6,B145,2,20,22.03,25.19
6/1/2024,2024,6,B146,1,3,4.57,5.13
6/1/2024,2024,6,B150,1,1,1.31,1.42
6/1/2024,2024,6,B151,1,2,7.9,8.32
6/1/2024,2024,6,B152,1,13,9.1,8.3
6/1/2024,2024,6,B153,1,1,2.01,2.11
6/1/2024,2024,6,B154,1,7,10.97,12.94
6/1/2024,2024,6,B158,4,39,87.24,99.14
6/1/2024,2024,6,B161,8,68,168.04,193.17
6/1/2024,2024,6,B162,1,2,2.15,2
6/1/2024,2024,6,B163,1,1,0.65,0.72
6/1/2024,2024,6,B164,1,2,12.18,13.52
6/1/2024,2024,6,B165,1,5,6.94,7.56
6/1/2024,2024,6,B168,1,5,5,6
6/1/2024,2024,6,B169,1,45,47,44
6/1/2024,2024,6,B170,1,3,8.61,7.35
6/1/2024,2024,6,B171,3,75,104,93
6/1/2024,2024,6,B174,1,1,2.42,2.85
6/1/2024,2024,6,B175,8,235,234.01,266.85
6/1/2024,2024,6,B185,2,2,2,3
6/1/2024,2024,6,B188,1,9,9,10
6/1/2024,2024,6,B189,1,118,113,128
6/1/2024,2024,6,B192,16,1066,174.63,205.34
6/1/2024,2024,6,B195,1,3,5,6
6/1/2024,2024,6,B197,3,21,20,23
6/1/2024,2024,6,B205,16,1067,5612.74,5239.47
6/1/2024,2024,6,B206,1,11,9.99,10.88
6/1/2024,2024,6,B207,1,69,71,75
6/1/2024,2024,6,B209,1,3,3,4
6/1/2024,2024,6,B213,1,10,38,41
6/1/2024,2024,6,B215,3,22,23,19
6/1/2024,2024,6,B225,1,2,2,3
6/1/2024,2024,6,B227,1,1,6,7
6/1/2024,2024,6,B229,2,74,330.85,294.25
6/1/2024,2024,6,B231,1,1,1,2
6/1/2024,2024,6,B237,15,815,140.49,121.93
6/1/2024,2024,6,B238,1,8,0.75,0.8
6/1/2024,2024,6,B239,15,956,660.98,773.31
6/1/2024,2024,6,B241,16,655,722.09,770.92
6/1/2024,2024,6,B242,7,290,100.14,116.92
6/1/2024,2024,6,B255,9,99,77.69,90.3
6/1/2024,2024,6,B259,7,255,10481,11111
6/1/2024,2024,6,B260,8,365,364,394
6/1/2024,2024,6,B261,3,6,6,7
6/1/2024,2024,6,B262,4,167,119.08,111.99
6/1/2024,2024,6,B263,8,333,170.89,180.32
6/1/2024,2024,6,B264,7,326,165.4,137.42
6/1/2024,2024,6,B265,15,424,269.59,317.79
6/1/2024,2024,6,B266,5,40,567,601
6/1/2024,2024,6,B269,8,694,429,457
6/1/2024,2024,6,B284,1,5,5,6
6/1/2024,2024,6,B292,1,69,64,71
6/1/2024,2024,6,B300,1,16,145,169
6/1/2024,2024,6,B301,1,45,96,79
6/1/2024,2024,6,B303,2,2,5,6
6/1/2024,2024,6,B304,1,32,31,35
6/1/2024,2024,6,B305,3,15,21,19
6/1/2024,2024,6,B309,3,6,6,5
6/1/2024,2024,6,B312,3,18,82,94
6/1/2024,2024,6,B314,2,48,45,49
6/1/2024,2024,6,B315,1,8,0.38,0.42
6/1/2024,2024,6,B319,16,989,317.36,335.54
6/1/2024,2024,6,B320,9,373,175.65,156.48
6/1/2024,2024,6,B321,9,373,5155,5639
6/1/2024,2024,6,B322,9,366,13460,15059
6/1/2024,2024,6,B323,1,69,67,63
6/1/2024,2024,6,B324,1,44,189,207
6/1/2024,2024,6,B325,1,45,44,41
6/1/2024,2024,6,B326,1,1,2,3
6/1/2024,2024,6,B327,1,1,9,8
6/1/2024,2024,6,B339,1,8,34,36
6/1/2024,2024,6,B343,1,8,32,37
6/1/2024,2024,6,B352,2,89,83.57,70.25
6/1/2024,2024,6,B354,1,1,0.38,0.43
6/1/2024,2024,6,B356,1,2,1,2
6/1/2024,2024,6,B359,1,28,134,150
6/1/2024,2024,6,B372,6,314,957.56,813.1
6/1/2024,2024,6,B375,3,29,76.96,90.68
6/1/2024,2024,6,B376,1,215,462.4,379.63
6/1/2024,2024,6,B377,16,1067,194.99,205.75
6/1/2024,2024,6,B380,1,184,109.46,124.93
6/1/2024,2024,6,B381,14,982,406.9,439.42
6/1/2024,2024,6,B382,2,5,1.84,2.01
6/1/2024,2024,6,B387,1,62,62,73
6/1/2024,2024,6,B434,1,76,62,67
6/1/2024,2024,6,B492,1,8,0.31,0.28
6/1/2024,2024,6,B494,1,69,64,69
6/1/2024,2024,6,B497,1,8,0.78,0.88
6/1/2024,2024,6,B507,1,1,0.39,0.41
6/1/2024,2024,6,B508,1,28,3.52,3.93
7/1/2024,2024,7,B002,1,94,95,88
7/1/2024,2024,7,B010,8,418,26.74,29.14
7/1/2024,2024,7,B011,3,10,1.67,1.39
7/1/2024,2024,7,B012,6,711,149.72,173.87
7/1/2024,2024,7,B013,4,673,81.41,74.01
7/1/2024,2024,7,B014,3,10,1.62,1.82
7/1/2024,2024,7,B015,2,37,10.53,12.26
7/1/2024,2024,7,B016,9,720,61.01,67.7
7/1/2024,2024,7,B017,1,87,11.19,9.33
7/1/2024,2024,7,B018,3,92,158.07,178.15
7/1/2024,2024,7,B019,3,21,21,23
7/1/2024,2024,7,B020,3,21,21,23
7/1/2024,2024,7,B023,17,1126,1893.74,2050.3
7/1/2024,2024,7,B027,1,1,1,2
7/1/2024,2024,7,B029,1,57,57,61
7/1/2024,2024,7,B031,1,1,1.31,1.53
7/1/2024,2024,7,B032,1,12,1.79,1.96
7/1/2024,2024,7,B040,2,283,84.11,88.5
7/1/2024,2024,7,B043,2,109,14.22,16.44
7/1/2024,2024,7,B048,1,1,0.14,0.15
7/1/2024,2024,7,B052,9,441,39.49,33.38
7/1/2024,2024,7,B053,1,5,2.31,2.65
7/1/2024,2024,7,B054,2,392,87.24,95.65
7/1/2024,2024,7,B055,1,5,0.84,0.93
7/1/2024,2024,7,B057,8,44,7.81,6.98
7/1/2024,2024,7,B062,3,50,6.53,5.56
7/1/2024,2024,7,B063,1,6,1.17,1.09
7/1/2024,2024,7,B065,2,208,40.88,43.4
7/1/2024,2024,7,B066,1,19,0.98,0.81
7/1/2024,2024,7,B069,9,251,253,286
7/1/2024,2024,7,B071,17,1020,266.56,232.81
7/1/2024,2024,7,B072,1,2,4,3
7/1/2024,2024,7,B075,1,2,17.08,18.29
7/1/2024,2024,7,B076,3,21,82,70
7/1/2024,2024,7,B077,9,419,609,659
7/1/2024,2024,7,B078,3,4,3.02,2.58
7/1/2024,2024,7,B079,8,337,33249,27524
7/1/2024,2024,7,B080,1,119,127,145
7/1/2024,2024,7,B081,8,247,501.48,541.46
7/1/2024,2024,7,B082,5,36,911.65,1044.49
7/1/2024,2024,7,B086,1,2,41.17,36.97
7/1/2024,2024,7,B088,3,28,1026.15,937.3
7/1/2024,2024,7,B089,1,280,6291.5,5316.82
7/1/2024,2024,7,B093,1,1,28.96,26.93
7/1/2024,2024,7,B096,5,41,725.56,614.28
7/1/2024,2024,7,B101,1,21,86.42,91.05
7/1/2024,2024,7,B102,7,402,3444.87,3698.28
7/1/2024,2024,7,B103,1,39,157.69,147.2
7/1/2024,2024,7,B104,1,1,8.89,10.46
7/1/2024,2024,7,B106,4,21,179.45,148.13
7/1/2024,2024,7,B108,8,412,901,797
7/1/2024,2024,7,B109,7,175,507,537
7/1/2024,2024,7,B113,4,166,171,147
7/1/2024,2024,7,B114,4,7,11,12
7/1/2024,2024,7,B115,3,9,12,14
7/1/2024,2024,7,B117,2,208,42.84,45.45
7/1/2024,2024,7,B118,10,421,5810,5252
7/1/2024,2024,7,B119,7,179,182,192
7/1/2024,2024,7,B120,1,2,34,37
7/1/2024,2024,7,B123,8,412,413,447
7/1/2024,2024,7,B127,3,5,10,9
7/1/2024,2024,7,B131,1,60,61,67
7/1/2024,2024,7,B132,9,441,1064.58,1136.52
7/1/2024,2024,7,B136,1,1,5.2,5.83
7/1/2024,2024,7,B138,3,24,15.95,17.37
7/1/2024,2024,7,B139,1,1,2.07,2.38
7/1/2024,2024,7,B143,1,3,6.55,6.89
7/1/2024,2024,7,B144,1,72,53.39,62.96
7/1/2024,2024,7,B146,1,2,2.33,2.48
7/1/2024,2024,7,B147,1,390,1246,1047
7/1/2024,2024,7,B150,1,1,1.04,1.14
7/1/2024,2024,7,B151,1,1,4.07,4.68
7/1/2024,2024,7,B152,1,15,10.16,9.46
7/1/2024,2024,7,B154,1,14,10.94,12.15
7/1/2024,2024,7,B158,4,33,95.95,102.13
7/1/2024,2024,7,B161,9,65,153.58,137.73
7/1/2024,2024,7,B162,1,1,0.39,0.33
7/1/2024,2024,7,B164,1,2,12.42,14.62
7/1/2024,2024,7,B165,2,8,9.25,10.55
7/1/2024,2024,7,B166,1,87,598,646
7/1/2024,2024,7,B168,1,4,4,3
7/1/2024,2024,7,B169,1,127,131,108
7/1/2024,2024,7,B170,1,2,5.65,4.71
7/1/2024,2024,7,B173,1,1,2.23,1.87
7/1/2024,2024,7,B175,8,219,214.33,230.63
7/1/2024,2024,7,B177,1,1,2,3
7/1/2024,2024,7,B185,2,2,2,3
7/1/2024,2024,7,B192,17,1233,211.51,179.62
7/1/2024,2024,7,B193,2,3,249,271
7/1/2024,2024,7,B205,17,1235,7699.16,6455.49
7/1/2024,2024,7,B207,1,94,96,88
7/1/2024,2024,7,B209,1,2,2,3
7/1/2024,2024,7,B216,3,23,18,17
7/1/2024,2024,7,B226,3,216,344,287
7/1/2024,2024,7,B227,1,1,6,5
7/1/2024,2024,7,B229,2,215,1120.17,1310.53
7/1/2024,2024,7,B230,1,2,2,3
7/1/2024,2024,7,B238,1,19,1.93,2.05
7/1/2024,2024,7,B239,16,1112,1017.1,1098.41
7/1/2024,2024,7,B240,17,836,160.07,182.21
7/1/2024,2024,7,B241,17,843,1106.98,1220.88
7/1/2024,2024,7,B242,8,397,166.45,177.28
7/1/2024,2024,7,B255,9,137,85.17,100.4
7/1/2024,2024,7,B259,8,337,17957,19139
7/1/2024,2024,7,B260,8,412,401,449
7/1/2024,2024,7,B261,3,5,5,6
7/1/2024,2024,7,B262,4,123,248.6,270.4
7/1/2024,2024,7,B263,9,397,199.12,215.11
7/1/2024,2024,7,B264,7,390,190.33,208.27
7/1/2024,2024,7,B265,16,556,448.53,482.2
7/1/2024,2024,7,B266,4,24,346,384
7/1/2024,2024,7,B269,9,816,602,645
7/1/2024,2024,7,B284,1,4,4,3
7/1/2024,2024,7,B299,1,37,34,30
7/1/2024,2024,7,B301,1,127,431,506
7/1/2024,2024,7,B303,2,2,5,6
7/1/2024,2024,7,B305,3,11,17,19
7/1/2024,2024,7,B307,1,22,197,209
7/1/2024,2024,7,B309,3,5,5,6
7/1/2024,2024,7,B312,3,24,105,117
7/1/2024,2024,7,B314,2,129,203,222
7/1/2024,2024,7,B315,1,19,0.94,0.99
7/1/2024,2024,7,B319,17,1171,404.62,356.26
7/1/2024,2024,7,B320,10,421,199.57,216.4
7/1/2024,2024,7,B321,10,421,5840,6395
7/1/2024,2024,7,B322,9,414,14967,17390
7/1/2024,2024,7,B323,1,94,94,99
7/1/2024,2024,7,B324,1,54,207,240
7/1/2024,2024,7,B325,1,127,209,224
7/1/2024,2024,7,B326,1,2,4,5
7/1/2024,2024,7,B331,1,5,20,17
7/1/2024,2024,7,B333,1,9,44,51
7/1/2024,2024,7,B334,1,4,17,18
7/1/2024,2024,7,B339,1,10,38,44
7/1/2024,2024,7,B342,1,5,20,23
7/1/2024,2024,7,B343,1,5,18,19
7/1/2024,2024,7,B354,1,2,0.82,0.69
7/1/2024,2024,7,B356,1,2,1,2
7/1/2024,2024,7,B372,7,382,1128.91,1230.64
7/1/2024,2024,7,B375,3,21,57.72,63.23
7/1/2024,2024,7,B376,1,327,787.18,696.76
7/1/2024,2024,7,B377,17,1235,277.45,326.03
7/1/2024,2024,7,B380,1,206,142.87,151.1
7/1/2024,2024,7,B381,14,1104,581.18,625.06
7/1/2024,2024,7,B382,3,10,4.02,3.45
7/1/2024,2024,7,B387,1,54,50,58
7/1/2024,2024,7,B490,1,1,2.11,2.23
7/1/2024,2024,7,B492,1,19,0.72,0.64
7/1/2024,2024,7,B493,1,1,1.98,1.73
7/1/2024,2024,7,B494,1,94,101,111
7/1/2024,2024,7,B497,1,19,1.94,2.04
7/1/2024,2024,7,B507,1,1,0.41,0.35
8/1/2024,2024,8,B002,1,114,115,134
8/1/2024,2024,8,B010,8,370,21.7,23.53
8/1/2024,2024,8,B011,2,6,0.96,1.02
8/1/2024,2024,8,B012,5,756,164.6,153.95
8/1/2024,2024,8,B013,4,755,105.46,114.18
8/1/2024,2024,8,B014,2,6,0.91,0.81
8/1/2024,2024,8,B015,1,2,2.94,2.48
8/1/2024,2024,8,B016,7,762,73.28,81.85
8/1/2024,2024,8,B017,1,113,14.46,15.6
8/1/2024,2024,8,B018,2,117,168.48,197.75
8/1/2024,2024,8,B019,3,16,17,18
8/1/2024,2024,8,B023,14,1020,1519.68,1700.3
8/1/2024,2024,8,B029,1,114,122,131
8/1/2024,2024,8,B032,1,122,22.95,26.54
8/1/2024,2024,8,B034,1,306,69.73,61.65
8/1/2024,2024,8,B036,1,1,0.14,0.16
8/1/2024,2024,8,B040,2,286,94.3,103.24
8/1/2024,2024,8,B043,1,16,2.27,2.61
8/1/2024,2024,8,B047,1,9,1.98,1.77
8/1/2024,2024,8,B052,8,382,34.01,28.93
8/1/2024,2024,8,B057,7,40,5.96,6.79
8/1/2024,2024,8,B060,1,1,0.47,0.51
8/1/2024,2024,8,B062,4,161,34.6,29.26
8/1/2024,2024,8,B063,1,4,0.89,0.98
8/1/2024,2024,8,B064,1,4,0.73,0.63
8/1/2024,2024,8,B065,2,295,59.27,63.45
8/1/2024,2024,8,B069,8,369,370,306
8/1/2024,2024,8,B071,15,1020,263.62,284.64
8/1/2024,2024,8,B072,1,1,2,3
8/1/2024,2024,8,B073,1,1,9.09,7.67
8/1/2024,2024,8,B076,3,16,62,56
8/1/2024,2024,8,B077,8,370,494,422
8/1/2024,2024,8,B078,2,2,1.11,1.01
8/1/2024,2024,8,B079,6,277,22616,19112
8/1/2024,2024,8,B080,1,65,60,55
8/1/2024,2024,8,B081,6,351,588.56,675.25
8/1/2024,2024,8,B082,5,152,1609.61,1870.76
8/1/2024,2024,8,B086,1,3,55.31,46.83
8/1/2024,2024,8,B088,2,26,1226.8,1329.23
8/1/2024,2024,8,B089,1,208,3493.24,3145.43
8/1/2024,2024,8,B093,1,1,27.55,25.72
8/1/2024,2024,8,B096,4,37,562.06,463.98
8/1/2024,2024,8,B100,1,16,71.58,78.43
8/1/2024,2024,8,B102,6,347,2750.2,2893.92
8/1/2024,2024,8,B103,1,18,79.57,68.21
8/1/2024,2024,8,B106,4,25,233.16,265.45
8/1/2024,2024,8,B108,8,362,738,667
8/1/2024,2024,8,B111,2,40,78,83
8/1/2024,2024,8,B114,2,3,7,6
8/1/2024,2024,8,B115,2,4,6,7
8/1/2024,2024,8,B116,5,85,163,154
8/1/2024,2024,8,B117,2,295,58.25,49.79
8/1/2024,2024,8,B118,9,371,4894,5518
8/1/2024,2024,8,B119,7,122,121,133
8/1/2024,2024,8,B120,1,103,218,185
8/1/2024,2024,8,B122,3,16,16,17
8/1/2024,2024,8,B123,8,362,365,429
8/1/2024,2024,8,B127,3,7,14,13
8/1/2024,2024,8,B131,1,34,36,38
8/1/2024,2024,8,B132,8,381,842.59,768.78
8/1/2024,2024,8,B138,3,26,21.17,24.06
8/1/2024,2024,8,B139,2,13,14.77,16.73
8/1/2024,2024,8,B143,1,1,1.07,1.18
8/1/2024,2024,8,B147,1,306,694.08,757.9
8/1/2024,2024,8,B153,1,1,2.11,2.35
8/1/2024,2024,8,B158,3,46,115.16,107.07
8/1/2024,2024,8,B161,8,66,160.82,180.52
8/1/2024,2024,8,B164,1,3,17.09,19.34
8/1/2024,2024,8,B165,1,5,6.64,7.15
8/1/2024,2024,8,B168,1,3,3,4
8/1/2024,2024,8,B169,1,16,17,19
8/1/2024,2024,8,B170,1,1,3.07,3.59
8/1/2024,2024,8,B175,8,179,173.59,183.42
8/1/2024,2024,8,B177,1,103,94,107
8/1/2024,2024,8,B182,1,1,1,1
8/1/2024,2024,8,B183,1,1,84,91
8/1/2024,2024,8,B185,1,1,1,1
8/1/2024,2024,8,B192,15,1247,221.92,237.13
8/1/2024,2024,8,B205,15,1249,7333.47,7748.67
8/1/2024,2024,8,B207,1,114,111,118
8/1/2024,2024,8,B209,1,1,1,1
8/1/2024,2024,8,B215,4,50,51,47
8/1/2024,2024,8,B226,3,131,223,208
8/1/2024,2024,8,B227,1,1,6,5
8/1/2024,2024,8,B229,2,130,998.94,1078.8
8/1/2024,2024,8,B230,1,1,1,2
8/1/2024,2024,8,B237,14,798,143,151.48
8/1/2024,2024,8,B239,14,1077,855.56,906.99
8/1/2024,2024,8,B241,15,718,760.69,804.86
8/1/2024,2024,8,B242,6,345,114.82,107.98
8/1/2024,2024,8,B255,8,174,75.65,81.33
8/1/2024,2024,8,B259,6,277,12097,12968
8/1/2024,2024,8,B260,8,362,354,402
8/1/2024,2024,8,B261,3,7,7,6
8/1/2024,2024,8,B262,4,224,237.4,269.01
8/1/2024,2024,8,B263,8,316,152.41,161.24
8/1/2024,2024,8,B264,7,308,146.88,165.96
8/1/2024,2024,8,B265,14,378,254.27,295.19
8/1/2024,2024,8,B266,6,55,789,913
8/1/2024,2024,8,B269,7,877,641,548
8/1/2024,2024,8,B284,1,3,3,4
8/1/2024,2024,8,B300,1,24,247,220
8/1/2024,2024,8,B301,1,16,69,75
8/1/2024,2024,8,B303,2,2,5,4
8/1/2024,2024,8,B304,1,23,24,26
8/1/2024,2024,8,B305,3,22,26,24
8/1/2024,2024,8,B309,3,7,7,6
8/1/2024,2024,8,B312,3,26,114,132
8/1/2024,2024,8,B314,2,17,34,39
8/1/2024,2024,8,B319,15,1168,395.24,368.76
8/1/2024,2024,8,B320,9,371,168.85,187.77
8/1/2024,2024,8,B321,9,371,5011,4288
8/1/2024,2024,8,B322,9,363,11848,13351
8/1/2024,2024,8,B323,1,114,110,129
8/1/2024,2024,8,B324,1,94,380,401
8/1/2024,2024,8,B325,1,16,32,27
8/1/2024,2024,8,B326,1,1,2,3
8/1/2024,2024,8,B352,1,103,106.84,90.72
8/1/2024,2024,8,B354,1,1,0.39,0.44
8/1/2024,2024,8,B356,1,3,1,1
8/1/2024,2024,8,B359,1,113,746,876
8/1/2024,2024,8,B372,6,296,851.27,729.94
8/1/2024,2024,8,B375,3,37,89.64,102.3
8/1/2024,2024,8,B376,1,232,491.28,575.64
8/1/2024,2024,8,B377,15,1249,262.91,306.05
8/1/2024,2024,8,B380,1,292,186.45,201.44
8/1/2024,2024,8,B381,13,1128,585.57,682.3
8/1/2024,2024,8,B382,2,6,2.22,2.43
8/1/2024,2024,8,B384,1,48,42,47
8/1/2024,2024,8,B387,1,105,98,106
8/1/2024,2024,8,B494,1,114,108,96
8/1/2024,2024,8,B507,1,1,0.4,0.45
9/1/2024,2024,9,B002,1,140,142,133
9/1/2024,2024,9,B010,8,314,19.19,18.07
9/1/2024,2024,9,B011,2,6,0.95,1.11
9/1/2024,2024,9,B012,6,562,145.92,159.53
9/1/2024,2024,9,B013,4,539,85.1,95.21
9/1/2024,2024,9,B014,2,6,0.96,1.08
9/1/2024,2024,9,B015,2,23,7.54,8.1
9/1/2024,2024,9,B016,8,566,57.43,52.83
9/1/2024,2024,9,B017,1,83,10.65,11.31
9/1/2024,2024,9,B018,2,87,128.42,136.34
9/1/2024,2024,9,B019,2,5,5,6
9/1/2024,2024,9,B020,2,8,8,9
9/1/2024,2024,9,B023,16,875,1378.8,1593.59
9/1/2024,2024,9,B024,1,2,1,1
9/1/2024,2024,9,B029,1,140,132,153
9/1/2024,2024,9,B032,1,111,23.32,19.71
9/1/2024,2024,9,B040,2,247,77.58,65.38
9/1/2024,2024,9,B043,2,83,11.65,10.8
9/1/2024,2024,9,B049,1,294,76.97,87.02
9/1/2024,2024,9,B052,9,322,26.4,22.32
9/1/2024,2024,9,B053,2,3,1.98,2.17
9/1/2024,2024,9,B055,1,1,0.32,0.34
9/1/2024,2024,9,B056,1,1,0.07,0.08
9/1/2024,2024,9,B057,6,43,6.95,7.52
9/1/2024,2024,9,B062,3,47,6.3,7.22
9/1/2024,2024,9,B063,1,17,3.3,3.81
9/1/2024,2024,9,B065,2,275,54.97,63.77
9/1/2024,2024,9,B066,1,15,0.72,0.65
9/1/2024,2024,9,B069,9,315,314,265
9/1/2024,2024,9,B071,16,884,232.32,266.54
9/1/2024,2024,9,B075,1,1,9.7,11.14
9/1/2024,2024,9,B077,9,316,429,489
9/1/2024,2024,9,B078,3,6,3.46,3.75
9/1/2024,2024,9,B079,7,305,26738,24076
9/1/2024,2024,9,B081,7,164,160.39,168.98
9/1/2024,2024,9,B082,5,43,603.01,647.37
9/1/2024,2024,9,B086,1,2,40.6,33.51
9/1/2024,2024,9,B088,2,17,332.19,293.98
9/1/2024,2024,9,B089,1,254,5256.54,5570.13
9/1/2024,2024,9,B093,1,1,29.1,24.94
9/1/2024,2024,9,B096,4,44,887.67,1010.59
9/1/2024,2024,9,B102,7,298,2441.91,2872.01
9/1/2024,2024,9,B106,4,23,187.26,177.45
9/1/2024,2024,9,B107,1,1,2,1
9/1/2024,2024,9,B108,8,306,619,698
9/1/2024,2024,9,B114,3,5,9,10
9/1/2024,2024,9,B115,2,7,15,17
9/1/2024,2024,9,B116,6,158,449,394
9/1/2024,2024,9,B117,2,275,56.7,52.04
9/1/2024,2024,9,B118,10,317,4292,4674
9/1/2024,2024,9,B119,7,115,115,132
9/1/2024,2024,9,B120,2,10,45,49
9/1/2024,2024,9,B123,8,306,302,318
9/1/2024,2024,9,B126,1,3,3,4
9/1/2024,2024,9,B127,5,9,18,15
9/1/2024,2024,9,B132,9,319,729.01,679.14
9/1/2024,2024,9,B136,1,1,4.7,4.95
9/1/2024,2024,9,B137,1,48,33.88,37
9/1/2024,2024,9,B138,3,14,6.19,6.59
9/1/2024,2024,9,B139,1,5,5.18,4.91
9/1/2024,2024,9,B143,1,2,2.08,2.32
9/1/2024,2024,9,B145,2,10,11.28,12.86
9/1/2024,2024,9,B147,1,294,942.22,848.71
9/1/2024,2024,9,B152,1,4,4.57,4.96
9/1/2024,2024,9,B153,1,1,2.08,2.41
9/1/2024,2024,9,B154,1,20,15,16.97
9/1/2024,2024,9,B158,3,27,54.95,59.08
9/1/2024,2024,9,B161,7,70,166.73,140.94
9/1/2024,2024,9,B164,1,2,12.33,14.15
9/1/2024,2024,9,B165,1,1,2.9,3.06
9/1/2024,2024,9,B166,1,83,520,483
9/1/2024,2024,9,B168,1,3,3,4
9/1/2024,2024,9,B169,1,93,88,93
9/1/2024,2024,9,B170,1,2,6.22,6.68
9/1/2024,2024,9,B171,3,179,320,343
9/1/2024,2024,9,B174,1,1,0.83,0.69
9/1/2024,2024,9,B175,9,149,141.4,132
9/1/2024,2024,9,B176,1,1,1,2
9/1/2024,2024,9,B188,1,8,9,10
9/1/2024,2024,9,B189,1,1,2,3
9/1/2024,2024,9,B192,16,1024,200.24,229.72
9/1/2024,2024,9,B193,1,1,40,43
9/1/2024,2024,9,B196,2,8,31,29
9/1/2024,2024,9,B205,16,1025,6586.78,6069.94
9/1/2024,2024,9,B207,1,140,143,124
9/1/2024,2024,9,B209,1,2,2,3
9/1/2024,2024,9,B216,2,18,13,12
9/1/2024,2024,9,B225,1,2,2,3
9/1/2024,2024,9,B227,1,1,6,7
9/1/2024,2024,9,B229,2,178,947.56,1004.52
9/1/2024,2024,9,B237,16,658,128.32,138.33
9/1/2024,2024,9,B238,1,15,1.46,1.62
9/1/2024,2024,9,B239,15,868,693.03,738.66
9/1/2024,2024,9,B241,16,685,836.9,898.16
9/1/2024,2024,9,B242,7,413,136.52,148.49
9/1/2024,2024,9,B255,9,123,60.14,69.82
9/1/2024,2024,9,B259,7,305,14296,12232
9/1/2024,2024,9,B260,8,306,304,327
9/1/2024,2024,9,B261,5,9,9,10
9/1/2024,2024,9,B262,4,66,84.09,93.31
9/1/2024,2024,9,B263,9,298,144.4,125.41
9/1/2024,2024,9,B264,7,288,142.24,125.59
9/1/2024,2024,9,B265,15,409,320.72,284.81
9/1/2024,2024,9,B266,3,19,264,278
9/1/2024,2024,9,B269,8,715,469,385
9/1/2024,2024,9,B284,1,3,3,4
9/1/2024,2024,9,B300,1,8,48,52
9/1/2024,2024,9,B301,1,93,303,332
9/1/2024,2024,9,B303,2,3,7,8
9/1/2024,2024,9,B304,1,31,31,36
9/1/2024,2024,9,B305,3,22,26,28
9/1/2024,2024,9,B309,5,9,9,8
9/1/2024,2024,9,B312,3,15,74,83
9/1/2024,2024,9,B313,1,4,21,24
9/1/2024,2024,9,B314,2,95,159,168
9/1/2024,2024,9,B315,1,15,0.79,0.65
9/1/2024,2024,9,B319,16,1002,319.73,369.86
9/1/2024,2024,9,B320,10,317,146.29,154.09
9/1/2024,2024,9,B321,10,317,4348,3623
9/1/2024,2024,9,B322,9,307,10512,8836
9/1/2024,2024,9,B323,1,140,140,150
9/1/2024,2024,9,B324,1,112,466,531
9/1/2024,2024,9,B325,1,93,163,172
9/1/2024,2024,9,B326,1,1,2,3
9/1/2024,2024,9,B327,1,2,21,23
9/1/2024,2024,9,B333,1,15,73,81
9/1/2024,2024,9,B346,1,15,65,54
9/1/2024,2024,9,B352,2,9,10.48,11.42
9/1/2024,2024,9,B354,1,1,0.39,0.44
9/1/2024,2024,9,B372,8,286,828.18,906.35
9/1/2024,2024,9,B375,3,32,74.37,80.37
9/1/2024,2024,9,B376,1,238,555.46,455.62
9/1/2024,2024,9,B377,16,1025,251.37,270.8
9/1/2024,2024,9,B380,1,272,178.51,202.82
9/1/2024,2024,9,B381,14,1018,523.8,591.42
9/1/2024,2024,9,B382,2,6,2.34,2.14
9/1/2024,2024,9,B387,1,125,125,115
9/1/2024,2024,9,B492,1,15,0.6,0.53
9/1/2024,2024,9,B494,1,140,137,118
9/1/2024,2024,9,B497,1,15,1.57,1.75
9/1/2024,2024,9,B507,1,1,0.4,0.35
9/1/2024,2024,9,B508,1,4,3.87,4.4
10/1/2024,2024,10,B001,3,5,3.12,3.65
10/1/2024,2024,10,B002,1,94,97,106
10/1/2024,2024,10,B009,1,1,84,91
10/1/2024,2024,10,B010,7,219,12.59,13.25
10/1/2024,2024,10,B011,2,6,0.94,1.07
10/1/2024,2024,10,B012,6,575,124.12,143.51
10/1/2024,2024,10,B013,4,543,69.57,58.73
10/1/2024,2024,10,B014,2,6,0.94,0.83
10/1/2024,2024,10,B015,2,31,9.73,11.45
10/1/2024,2024,10,B016,8,579,50.84,42.51
10/1/2024,2024,10,B017,1,20,2.49,2.9
10/1/2024,2024,10,B018,2,24,50.51,53.08
10/1/2024,2024,10,B019,2,5,5,6
10/1/2024,2024,10,B020,2,9,9,8
10/1/2024,2024,10,B023,15,710,1121.33,1288.13
10/1/2024,2024,10,B029,1,151,144,160
10/1/2024,2024,10,B030,1,35,22.22,18.73
10/1/2024,2024,10,B032,1,41,6.59,5.61
10/1/2024,2024,10,B040,2,174,43.18,46.95
10/1/2024,2024,10,B043,2,87,13.18,14.46
10/1/2024,2024,10,B048,1,1,0.14,0.12
10/1/2024,2024,10,B049,2,318,69.1,57.2
10/1/2024,2024,10,B052,8,237,24.43,27.99
10/1/2024,2024,10,B053,2,7,2.8,3.24
10/1/2024,2024,10,B055,1,5,0.61,0.71
10/1/2024,2024,10,B057,7,42,7.26,6.2
10/1/2024,2024,10,B059,1,2,0.74,0.63
10/1/2024,2024,10,B062,4,140,26.89,31.25
10/1/2024,2024,10,B065,2,195,37.77,43.38
10/1/2024,2024,10,B066,1,13,0.68,0.58
10/1/2024,2024,10,B069,8,221,225,203
10/1/2024,2024,10,B071,15,801,195.72,206.21
10/1/2024,2024,10,B076,2,9,37,31
10/1/2024,2024,10,B077,8,221,287,257
10/1/2024,2024,10,B079,7,310,30609,32435
10/1/2024,2024,10,B081,7,185,282.77,329.37
10/1/2024,2024,10,B082,5,127,1276.94,1343.67
10/1/2024,2024,10,B088,3,24,1052.12,951.14
10/1/2024,2024,10,B089,1,260,5842.9,6170.09
10/1/2024,2024,10,B091,1,1,12.11,12.9
10/1/2024,2024,10,B096,4,32,633.22,600.06
10/1/2024,2024,10,B097,1,23,100.14,85.6
10/1/2024,2024,10,B102,6,202,1526.72,1629.9
10/1/2024,2024,10,B103,1,34,142.57,167.69
10/1/2024,2024,10,B106,4,23,204.03,228.81
10/1/2024,2024,10,B108,7,214,415,452
10/1/2024,2024,10,B114,3,6,10,11
10/1/2024,2024,10,B115,3,7,10,11
10/1/2024,2024,10,B116,6,189,577,614
10/1/2024,2024,10,B117,2,195,40.25,33.82
10/1/2024,2024,10,B118,9,222,2975,3381
10/1/2024,2024,10,B119,5,58,58,66
10/1/2024,2024,10,B120,3,86,190,208
10/1/2024,2024,10,B123,7,214,222,244
10/1/2024,2024,10,B126,1,4,4,5
10/1/2024,2024,10,B127,4,7,14,13
10/1/2024,2024,10,B131,1,57,60,54
10/1/2024,2024,10,B132,8,236,523.22,449.11
10/1/2024,2024,10,B136,1,1,4.99,5.39
10/1/2024,2024,10,B138,3,21,16.85,15.67
10/1/2024,2024,10,B143,2,5,9.98,11.57
10/1/2024,2024,10,B144,1,52,41.82,47.32
10/1/2024,2024,10,B145,2,7,8.56,9.21
10/1/2024,2024,10,B146,1,1,2.14,1.84
10/1/2024,2024,10,B147,1,317,1008.2,1117.25
10/1/2024,2024,10,B151,1,1,3.93,3.32
10/1/2024,2024,10,B152,1,13,10.53,12.38
10/1/2024,2024,10,B153,1,1,2.05,1.83
10/1/2024,2024,10,B154,1,13,14.48,16.62
10/1/2024,2024,10,B156,1,1,0.98,0.91
10/1/2024,2024,10,B158,4,40,95.61,109.47
10/1/2024,2024,10,B161,8,56,129.82,139.32
10/1/2024,2024,10,B163,1,1,0.33,0.36
10/1/2024,2024,10,B165,2,7,5.31,4.96
10/1/2024,2024,10,B166,1,20,92,100
10/1/2024,2024,10,B168,1,3,3,4
10/1/2024,2024,10,B169,1,112,106,117
10/1/2024,2024,10,B170,1,2,5.85,6.47
10/1/2024,2024,10,B171,2,133,231,219
10/1/2024,2024,10,B175,8,94,89.05,74.67
10/1/2024,2024,10,B186,1,1,1,1
10/1/2024,2024,10,B188,1,8,8,9
10/1/2024,2024,10,B189,1,77,81,72
10/1/2024,2024,10,B192,15,952,182.71,153.43
10/1/2024,2024,10,B205,15,954,5769.15,6496.5
10/1/2024,2024,10,B207,1,151,140,131
10/1/2024,2024,10,B208,1,57,46,49
10/1/2024,2024,10,B209,1,2,2,3
10/1/2024,2024,10,B215,2,26,24,28
10/1/2024,2024,10,B225,1,2,2,3
10/1/2024,2024,10,B229,2,133,499.78,532.69
10/1/2024,2024,10,B237,15,696,130.39,141.64
10/1/2024,2024,10,B238,1,13,1.24,1.03
10/1/2024,2024,10,B239,14,772,664.6,712.43
10/1/2024,2024,10,B241,15,565,773.67,732.35
10/1/2024,2024,10,B242,7,348,146.2,165.67
10/1/2024,2024,10,B244,1,1,1.06,1.2
10/1/2024,2024,10,B255,8,54,77.53,68.85
10/1/2024,2024,10,B259,7,310,16057,13172
10/1/2024,2024,10,B260,7,214,215,251
10/1/2024,2024,10,B261,4,7,7,6
10/1/2024,2024,10,B262,2,140,158.25,143.49
10/1/2024,2024,10,B263,8,187,86.57,95.16
10/1/2024,2024,10,B264,6,179,82.16,92.5
10/1/2024,2024,10,B265,14,372,339.4,378.71
10/1/2024,2024,10,B266,4,35,495,559
10/1/2024,2024,10,B268,2,225,90,76
10/1/2024,2024,10,B269,8,516,306,271
10/1/2024,2024,10,B284,1,3,3,4
10/1/2024,2024,10,B301,1,112,359,307
10/1/2024,2024,10,B303,1,1,2,3
10/1/2024,2024,10,B304,1,15,16,17
10/1/2024,2024,10,B305,1,3,6,5
10/1/2024,2024,10,B308,1,19,195,207
10/1/2024,2024,10,B309,4,7,7,8
10/1/2024,2024,10,B312,2,20,85,71
10/1/2024,2024,10,B314,2,114,186,212
10/1/2024,2024,10,B315,1,13,0.65,0.68
10/1/2024,2024,10,B319,15,870,280.9,313.96
10/1/2024,2024,10,B320,9,222,105.2,99.76
10/1/2024,2024,10,B321,9,222,3022,3407
10/1/2024,2024,10,B322,8,215,6780,7885
10/1/2024,2024,10,B323,1,151,145,162
10/1/2024,2024,10,B324,1,48,206,174
10/1/2024,2024,10,B325,1,112,179,200
10/1/2024,2024,10,B327,1,1,9,10
10/1/2024,2024,10,B332,1,4,15,13
10/1/2024,2024,10,B333,1,6,28,31
10/1/2024,2024,10,B339,1,7,29,34
10/1/2024,2024,10,B343,1,3,14,16
10/1/2024,2024,10,B347,1,6,26,30
10/1/2024,2024,10,B352,2,50,50.98,43.71
10/1/2024,2024,10,B372,6,168,454.84,416.02
10/1/2024,2024,10,B375,2,19,63.86,71.19
10/1/2024,2024,10,B376,1,300,747.2,857.28
10/1/2024,2024,10,B377,15,954,223.99,205.54
10/1/2024,2024,10,B380,1,193,128.49,149.61
10/1/2024,2024,10,B381,13,946,431.56,381.6
10/1/2024,2024,10,B382,2,4,1.55,1.73
10/1/2024,2024,10,B387,1,53,49,56
10/1/2024,2024,10,B492,1,13,0.51,0.6
10/1/2024,2024,10,B494,1,151,156,165
10/1/2024,2024,10,B497,1,13,1.33,1.16
10/1/2024,2024,10,B508,1,7,6.02,6.96
11/1/2024,2024,11,B009,2,2,82,95
11/1/2024,2024,11,B010,8,412,24.9,22.54
11/1/2024,2024,11,B011,4,15,2.51,2.83
11/1/2024,2024,11,B012,7,722,159.47,134.81
11/1/2024,2024,11,B013,4,670,85.05,97.7
11/1/2024,2024,11,B014,4,15,2.34,2.57
11/1/2024,2024,11,B015,3,51,13.29,14.77
11/1/2024,2024,11,B016,11,735,63.32,66.56
11/1/2024,2024,11,B017,1,82,9.78,8.74
11/1/2024,2024,11,B018,4,90,194.61,183.72
11/1/2024,2024,11,B019,2,5,5,6
11/1/2024,2024,11,B023,19,1010,1785.69,1656.14
11/1/2024,2024,11,B025,2,2,1,2
11/1/2024,2024,11,B032,1,60,8.79,7.43
11/1/2024,2024,11,B040,2,133,53.2,60.84
11/1/2024,2024,11,B043,3,124,19.35,22.37
11/1/2024,2024,11,B047,1,9,1.86,1.59
11/1/2024,2024,11,B048,1,1,0.14,0.13
11/1/2024,2024,11,B049,3,243,76.66,64.78
11/1/2024,2024,11,B051,4,15,5.93,6.8
11/1/2024,2024,11,B052,10,454,41.21,47.9
11/1/2024,2024,11,B053,3,8,3.55,3.3
11/1/2024,2024,11,B055,2,7,1.13,1.3
11/1/2024,2024,11,B057,9,48,8.01,9.14
11/1/2024,2024,11,B062,4,200,42.44,45.56
11/1/2024,2024,11,B065,2,111,21.53,23.52
11/1/2024,2024,11,B066,2,19,0.98,0.81
11/1/2024,2024,11,B069,9,412,417,442
11/1/2024,2024,11,B071,19,1035,251.35,292.78
11/1/2024,2024,11,B072,1,2,4,5
11/1/2024,2024,11,B075,1,2,18.2,20.78
11/1/2024,2024,11,B076,2,9,35,40
11/1/2024,2024,11,B077,9,414,563,597
11/1/2024,2024,11,B078,4,4,1.44,1.3
11/1/2024,2024,11,B079,10,293,35451,37436
11/1/2024,2024,11,B080,1,115,109,118
11/1/2024,2024,11,B081,10,381,679.38,723.69
11/1/2024,2024,11,B082,7,201,1824.17,2145.47
11/1/2024,2024,11,B086,1,2,38.92,36.88
11/1/2024,2024,11,B088,3,44,1368.96,1543.39
11/1/2024,2024,11,B089,1,197,5753.21,6312.61
11/1/2024,2024,11,B093,1,1,27.81,32.71
11/1/2024,2024,11,B096,6,34,662.03,742.45
11/1/2024,2024,11,B102,7,397,3218.18,2936.26
11/1/2024,2024,11,B104,2,3,24.06,28.37
11/1/2024,2024,11,B106,4,19,165.18,175.7
11/1/2024,2024,11,B108,8,404,823,935
11/1/2024,2024,11,B111,8,242,756,869
11/1/2024,2024,11,B114,5,10,14,16
11/1/2024,2024,11,B115,5,24,39,36
11/1/2024,2024,11,B117,2,111,20.87,18.95
11/1/2024,2024,11,B118,10,415,5693,6060
11/1/2024,2024,11,B119,7,146,144,136
11/1/2024,2024,11,B120,4,134,285,243
11/1/2024,2024,11,B122,2,9,9,8
11/1/2024,2024,11,B123,8,404,406,453
11/1/2024,2024,11,B127,5,8,16,14
11/1/2024,2024,11,B129,1,2,3,2
11/1/2024,2024,11,B132,10,448,995.1,1080.15
11/1/2024,2024,11,B133,1,1,0.65,0.75
11/1/2024,2024,11,B138,1,29,18.34,19.72
11/1/2024,2024,11,B142,1,1,0.72,0.85
11/1/2024,2024,11,B143,2,5,10.8,9.63
11/1/2024,2024,11,B144,1,78,62.05,71.22
11/1/2024,2024,11,B145,2,10,11.24,11.88
11/1/2024,2024,11,B146,2,5,5.2,4.83
11/1/2024,2024,11,B147,1,238,1086.95,1239.47
11/1/2024,2024,11,B149,1,1,4.64,4.89
11/1/2024,2024,11,B150,2,2,1.33,1.43
11/1/2024,2024,11,B151,2,2,4.15,4.45
11/1/2024,2024,11,B152,2,9,11.81,10.03
11/1/2024,2024,11,B153,1,1,1.93,2.1
11/1/2024,2024,11,B154,2,29,17.68,20.71
11/1/2024,2024,11,B155,1,1,3.48,3.25
11/1/2024,2024,11,B156,2,2,1.26,1.37
11/1/2024,2024,11,B158,5,56,123.98,138.8
11/1/2024,2024,11,B161,10,63,153.6,145.73
11/1/2024,2024,11,B164,1,2,13.35,14.16
11/1/2024,2024,11,B165,2,9,9.94,8.33
11/1/2024,2024,11,B166,1,40,273,298
11/1/2024,2024,11,B168,2,9,8,9
11/1/2024,2024,11,B169,1,144,145,169
11/1/2024,2024,11,B171,3,228,406,473
11/1/2024,2024,11,B175,9,210,205.38,217.01
11/1/2024,2024,11,B188,1,9,9,10
11/1/2024,2024,11,B189,2,124,131,153
11/1/2024,2024,11,B190,2,2,2,3
11/1/2024,2024,11,B192,19,1150,193.5,225.92
11/1/2024,2024,11,B193,1,1,83,92
11/1/2024,2024,11,B197,1,4,3,2
11/1/2024,2024,11,B205,19,1152,6988.26,8122.6
11/1/2024,2024,11,B215,3,34,35,41
11/1/2024,2024,11,B227,1,1,6,7
11/1/2024,2024,11,B229,2,227,1121.25,1201.94
11/1/2024,2024,11,B237,19,849,177.83,191.78
11/1/2024,2024,11,B238,2,19,1.9,2.2
11/1/2024,2024,11,B239,18,1134,888.29,760.04
11/1/2024,2024,11,B241,19,779,1103.76,1240.52
11/1/2024,2024,11,B242,10,336,153.08,169.87
11/1/2024,2024,11,B255,9,137,92.26,102.95
11/1/2024,2024,11,B259,10,293,17498,15477
11/1/2024,2024,11,B260,8,404,404,425
11/1/2024,2024,11,B261,5,8,8,9
11/1/2024,2024,11,B262,4,178,109.65,125.15
11/1/2024,2024,11,B263,9,380,182.9,197.14
11/1/2024,2024,11,B264,7,371,179.26,195.27
11/1/2024,2024,11,B265,18,444,369.41,411.95
11/1/2024,2024,11,B266,4,35,495,567
11/1/2024,2024,11,B268,11,760,341,365
11/1/2024,2024,11,B284,2,9,9,10
11/1/2024,2024,11,B298,1,2,1,2
11/1/2024,2024,11,B301,1,144,486,405
11/1/2024,2024,11,B303,2,2,5,6
11/1/2024,2024,11,B304,1,18,19,22
11/1/2024,2024,11,B305,3,13,18,19
11/1/2024,2024,11,B306,1,29,269,297
11/1/2024,2024,11,B309,5,8,8,9
11/1/2024,2024,11,B312,3,31,140,163
11/1/2024,2024,11,B314,1,144,244,207
11/1/2024,2024,11,B315,2,19,0.93,1.04
11/1/2024,2024,11,B319,19,1109,368.23,422.2
11/1/2024,2024,11,B320,10,415,202.24,216.46
11/1/2024,2024,11,B321,10,415,5711,4924
11/1/2024,2024,11,B322,9,405,14023,11907
11/1/2024,2024,11,B324,1,48,207,235
11/1/2024,2024,11,B325,1,144,233,274
11/1/2024,2024,11,B327,1,1,9,10
11/1/2024,2024,11,B331,2,19,78,84
11/1/2024,2024,11,B333,2,19,92,104
11/1/2024,2024,11,B352,3,133,127.4,139.42
11/1/2024,2024,11,B355,1,2,0.69,0.75
11/1/2024,2024,11,B356,1,2,1,1
11/1/2024,2024,11,B358,1,42,311,353
11/1/2024,2024,11,B372,8,368,1092.27,1216.18
11/1/2024,2024,11,B375,3,26,65.01,53.51
11/1/2024,2024,11,B376,1,189,472.69,443.79
11/1/2024,2024,11,B377,19,1152,250.92,287.47
11/1/2024,2024,11,B380,1,108,64.32,74
11/1/2024,2024,11,B381,15,1020,524.22,598.45
11/1/2024,2024,11,B387,1,56,59,54
11/1/2024,2024,11,B490,2,2,4.05,3.73
11/1/2024,2024,11,B492,2,19,0.78,0.9
11/1/2024,2024,11,B497,2,19,1.79,1.88
11/1/2024,2024,11,B507,1,1,0.38,0.41
11/1/2024,2024,11,B508,2,21,19.68,17.56
12/1/2024,2024,12,B002,1,163,163,138
12/1/2024,2024,12,B009,1,1,90,100
12/1/2024,2024,12,B010,8,419,25.92,21.84
12/1/2024,2024,12,B011,2,8,1.4,1.18
12/1/2024,2024,12,B012,8,936,222.12,188.96
12/1/2024,2024,12,B013,6,899,133.55,123.86
12/1/2024,2024,12,B014,2,8,1.29,1.52
12/1/2024,2024,12,B015,2,37,11.23,11.92
12/1/2024,2024,12,B016,10,942,94.24,78.18
12/1/2024,2024,12,B017,1,52,6.28,7.16
12/1/2024,2024,12,B018,2,51,79.89,69.45
12/1/2024,2024,12,B019,3,20,20,23
12/1/2024,2024,12,B021,1,143,573,500
12/1/2024,2024,12,B023,18,1212,2042.58,2241.64
12/1/2024,2024,12,B029,1,163,172,142
12/1/2024,2024,12,B032,1,177,38.85,44.51
12/1/2024,2024,12,B034,1,177,49.44,54.45
12/1/2024,2024,12,B038,3,3,0.43,0.39
12/1/2024,2024,12,B040,2,127,54.85,59.65
12/1/2024,2024,12,B043,2,160,21.11,19.63
12/1/2024,2024,12,B049,2,206,61.55,55.42
12/1/2024,2024,12,B052,9,438,37.61,40.38
12/1/2024,2024,12,B053,3,7,3.79,3.54
12/1/2024,2024,12,B055,1,6,1.19,1.3
12/1/2024,2024,12,B057,9,81,18.41,16.5
12/1/2024,2024,12,B062,6,223,45.91,48.31
12/1/2024,2024,12,B065,2,225,43.97,50.19
12/1/2024,2024,12,B066,1,22,1.04,1.18
12/1/2024,2024,12,B069,9,420,414,437
12/1/2024,2024,12,B071,18,1287,327.07,348.4
12/1/2024,2024,12,B072,1,1,2,3
12/1/2024,2024,12,B075,1,1,8.63,9.63
12/1/2024,2024,12,B076,3,20,80,76
12/1/2024,2024,12,B077,9,421,567,485
12/1/2024,2024,12,B078,4,11,7.91,8.92
12/1/2024,2024,12,B079,9,331,41498,45533
12/1/2024,2024,12,B080,1,47,47,40
12/1/2024,2024,12,B081,9,454,681.78,745.24
12/1/2024,2024,12,B082,8,218,1777.83,1897.98
12/1/2024,2024,12,B083,1,3,70.79,83.26
12/1/2024,2024,12,B085,1,124,3113.77,3560.16
12/1/2024,2024,12,B088,2,25,831.58,905.56
12/1/2024,2024,12,B089,1,140,3931.96,4515.2
12/1/2024,2024,12,B092,6,30,183.34,167.28
12/1/2024,2024,12,B093,3,3,80.89,85.09
12/1/2024,2024,12,B096,6,55,1452.52,1545.06
12/1/2024,2024,12,B101,1,61,240.69,276.68
12/1/2024,2024,12,B102,7,402,3258.2,3035.3
12/1/2024,2024,12,B108,8,413,837,891
12/1/2024,2024,12,B114,5,11,23,27
12/1/2024,2024,12,B115,2,12,27,31
12/1/2024,2024,12,B116,8,298,942,1018
12/1/2024,2024,12,B117,2,225,42.43,38.22
12/1/2024,2024,12,B118,10,422,5791,5384
12/1/2024,2024,12,B119,6,150,148,122
12/1/2024,2024,12,B120,5,156,306,255
12/1/2024,2024,12,B121,3,20,21,24
12/1/2024,2024,12,B123,8,413,414,348
12/1/2024,2024,12,B127,4,7,14,16
12/1/2024,2024,12,B131,1,61,57,48
12/1/2024,2024,12,B132,9,433,995.11,1170.1
12/1/2024,2024,12,B136,1,1,4.8,4.45
12/1/2024,2024,12,B138,4,21,15.72,18
12/1/2024,2024,12,B140,1,55,37.72,40.51
12/1/2024,2024,12,B141,1,381,1665.49,1787.36
12/1/2024,2024,12,B142,1,2,1.9,1.61
12/1/2024,2024,12,B143,3,4,6.29,6.84
12/1/2024,2024,12,B144,1,58,40.01,46.87
12/1/2024,2024,12,B145,2,17,18.18,16.97
12/1/2024,2024,12,B146,1,2,3.73,4.06
12/1/2024,2024,12,B151,1,2,7.87,7.47
12/1/2024,2024,12,B152,1,18,11.9,12.72
12/1/2024,2024,12,B153,3,3,6.17,6.73
12/1/2024,2024,12,B154,1,16,11.26,11.94
12/1/2024,2024,12,B156,1,2,2.13,2.32
12/1/2024,2024,12,B158,6,52,135.21,156.52
12/1/2024,2024,12,B161,10,90,238.42,277.9
12/1/2024,2024,12,B164,1,3,20.04,17.15
12/1/2024,2024,12,B165,2,9,12.44,13.14
12/1/2024,2024,12,B166,1,44,301,283
12/1/2024,2024,12,B168,1,5,5,6
12/1/2024,2024,12,B169,1,182,191,170
12/1/2024,2024,12,B170,3,7,21.68,18.33
12/1/2024,2024,12,B171,4,266,470,507
12/1/2024,2024,12,B174,1,1,2.24,2.5
12/1/2024,2024,12,B175,8,198,194.81,179.52
12/1/2024,2024,12,B185,4,4,4,5
12/1/2024,2024,12,B188,3,21,20,21
12/1/2024,2024,12,B189,2,135,135,146
12/1/2024,2024,12,B192,18,1528,288.22,306.98
12/1/2024,2024,12,B205,18,1528,9541.07,11246.75
12/1/2024,2024,12,B207,1,163,150,162
12/1/2024,2024,12,B209,3,7,7,8
12/1/2024,2024,12,B216,4,34,26,29
12/1/2024,2024,12,B225,3,7,7,6
12/1/2024,2024,12,B227,1,2,11,12
12/1/2024,2024,12,B229,3,264,1272.49,1088.77
12/1/2024,2024,12,B237,18,1009,201.88,177.87
12/1/2024,2024,12,B238,1,22,2.23,2.58
12/1/2024,2024,12,B239,17,1339,1188.29,974.81
12/1/2024,2024,12,B241,18,846,1246.62,1030.4
12/1/2024,2024,12,B242,9,469,174.6,158.32
12/1/2024,2024,12,B255,10,152,105.08,117.18
12/1/2024,2024,12,B259,9,331,20893,22090
12/1/2024,2024,12,B260,8,413,408,363
12/1/2024,2024,12,B261,4,7,7,8
12/1/2024,2024,12,B262,5,273,306.95,343.41
12/1/2024,2024,12,B263,9,387,185.73,197.77
12/1/2024,2024,12,B264,7,379,183.07,200.55
12/1/2024,2024,12,B265,16,491,469.78,494.78
12/1/2024,2024,12,B266,5,35,461,534
12/1/2024,2024,12,B269,10,1119,739,651
12/1/2024,2024,12,B284,1,5,5,6
12/1/2024,2024,12,B300,1,9,89,84
12/1/2024,2024,12,B301,1,182,593,669
12/1/2024,2024,12,B303,3,5,12,13
12/1/2024,2024,12,B304,1,39,39,33
12/1/2024,2024,12,B305,4,13,27,30
12/1/2024,2024,12,B309,4,4,3,4
12/1/2024,2024,12,B311,2,4,4,3
12/1/2024,2024,12,B312,4,22,117,99
12/1/2024,2024,12,B314,4,189,301,342
12/1/2024,2024,12,B315,1,22,1.1,1.3
12/1/2024,2024,12,B319,18,1416,499.52,586.24
12/1/2024,2024,12,B320,10,422,202.65,231.28
12/1/2024,2024,12,B321,10,422,5792,6255
12/1/2024,2024,12,B322,9,414,14156,15432
12/1/2024,2024,12,B323,1,163,171,194
12/1/2024,2024,12,B325,1,182,304,333
12/1/2024,2024,12,B326,1,1,2,1
12/1/2024,2024,12,B327,3,3,29,34
12/1/2024,2024,12,B333,1,10,51,46
12/1/2024,2024,12,B339,1,12,51,56
12/1/2024,2024,12,B340,1,10,43,46
12/1/2024,2024,12,B342,1,6,25,27
12/1/2024,2024,12,B343,1,6,23,27
12/1/2024,2024,12,B351,1,8,68,77
12/1/2024,2024,12,B352,5,156,164.52,150.48
12/1/2024,2024,12,B354,1,1,0.39,0.42
12/1/2024,2024,12,B356,1,3,2,3
12/1/2024,2024,12,B359,1,35,238,274
12/1/2024,2024,12,B372,8,379,1084.82,1201.7
12/1/2024,2024,12,B374,1,32,50.18,54.04
12/1/2024,2024,12,B375,2,14,38.62,40.96
12/1/2024,2024,12,B376,1,304,786.53,906.8
12/1/2024,2024,12,B377,18,1528,343.08,316.34
12/1/2024,2024,12,B380,1,221,124.43,138.71
12/1/2024,2024,12,B381,16,1442,740.47,683.13
12/1/2024,2024,12,B382,2,8,3.37,3.96
12/1/2024,2024,12,B383,1,31,26,30
12/1/2024,2024,12,B387,1,158,164,141
12/1/2024,2024,12,B492,1,22,0.89,1.01
12/1/2024,2024,12,B494,1,163,173,157
12/1/2024,2024,12,B497,1,22,2.2,2.38
12/1/2024,2024,12,B507,1,2,0.76,0.85
12/1/2024,2024,12,B508,2,37,12.16,13.4
1/1/2025,2025,1,B009,1,1,89,96
1/1/2025,2025,1,B010,6,195,11.37,13.11
1/1/2025,2025,1,B011,2,7,1.11,0.95
1/1/2025,2025,1,B012,5,816,195.15,211.99
1/1/2025,2025,1,B013,3,787,119.69,113
1/1/2025,2025,1,B014,2,7,1.06,1.2
1/1/2025,2025,1,B015,2,28,8.36,9.18
1/1/2025,2025,1,B016,7,821,85.91,95.79
1/1/2025,2025,1,B017,1,79,10.21,9.01
1/1/2025,2025,1,B018,1,79,99.37,113.41
1/1/2025,2025,1,B019,2,5,5,6
1/1/2025,2025,1,B020,2,5,5,6
1/1/2025,2025,1,B022,3,16,185,200
1/1/2025,2025,1,B023,13,920,1254.63,1446.22
1/1/2025,2025,1,B031,3,100,72.1,67.56
1/1/2025,2025,1,B032,1,208,47.8,53.66
1/1/2025,2025,1,B040,1,180,60.4,53.61
1/1/2025,2025,1,B043,2,117,16.71,18.3
1/1/2025,2025,1,B052,6,222,21.67,19.75
1/1/2025,2025,1,B053,2,5,2.56,2.7
1/1/2025,2025,1,B055,1,4,0.69,0.59
1/1/2025,2025,1,B057,6,32,4.56,5.16
1/1/2025,2025,1,B062,3,142,31.33,33.74
1/1/2025,2025,1,B063,1,12,2.53,2.68
1/1/2025,2025,1,B065,1,309,56.91,50.08
1/1/2025,2025,1,B066,1,11,0.53,0.59
1/1/2025,2025,1,B067,1,1,0.05,0.05
1/1/2025,2025,1,B068,2,312,76.58,85.44
1/1/2025,2025,1,B069,7,196,191,213
1/1/2025,2025,1,B070,1,2,5,6
1/1/2025,2025,1,B071,13,917,268.3,227.82
1/1/2025,2025,1,B072,1,1,2,1
1/1/2025,2025,1,B075,1,1,9.45,10.56
1/1/2025,2025,1,B076,2,5,20,17
1/1/2025,2025,1,B077,7,197,256,296
1/1/2025,2025,1,B078,2,2,0.29,0.26
1/1/2025,2025,1,B079,6,283,30674,35877
1/1/2025,2025,1,B080,1,53,54,57
1/1/2025,2025,1,B081,6,434,649.63,765.44
1/1/2025,2025,1,B082,5,137,1316.35,1221.13
1/1/2025,2025,1,B085,1,225,5182.08,5500.08
1/1/2025,2025,1,B088,2,35,1221.27,1408.28
1/1/2025,2025,1,B093,1,1,28.22,31.61
1/1/2025,2025,1,B096,4,36,628.13,660.8
1/1/2025,2025,1,B102,4,183,1429.26,1600.36
1/1/2025,2025,1,B103,1,40,176.41,147.36
1/1/2025,2025,1,B106,4,15,124.84,132.5
1/1/2025,2025,1,B108,6,189,366,415
1/1/2025,2025,1,B114,3,6,10,11
1/1/2025,2025,1,B115,3,16,29,33
1/1/2025,2025,1,B116,5,181,548,518
1/1/2025,2025,1,B117,1,309,57.73,48.78
1/1/2025,2025,1,B118,7,197,2669,2345
1/1/2025,2025,1,B119,5,58,58,65
1/1/2025,2025,1,B120,3,100,214,231
1/1/2025,2025,1,B123,6,189,187,213
1/1/2025,2025,1,B127,4,5,9,8
1/1/2025,2025,1,B129,1,1,2,1
1/1/2025,2025,1,B131,1,40,38,42
1/1/2025,2025,1,B132,6,218,482.73,520.05
1/1/2025,2025,1,B135,1,165,606.76,686.51
1/1/2025,2025,1,B136,1,1,5,5.79
1/1/2025,2025,1,B138,2,24,17.99,19.89
1/1/2025,2025,1,B143,2,3,5.54,6.18
1/1/2025,2025,1,B144,1,77,61.6,70.06
1/1/2025,2025,1,B145,1,11,11.3,12.44
1/1/2025,2025,1,B146,1,1,2.03,2.28
1/1/2025,2025,1,B147,1,146,523.35,582.05
1/1/2025,2025,1,B151,1,1,4.3,4.56
1/1/2025,2025,1,B152,1,8,6.86,7.36
1/1/2025,2025,1,B153,1,1,2.06,2.24
1/1/2025,2025,1,B154,1,12,8.78,10.14
1/1/2025,2025,1,B158,3,29,86.91,96.83
1/1/2025,2025,1,B161,7,55,123.85,130.68
1/1/2025,2025,1,B162,1,1,0.49,0.44
1/1/2025,2025,1,B165,1,2,1.32,1.44
1/1/2025,2025,1,B166,1,79,512,482
1/1/2025,2025,1,B168,1,4,4,5
1/1/2025,2025,1,B169,1,100,93,108
1/1/2025,2025,1,B175,7,89,85.79,99.15
1/1/2025,2025,1,B188,1,7,7,6
1/1/2025,2025,1,B189,2,93,87,97
1/1/2025,2025,1,B192,13,1019,183.3,215.89
1/1/2025,2025,1,B205,13,1019,6143.03,7037.04
1/1/2025,2025,1,B215,4,29,29,34
1/1/2025,2025,1,B226,2,180,324,372
1/1/2025,2025,1,B229,2,180,1039.27,1214.31
1/1/2025,2025,1,B237,13,637,128.23,107.97
1/1/2025,2025,1,B238,1,11,1.16,1.35
1/1/2025,2025,1,B239,12,994,785.98,861.32
1/1/2025,2025,1,B241,13,539,793.98,862.7
1/1/2025,2025,1,B242,6,458,157.98,131.24
1/1/2025,2025,1,B255,5,89,51.17,57.78
1/1/2025,2025,1,B259,6,283,16523,14502
1/1/2025,2025,1,B260,6,189,189,222
1/1/2025,2025,1,B261,4,7,7,8
1/1/2025,2025,1,B262,3,193,217.29,201.16
1/1/2025,2025,1,B263,6,167,79.84,87.21
1/1/2025,2025,1,B264,5,160,75.48,83.95
1/1/2025,2025,1,B265,12,308,291.11,334.47
1/1/2025,2025,1,B266,5,14,195,222
1/1/2025,2025,1,B267,2,285,120,138
1/1/2025,2025,1,B269,7,545,332,273
1/1/2025,2025,1,B284,1,4,4,5
1/1/2025,2025,1,B300,1,23,221,255
1/1/2025,2025,1,B301,1,100,401,422
1/1/2025,2025,1,B303,1,1,2,3
1/1/2025,2025,1,B304,1,29,28,30
1/1/2025,2025,1,B305,2,14,14,15
1/1/2025,2025,1,B311,4,7,7,8
1/1/2025,2025,1,B312,2,24,102,92
1/1/2025,2025,1,B314,1,100,194,173
1/1/2025,2025,1,B315,1,11,0.59,0.62
1/1/2025,2025,1,B319,13,941,306.36,328.91
1/1/2025,2025,1,B320,7,197,92.45,100.4
1/1/2025,2025,1,B321,7,197,2699,3107
1/1/2025,2025,1,B322,6,189,5956,6453
1/1/2025,2025,1,B324,1,176,742,868
1/1/2025,2025,1,B325,1,100,204,232
1/1/2025,2025,1,B327,1,1,10,9
1/1/2025,2025,1,B331,1,4,16,15
1/1/2025,2025,1,B333,1,7,37,42
1/1/2025,2025,1,B338,1,4,13,14
1/1/2025,2025,1,B339,1,4,16,18
1/1/2025,2025,1,B340,1,3,14,13
1/1/2025,2025,1,B354,1,1,0.38,0.44
1/1/2025,2025,1,B372,5,161,466.88,543.81
1/1/2025,2025,1,B373,1,1,0.46,0.49
1/1/2025,2025,1,B375,3,23,50.88,46.15
1/1/2025,2025,1,B376,1,250,591.62,686.81
1/1/2025,2025,1,B377,13,1019,230.66,255.37
1/1/2025,2025,1,B380,1,309,182.65,209.9
1/1/2025,2025,1,B381,11,910,551.39,472.77
1/1/2025,2025,1,B382,2,7,2.8,3.28
1/1/2025,2025,1,B387,1,187,179,157
1/1/2025,2025,1,B392,1,49,46,43
1/1/2025,2025,1,B492,1,11,0.45,0.51
1/1/2025,2025,1,B497,1,11,1.14,1.2
1/1/2025,2025,1,B508,1,6,5.83,6.58
2/1/2025,2025,2,B001,3,6,3.88,3.31
2/1/2025,2025,2,B002,1,55,58,63
2/1/2025,2025,2,B009,1,1,88,100
2/1/2025,2025,2,B010,8,358,21.49,22.81
2/1/2025,2025,2,B011,2,8,1.13,1.33
2/1/2025,2025,2,B012,6,753,174.11,188.68
2/1/2025,2025,2,B013,4,720,103.99,119.87
2/1/2025,2025,2,B014,2,8,1.12,1.27
2/1/2025,2025,2,B015,2,31,9.49,8.36
2/1/2025,2025,2,B016,8,758,71.09,77.45
2/1/2025,2025,2,B017,1,132,16.04,14.81
2/1/2025,2025,2,B018,3,135,194.91,225.76
2/1/2025,2025,2,B019,3,20,20,23
2/1/2025,2025,2,B023,16,1026,1627.63,1866.84
2/1/2025,2025,2,B028,1,1,1,2
2/1/2025,2025,2,B029,1,55,54,62
2/1/2025,2025,2,B030,2,86,56.15,49.84
2/1/2025,2025,2,B032,1,167,33.15,38.68
2/1/2025,2025,2,B036,1,1,0.06,0.06
2/1/2025,2025,2,B040,2,206,82.15,77.55
2/1/2025,2025,2,B041,1,4,1.29,1.46
2/1/2025,2025,2,B043,2,103,14.97,15.78
2/1/2025,2025,2,B049,2,327,84.78,73.28
2/1/2025,2025,2,B052,9,372,32.92,35.46
2/1/2025,2025,2,B053,2,3,2.38,2.53
2/1/2025,2025,2,B055,1,2,0.49,0.43
2/1/2025,2025,2,B057,7,43,7.68,8.12
2/1/2025,2025,2,B062,4,122,28.07,29.98
2/1/2025,2025,2,B065,2,241,45.22,50.51
2/1/2025,2025,2,B066,1,15,0.71,0.82
2/1/2025,2025,2,B069,9,360,362,423
2/1/2025,2025,2,B070,5,8,16,17
2/1/2025,2025,2,B071,16,1034,291.06,342.95
2/1/2025,2025,2,B072,1,1,2,1
2/1/2025,2025,2,B075,1,1,8.45,8.97
2/1/2025,2025,2,B076,3,20,78,87
2/1/2025,2025,2,B077,9,361,467,416
2/1/2025,2025,2,B079,7,288,29317,34583
2/1/2025,2025,2,B080,1,58,55,59
2/1/2025,2025,2,B081,7,315,498.9,576.76
2/1/2025,2025,2,B082,6,124,1062.55,1241.76
2/1/2025,2025,2,B086,1,1,25.06,26.36
2/1/2025,2025,2,B088,3,23,623.53,708.75
2/1/2025,2025,2,B089,1,249,6023.45,6615.99
2/1/2025,2025,2,B092,2,11,95.11,106.5
2/1/2025,2025,2,B093,1,1,26.88,22.45
2/1/2025,2025,2,B096,3,18,453.14,480.95
2/1/2025,2025,2,B102,7,344,2674.76,2943.47
2/1/2025,2025,2,B103,1,30,126.49,137.32
2/1/2025,2025,2,B104,1,1,8.64,9.94
2/1/2025,2025,2,B106,4,10,88.81,83.96
2/1/2025,2025,2,B108,8,352,700,615
2/1/2025,2025,2,B114,3,5,9,10
2/1/2025,2025,2,B115,3,13,22,25
2/1/2025,2025,2,B116,6,184,562,510
2/1/2025,2025,2,B117,2,241,45.7,38.77
2/1/2025,2025,2,B118,10,362,4806,5244
2/1/2025,2025,2,B119,7,114,113,97
2/1/2025,2025,2,B120,2,87,191,215
2/1/2025,2025,2,B122,3,20,20,22
2/1/2025,2025,2,B123,8,352,354,389
2/1/2025,2025,2,B131,1,30,31,36
2/1/2025,2025,2,B132,9,370,826.31,726.97
2/1/2025,2025,2,B136,1,1,5.18,5.82
2/1/2025,2025,2,B138,3,15,10.24,11.71
2/1/2025,2025,2,B140,1,57,45.48,40
2/1/2025,2025,2,B142,1,1,0.54,0.58
2/1/2025,2025,2,B143,1,1,0.94,1.02
2/1/2025,2025,2,B145,2,14,15.15,15.97
2/1/2025,2025,2,B146,1,2,2.42,2.17
2/1/2025,2025,2,B147,1,325,1090.78,1018.1
2/1/2025,2025,2,B151,1,1,3.78,3.99
2/1/2025,2025,2,B152,1,12,7.84,6.97
2/1/2025,2025,2,B153,1,1,2.01,2.13
2/1/2025,2025,2,B156,1,1,1,1.06
2/1/2025,2025,2,B158,4,32,71.91,81.54
2/1/2025,2025,2,B161,7,43,107.4,122.42
2/1/2025,2025,2,B164,1,1,7.72,8.87
2/1/2025,2025,2,B165,1,5,6.7,7.74
2/1/2025,2025,2,B166,1,92,587,692
2/1/2025,2025,2,B168,1,4,4,5
2/1/2025,2025,2,B169,1,108,102,89
2/1/2025,2025,2,B170,1,3,9.42,10.55
2/1/2025,2025,2,B171,2,142,275,241
2/1/2025,2025,2,B175,9,171,169.62,140.74
2/1/2025,2025,2,B185,1,1,1,2
2/1/2025,2025,2,B189,2,86,90,83
2/1/2025,2025,2,B192,16,1175,205.44,191
2/1/2025,2025,2,B205,16,1177,7660.53,8940.88
2/1/2025,2025,2,B207,1,55,55,49
2/1/2025,2025,2,B209,1,3,3,4
2/1/2025,2025,2,B215,2,21,21,23
2/1/2025,2025,2,B225,1,3,3,2
2/1/2025,2025,2,B226,1,99,164,182
2/1/2025,2025,2,B227,1,1,6,5
2/1/2025,2025,2,B229,1,240,1419.59,1555.67
2/1/2025,2025,2,B237,16,783,146.76,161.91
2/1/2025,2025,2,B238,1,15,1.51,1.73
2/1/2025,2025,2,B239,15,1099,886.42,998.18
2/1/2025,2025,2,B241,16,724,940.66,1020.89
2/1/2025,2025,2,B242,7,379,138.13,145.49
2/1/2025,2025,2,B255,9,179,78.21,89.86
2/1/2025,2025,2,B259,7,288,15490,12747
2/1/2025,2025,2,B260,8,352,353,416
2/1/2025,2025,2,B261,5,8,8,9
2/1/2025,2025,2,B262,3,167,188.93,155.1
2/1/2025,2025,2,B263,9,334,155.74,175.9
2/1/2025,2025,2,B264,7,325,155.05,131.03
2/1/2025,2025,2,B265,15,409,349.83,399.01
2/1/2025,2025,2,B266,4,28,401,427
2/1/2025,2025,2,B269,8,826,591,636
2/1/2025,2025,2,B284,1,4,4,3
2/1/2025,2025,2,B301,1,108,390,451
2/1/2025,2025,2,B303,1,1,3,4
2/1/2025,2025,2,B304,1,37,39,35
2/1/2025,2025,2,B305,2,3,7,8
2/1/2025,2025,2,B309,5,8,8,9
2/1/2025,2025,2,B310,1,13,123,134
2/1/2025,2025,2,B312,2,14,64,69
2/1/2025,2025,2,B314,2,111,196,229
2/1/2025,2025,2,B315,1,15,0.71,0.81
2/1/2025,2025,2,B319,16,1096,371.72,399.69
2/1/2025,2025,2,B320,10,362,172.4,153.3
2/1/2025,2025,2,B321,10,362,4958,4624
2/1/2025,2025,2,B322,9,353,11618,10340
2/1/2025,2025,2,B323,1,55,53,60
2/1/2025,2025,2,B324,1,83,325,350
2/1/2025,2025,2,B325,1,108,188,213
2/1/2025,2025,2,B326,1,1,2,1
2/1/2025,2025,2,B333,1,7,32,36
2/1/2025,2025,2,B334,1,7,28,33
2/1/2025,2025,2,B338,1,8,26,28
2/1/2025,2025,2,B339,1,8,32,35
2/1/2025,2025,2,B354,1,1,0.4,0.45
2/1/2025,2025,2,B356,1,1,1,2
2/1/2025,2025,2,B358,1,40,271,238
2/1/2025,2025,2,B372,8,320,895.38,1048.16
2/1/2025,2025,2,B375,2,17,56.1,65.74
2/1/2025,2025,2,B376,1,269,632.97,723.12
2/1/2025,2025,2,B377,16,1177,270.67,237.22
2/1/2025,2025,2,B380,1,239,149.58,160.34
2/1/2025,2025,2,B381,14,1081,608.73,677.23
2/1/2025,2025,2,B382,2,4,1.46,1.37
2/1/2025,2025,2,B384,1,28,25,27
2/1/2025,2025,2,B387,1,96,90,105
2/1/2025,2025,2,B490,1,1,1.9,1.67
2/1/2025,2025,2,B492,1,15,0.61,0.64
2/1/2025,2025,2,B494,1,55,55,63
2/1/2025,2025,2,B497,1,15,1.44,1.63
2/1/2025,2025,2,B507,2,13,12.1,12.86
2/1/2025,2025,2,B508,1,8,7.28,6.84
3/1/2025,2025,3,B002,1,129,130,141
3/1/2025,2025,3,B009,1,1,85,98
3/1/2025,2025,3,B010,8,302,18.17,20.69
3/1/2025,2025,3,B011,2,7,1.18,1.11
3/1/2025,2025,3,B012,5,774,166.73,187.16
3/1/2025,2025,3,B013,4,740,103.89,88.62
3/1/2025,2025,3,B014,2,7,1.1,0.95
3/1/2025,2025,3,B015,1,35,7.22,7.87
3/1/2025,2025,3,B016,7,781,72.93,66.2
3/1/2025,2025,3,B017,1,44,5.15,4.79
3/1/2025,2025,3,B018,3,50,124.34,143.3
3/1/2025,2025,3,B019,3,15,15,17
3/1/2025,2025,3,B020,3,15,15,13
3/1/2025,2025,3,B023,15,989,1421.5,1557.04
3/1/2025,2025,3,B025,1,2,2,3
3/1/2025,2025,3,B029,1,87,88,100
3/1/2025,2025,3,B032,1,139,30.39,27.69
3/1/2025,2025,3,B042,2,177,52.22,56.24
3/1/2025,2025,3,B043,2,70,10.82,11.48
3/1/2025,2025,3,B049,2,304,74.48,82.9
3/1/2025,2025,3,B052,8,318,22.46,23.99
3/1/2025,2025,3,B053,2,6,2.14,2.35
3/1/2025,2025,3,B055,1,4,0.38,0.42
3/1/2025,2025,3,B057,6,41,6.09,7.05
3/1/2025,2025,3,B062,4,139,29.43,27.3
3/1/2025,2025,3,B063,1,18,3.68,4.2
3/1/2025,2025,3,B065,2,272,55.31,58.7
3/1/2025,2025,3,B066,1,18,0.87,0.97
3/1/2025,2025,3,B069,8,301,299,352
3/1/2025,2025,3,B071,15,954,231.19,267.27
3/1/2025,2025,3,B072,1,1,2,3
3/1/2025,2025,3,B075,1,1,9.49,10.92
3/1/2025,2025,3,B076,3,15,62,66
3/1/2025,2025,3,B077,8,302,404,468
3/1/2025,2025,3,B078,3,4,1.59,1.81
3/1/2025,2025,3,B079,7,285,26563,29176
3/1/2025,2025,3,B081,7,410,637.03,747.49
3/1/2025,2025,3,B082,5,136,1339.55,1499.91
3/1/2025,2025,3,B083,1,1,18.39,15.36
3/1/2025,2025,3,B084,4,41,807.09,668.11
3/1/2025,2025,3,B086,1,1,23.01,24.42
3/1/2025,2025,3,B088,3,24,992.04,1124.03
3/1/2025,2025,3,B089,1,218,4672.53,5016.24
3/1/2025,2025,3,B090,1,40,156.58,145.55
3/1/2025,2025,3,B093,1,1,30.34,32.94
3/1/2025,2025,3,B099,1,6,56.78,63.64
3/1/2025,2025,3,B102,6,285,2244.78,2024.24
3/1/2025,2025,3,B104,1,2,17.71,20.87
3/1/2025,2025,3,B106,4,14,125.57,113.99
3/1/2025,2025,3,B108,8,295,592,646
3/1/2025,2025,3,B110,3,89,224,252
3/1/2025,2025,3,B114,3,5,9,8
3/1/2025,2025,3,B115,3,9,12,14
3/1/2025,2025,3,B116,6,87,219,254
3/1/2025,2025,3,B117,2,272,53.23,46.64
3/1/2025,2025,3,B118,9,303,4151,4590
3/1/2025,2025,3,B119,7,99,100,118
3/1/2025,2025,3,B120,3,92,210,242
3/1/2025,2025,3,B123,8,295,292,326
3/1/2025,2025,3,B127,4,6,12,13
3/1/2025,2025,3,B128,1,1,2,3
3/1/2025,2025,3,B131,1,40,38,40
3/1/2025,2025,3,B132,8,317,673.99,722.8
3/1/2025,2025,3,B136,1,1,4.84,4.35
3/1/2025,2025,3,B138,3,20,14.75,16.43
3/1/2025,2025,3,B143,2,5,10.4,11.01
3/1/2025,2025,3,B144,1,38,27.21,31.4
3/1/2025,2025,3,B145,2,13,15.21,16.54
3/1/2025,2025,3,B146,1,2,0.74,0.78
3/1/2025,2025,3,B147,1,302,907.41,1010.91
3/1/2025,2025,3,B152,1,14,9.4,8.4
3/1/2025,2025,3,B153,1,1,1.96,2.3
3/1/2025,2025,3,B154,1,15,16.28,18.7
3/1/2025,2025,3,B158,3,41,93.84,108.42
3/1/2025,2025,3,B161,7,67,175.84,153.83
3/1/2025,2025,3,B164,1,2,13.5,15.52
3/1/2025,2025,3,B165,2,5,5.63,4.67
3/1/2025,2025,3,B166,1,44,351,306
3/1/2025,2025,3,B168,1,4,4,3
3/1/2025,2025,3,B169,1,75,80,89
3/1/2025,2025,3,B171,3,69,119,137
3/1/2025,2025,3,B174,1,1,1.29,1.4
3/1/2025,2025,3,B175,8,144,136.5,150.52
3/1/2025,2025,3,B176,2,2,2,3
3/1/2025,2025,3,B188,1,6,6,7
3/1/2025,2025,3,B189,1,85,81,89
3/1/2025,2025,3,B192,15,1213,208.28,228.22
3/1/2025,2025,3,B205,15,1215,6658.89,7166.48
3/1/2025,2025,3,B207,1,129,136,153
3/1/2025,2025,3,B215,4,42,41,36
3/1/2025,2025,3,B227,1,1,6,7
3/1/2025,2025,3,B228,1,52,93,106
3/1/2025,2025,3,B229,2,120,589.09,663.36
3/1/2025,2025,3,B238,1,18,1.84,1.68
3/1/2025,2025,3,B239,14,1038,812.59,713.22
3/1/2025,2025,3,B240,15,740,131.74,154.59
3/1/2025,2025,3,B241,15,660,809.73,932.14
3/1/2025,2025,3,B242,7,413,132.78,122.93
3/1/2025,2025,3,B255,8,92,49.45,56.4
3/1/2025,2025,3,B259,7,285,13637,14669
3/1/2025,2025,3,B260,8,295,296,316
3/1/2025,2025,3,B261,4,6,6,5
3/1/2025,2025,3,B262,4,194,207.47,238.41
3/1/2025,2025,3,B263,8,252,120.77,110.35
3/1/2025,2025,3,B264,7,245,113.7,131.85
3/1/2025,2025,3,B265,14,357,283.4,327.63
3/1/2025,2025,3,B266,6,51,729,845
3/1/2025,2025,3,B269,7,918,596,687
3/1/2025,2025,3,B284,1,4,4,5
3/1/2025,2025,3,B292,1,42,40,36
3/1/2025,2025,3,B301,1,75,250,288
3/1/2025,2025,3,B303,2,2,5,6
3/1/2025,2025,3,B304,1,24,25,29
3/1/2025,2025,3,B305,3,23,30,34
3/1/2025,2025,3,B306,1,18,178,201
3/1/2025,2025,3,B309,4,6,6,7
3/1/2025,2025,3,B312,3,20,89,79
3/1/2025,2025,3,B314,1,75,120,129
3/1/2025,2025,3,B315,1,18,0.94,1.06
3/1/2025,2025,3,B317,1,1,0.15,0.17
3/1/2025,2025,3,B319,15,1131,367.02,432.57
3/1/2025,2025,3,B320,9,303,144.42,136.59
3/1/2025,2025,3,B321,9,303,4084,4300
3/1/2025,2025,3,B322,9,296,9708,10635
3/1/2025,2025,3,B323,1,129,120,136
3/1/2025,2025,3,B324,1,132,540,627
3/1/2025,2025,3,B325,1,75,115,134
3/1/2025,2025,3,B327,1,2,20,17
3/1/2025,2025,3,B331,1,6,23,19
3/1/2025,2025,3,B333,1,9,48,43
3/1/2025,2025,3,B339,1,9,35,29
3/1/2025,2025,3,B343,1,9,37,42
3/1/2025,2025,3,B347,1,3,13,14
3/1/2025,2025,3,B352,2,91,94.8,110.42
3/1/2025,2025,3,B354,1,1,0.42,0.45
3/1/2025,2025,3,B356,1,2,1,2
3/1/2025,2025,3,B372,6,237,690.65,649.33
3/1/2025,2025,3,B375,3,33,80.07,92.84
3/1/2025,2025,3,B376,1,244,564.07,509.89
3/1/2025,2025,3,B377,15,1215,250.15,292.71
3/1/2025,2025,3,B380,1,269,158.13,167.78
3/1/2025,2025,3,B381,13,1076,520.28,569.44
3/1/2025,2025,3,B382,2,7,2.65,2.8
3/1/2025,2025,3,B387,1,143,146,154
3/1/2025,2025,3,B433,1,130,108,122
3/1/2025,2025,3,B492,1,18,0.72,0.84
3/1/2025,2025,3,B494,1,129,137,155
3/1/2025,2025,3,B497,1,18,1.72,1.83
3/1/2025,2025,3,B507,1,1,0.41,0.44
3/1/2025,2025,3,B508,1,6,5.32,4.53
4/1/2025,2025,4,B002,1,130,134,150
4/1/2025,2025,4,B009,1,1,118,135
4/1/2025,2025,4,B010,8,346,21.44,19.03
4/1/2025,2025,4,B011,2,8,1.36,1.46
4/1/2025,2025,4,B012,6,592,120.47,140.58
4/1/2025,2025,4,B013,4,572,75.23,82.4
4/1/2025,2025,4,B014,2,8,1.34,1.44
4/1/2025,2025,4,B015,2,19,6.25,6.7
4/1/2025,2025,4,B016,8,598,49.53,53.29
4/1/2025,2025,4,B017,1,59,7.73,8.43
4/1/2025,2025,4,B018,3,65,142.69,151.79
4/1/2025,2025,4,B019,2,10,10,11
4/1/2025,2025,4,B020,2,10,10,9
4/1/2025,2025,4,B021,1,70,288,326
4/1/2025,2025,4,B023,16,933,1437.03,1515.11
4/1/2025,2025,4,B025,1,2,2,1
4/1/2025,2025,4,B029,1,130,139,120
4/1/2025,2025,4,B032,1,130,27.48,29.6
4/1/2025,2025,4,B040,2,197,56.4,65.47
4/1/2025,2025,4,B041,2,8,3.44,2.92
4/1/2025,2025,4,B043,2,24,6.08,6.67
4/1/2025,2025,4,B049,2,303,56.51,66.1
4/1/2025,2025,4,B052,9,358,30.42,28.22
4/1/2025,2025,4,B053,2,4,1.61,1.84
4/1/2025,2025,4,B055,1,4,0.71,0.75
4/1/2025,2025,4,B056,1,1,0.13,0.15
4/1/2025,2025,4,B057,7,43,7.66,6.83
4/1/2025,2025,4,B062,3,49,7.34,8.58
4/1/2025,2025,4,B063,1,14,2.97,3.33
4/1/2025,2025,4,B065,2,268,55.05,63.37
4/1/2025,2025,4,B069,9,348,346,380
4/1/2025,2025,4,B070,4,5,10,11
4/1/2025,2025,4,B071,16,887,197.51,231.76
4/1/2025,2025,4,B076,2,10,39,41
4/1/2025,2025,4,B077,9,348,497,534
4/1/2025,2025,4,B078,3,5,3.6,4.08
4/1/2025,2025,4,B079,7,325,25522,27399
4/1/2025,2025,4,B080,1,60,62,58
4/1/2025,2025,4,B081,7,173,346.56,370.22
4/1/2025,2025,4,B082,5,36,715.41,787.28
4/1/2025,2025,4,B083,1,1,12.85,13.95
4/1/2025,2025,4,B086,1,1,28.69,27.12
4/1/2025,2025,4,B088,3,19,675.82,593.9
4/1/2025,2025,4,B089,1,257,4831.53,5415.25
4/1/2025,2025,4,B093,1,1,28.62,32.58
4/1/2025,2025,4,B096,4,45,860.73,781.33
4/1/2025,2025,4,B102,7,331,2769.5,2983.59
4/1/2025,2025,4,B103,1,43,175.55,192.91
4/1/2025,2025,4,B104,1,2,18.11,16.54
4/1/2025,2025,4,B106,4,21,179.17,207.65
4/1/2025,2025,4,B108,8,343,710,785
4/1/2025,2025,4,B110,6,166,414,477
4/1/2025,2025,4,B114,3,7,11,12
4/1/2025,2025,4,B115,3,14,23,25
4/1/2025,2025,4,B117,2,268,51.08,56.81
4/1/2025,2025,4,B118,10,349,4756,5439
4/1/2025,2025,4,B119,7,144,140,127
4/1/2025,2025,4,B120,2,7,43,38
4/1/2025,2025,4,B123,8,343,341,312
4/1/2025,2025,4,B131,1,43,45,48
4/1/2025,2025,4,B132,9,355,837.42,745.02
4/1/2025,2025,4,B133,1,1,1.02,1.08
4/1/2025,2025,4,B138,3,10,9.06,10.27
4/1/2025,2025,4,B143,2,3,5.33,6.24
4/1/2025,2025,4,B145,2,11,11.96,13.82
4/1/2025,2025,4,B146,1,3,2.79,3.29
4/1/2025,2025,4,B147,1,300,786.84,663.48
4/1/2025,2025,4,B150,1,1,0.97,1.09
4/1/2025,2025,4,B151,1,1,4.14,3.62
4/1/2025,2025,4,B152,1,4,5.06,5.41
4/1/2025,2025,4,B153,1,1,1.98,2.33
4/1/2025,2025,4,B154,1,5,3.26,3.75
4/1/2025,2025,4,B158,4,24,64,53.87
4/1/2025,2025,4,B161,8,70,174.27,200.43
4/1/2025,2025,4,B164,1,2,12.02,13.09
4/1/2025,2025,4,B165,2,9,10.22,11.27
4/1/2025,2025,4,B166,1,33,175,199
4/1/2025,2025,4,B168,1,4,4,5
4/1/2025,2025,4,B169,1,75,73,67
4/1/2025,2025,4,B170,1,2,6.38,6.05
4/1/2025,2025,4,B171,3,136,217,186
4/1/2025,2025,4,B175,9,196,193.3,221.43
4/1/2025,2025,4,B178,1,2,1,2
4/1/2025,2025,4,B185,2,2,2,3
4/1/2025,2025,4,B188,1,3,3,4
4/1/2025,2025,4,B189,1,1,2,3
4/1/2025,2025,4,B191,1,1,49,41
4/1/2025,2025,4,B192,16,1077,180.72,190.77
4/1/2025,2025,4,B205,16,1079,6308.54,5584.22
4/1/2025,2025,4,B207,1,130,124,104
4/1/2025,2025,4,B209,1,2,2,3
4/1/2025,2025,4,B215,2,24,25,29
4/1/2025,2025,4,B225,1,2,2,3
4/1/2025,2025,4,B227,1,1,6,7
4/1/2025,2025,4,B229,2,135,654.45,574.42
4/1/2025,2025,4,B237,16,734,135.18,155.55
4/1/2025,2025,4,B239,15,927,680.79,560.24
4/1/2025,2025,4,B241,16,685,785.33,858.36
4/1/2025,2025,4,B242,7,373,135.78,111.47
4/1/2025,2025,4,B255,9,109,64.39,74.44
4/1/2025,2025,4,B259,7,325,13367,15414
4/1/2025,2025,4,B260,8,343,345,372
4/1/2025,2025,4,B261,4,5,5,6
4/1/2025,2025,4,B262,4,65,114.42,123.16
4/1/2025,2025,4,B263,9,319,160.94,186.86
4/1/2025,2025,4,B264,7,313,153.55,178.54
4/1/2025,2025,4,B265,15,463,316.9,334.17
4/1/2025,2025,4,B266,4,30,403,473
4/1/2025,2025,4,B268,4,391,163,137
4/1/2025,2025,4,B269,8,353,218,202
4/1/2025,2025,4,B271,1,1,3.37,3.55
4/1/2025,2025,4,B284,1,3,3,2
4/1/2025,2025,4,B300,1,5,72,64
4/1/2025,2025,4,B301,1,75,188,175
4/1/2025,2025,4,B302,1,4,19,17
4/1/2025,2025,4,B303,2,2,5,6
4/1/2025,2025,4,B304,1,9,8,9
4/1/2025,2025,4,B305,3,19,26,29
4/1/2025,2025,4,B309,4,5,5,6
4/1/2025,2025,4,B312,3,6,30,33
4/1/2025,2025,4,B314,2,77,95,110
4/1/2025,2025,4,B319,16,998,322.9,352.72
4/1/2025,2025,4,B320,10,349,163,144.85
4/1/2025,2025,4,B321,10,349,4835,4087
4/1/2025,2025,4,B322,9,344,12285,14207
4/1/2025,2025,4,B323,1,130,128,114
4/1/2025,2025,4,B325,1,75,96,109
4/1/2025,2025,4,B351,1,3,32,27
4/1/2025,2025,4,B352,2,6,7.16,8.38
4/1/2025,2025,4,B356,1,2,1,2
4/1/2025,2025,4,B357,1,1,1,1
4/1/2025,2025,4,B359,1,26,136,122
4/1/2025,2025,4,B372,8,305,911.19,962.5
4/1/2025,2025,4,B375,3,31,73.76,77.74
4/1/2025,2025,4,B376,1,295,656.19,750.43
4/1/2025,2025,4,B377,16,1079,225.57,237.75
4/1/2025,2025,4,B380,1,265,168.51,152.59
4/1/2025,2025,4,B381,14,1009,448.12,417.28
4/1/2025,2025,4,B387,1,79,84,91
4/1/2025,2025,4,B490,1,1,1.91,2.09
4/1/2025,2025,4,B494,1,130,128,139
4/1/2025,2025,4,B507,1,1,0.42,0.48
4/1/2025,2025,4,B508,1,12,11.07,11.94
